# https://github.com/mikedh/trimesh
v 0.00000100 15.36440000 -1.47466000
v 0.00000200 15.37350000 -1.37664000
v 0.09423500 15.37090000 -1.42443000
v 0.08156100 15.37830000 -1.33713000
v 0.00000000 15.38200000 -1.27856000
v 0.07412300 15.38390000 -1.26899000
v 0.18037900 15.37980000 -1.37917000
v 0.15286900 15.38390000 -1.31095000
v 0.12882100 15.38620000 -1.26760000
v 0.00000100 15.38980000 -1.18042000
v 0.08942000 15.39170000 -1.17687000
v 0.17519500 15.39530000 -1.18970000
v 0.26660700 15.39150000 -1.33440000
v 0.22024200 15.39320000 -1.26004000
v 0.00000000 15.39700000 -1.08223000
v 0.00000100 15.40360000 -0.98397800
v 0.00000000 15.40960000 -0.88568400
v 0.00000100 15.41490000 -0.78735200
v 0.00000000 15.41960000 -0.68898600
v 0.00000100 15.42370000 -0.59059400
v 0.00000000 15.42710000 -0.49218000
v 0.00000100 15.43000000 -0.39375200
v 0.00000000 15.43220000 -0.29531400
v 0.00000100 15.43370000 -0.19687400
v 0.00000000 15.43470000 -0.09843600
v 0.00000100 15.43500000 -0.00000800
v 0.09272500 15.39960000 -1.07053000
v 0.17967600 15.40520000 -1.05776000
v 0.29650600 15.41190000 -1.12157000
v 0.31926500 15.40860000 -1.20263000
v 0.27710400 15.41540000 -1.03904000
v 0.35254700 15.40610000 -1.29010000
v 0.09487700 15.40540000 -0.98408600
v 0.09643000 15.41140000 -0.88579700
v 0.09732200 15.41680000 -0.78745800
v 0.09782500 15.42150000 -0.68908400
v 0.09810800 15.42560000 -0.59068100
v 0.09826500 15.42910000 -0.49225600
v 0.09835100 15.43190000 -0.39381700
v 0.09839600 15.43410000 -0.29536800
v 0.09841900 15.43570000 -0.19691600
v 0.09740500 15.43660000 -0.09846000
v 0.09381700 15.43680000 0.00000000
v 0.17953500 15.41060000 -0.97651400
v 0.26945500 15.41920000 -0.96750700
v 0.36451900 15.42370000 -1.08312000
v 0.39453400 15.42280000 -1.15916000
v 0.34482300 15.42520000 -1.02020000
v 0.43832300 15.42340000 -1.24662000
v 0.34449000 15.42910000 -0.95782200
v 0.18845600 15.41660000 -0.88719800
v 0.19217600 15.42230000 -0.78841100
v 0.19427200 15.42710000 -0.68973000
v 0.19542000 15.43130000 -0.59112900
v 0.19604000 15.43480000 -0.49257500
v 0.19637200 15.43770000 -0.39404500
v 0.19654500 15.43990000 -0.29552900
v 0.19485400 15.44130000 -0.19650400
v 0.18758900 15.44170000 -0.09618800
v 0.18744500 15.44200000 0.00000000
v 0.27560400 15.42500000 -0.88220400
v 0.35070800 15.43500000 -0.87400200
v 0.38519700 15.43190000 -1.00926000
v 0.42305500 15.43540000 -1.05024000
v 0.47590700 15.43980000 -1.12434000
v 0.52361000 15.44360000 -1.20413000
v 0.40228800 15.43770000 -0.96009200
v 0.41640500 15.44540000 -0.86992900
v 0.28214600 15.43070000 -0.79135900
v 0.28791000 15.43610000 -0.69166700
v 0.29122300 15.44070000 -0.59236000
v 0.29297400 15.44440000 -0.49336300
v 0.29387000 15.44730000 -0.39455600
v 0.29237300 15.44930000 -0.29497400
v 0.28375200 15.45000000 -0.19213900
v 0.28079100 15.45050000 -0.09507200
v 0.28078900 15.45080000 0.00000000
v 0.36140700 15.44130000 -0.78621500
v 0.43089300 15.45260000 -0.78260600
v 0.48099400 15.45040000 -0.98344200
v 0.55490100 15.45960000 -1.08057000
v 0.60891700 15.46670000 -1.16237000
v 0.49631700 15.46070000 -0.86230500
v 0.50102600 15.46620000 -0.77670000
v 0.37570500 15.44790000 -0.69207600
v 0.37692800 15.45180000 -0.60235000
v 0.38765500 15.45730000 -0.49506600
v 0.39014400 15.46060000 -0.39461600
v 0.38856200 15.46270000 -0.29045000
v 0.37427400 15.46200000 -0.18965900
v 0.37373400 15.46280000 -0.09449600
v 0.37372400 15.46310000 0.00000000
v 0.46612200 15.47880000 0.00000000
v 0.44082800 15.45810000 -0.70478100
v 0.50235900 15.46960000 -0.71317700
v 0.61283900 15.48260000 -0.94333800
v 0.65401500 15.48760000 -1.03324000
v 0.58480500 15.48120000 -0.84700200
v 0.69404700 15.49270000 -1.12172000
v 0.56467400 15.48050000 -0.77015500
v 0.54995400 15.47930000 -0.72422900
v 0.45296300 15.46420000 -0.61381000
v 0.47304400 15.47180000 -0.50779000
v 0.48330800 15.47710000 -0.39553600
v 0.47420200 15.47780000 -0.28512400
v 0.46657900 15.47780000 -0.18862000
v 0.46614000 15.47850000 -0.09417800
v 0.55749600 15.49790000 0.00000000
v 0.55752200 15.49770000 -0.09385900
v 0.52279900 15.47710000 -0.63807200
v 0.58596700 15.49000000 -0.67370900
v 0.69695200 15.50790000 -0.90188200
v 0.73731200 15.51440000 -0.99339300
v 0.66684000 15.50440000 -0.81117600
v 0.77625900 15.52080000 -1.08348000
v 0.63215100 15.49890000 -0.73267800
v 0.55034700 15.48720000 -0.53045500
v 0.56661400 15.49470000 -0.40696500
v 0.56125900 15.49630000 -0.28171400
v 0.55786300 15.49690000 -0.18785500
v 0.64842800 15.52060000 0.00000000
v 0.64846200 15.52030000 -0.09378900
v 0.64867700 15.51950000 -0.18761700
v 0.65569000 15.51200000 -0.57092500
v 0.71369800 15.52430000 -0.67730500
v 0.78450200 15.53740000 -0.86182100
v 0.82274800 15.54500000 -0.95468000
v 0.75443800 15.53250000 -0.76973100
v 0.86004400 15.55250000 -1.04567000
v 0.65824800 15.51750000 -0.42001000
v 0.65117200 15.51860000 -0.29078400
v 0.73847500 15.54660000 0.00000000
v 0.73851600 15.54630000 -0.09377700
v 0.73872100 15.54550000 -0.18756600
v 0.73910200 15.54420000 -0.28077700
v 0.75135200 15.54540000 -0.40131700
v 0.77706800 15.55010000 -0.51961300
v 0.80390400 15.55550000 -0.61772600
v 0.83482200 15.56160000 -0.72670700
v 0.87246800 15.57040000 -0.82360800
v 0.90858200 15.57890000 -0.91750400
v 0.94381300 15.58740000 -1.00923000
v 0.82750200 15.57590000 0.00000000
v 0.82755000 15.57570000 -0.09378100
v 0.82792700 15.57490000 -0.18757100
v 0.82860300 15.57380000 -0.28108100
v 0.83691200 15.57430000 -0.39231800
v 0.91455800 15.60830000 0.00000000
v 0.85581500 15.57840000 -0.48863300
v 0.88458800 15.58650000 -0.56613100
v 0.92388900 15.59680000 -0.68826200
v 0.95995100 15.60680000 -0.78722600
v 0.99404200 15.61620000 -0.88222400
v 1.02705000 15.62530000 -0.97474500
v 0.91461400 15.60800000 -0.09346000
v 0.91497400 15.60730000 -0.18698500
v 0.91564700 15.60620000 -0.28040200
v 0.91549000 15.60390000 -0.38464700
v 0.91680700 15.60220000 -0.46521900
v 1.00111000 15.64420000 0.00000000
v 1.00118000 15.64400000 -0.09354400
v 0.97444200 15.62450000 -0.50757100
v 1.01462000 15.63660000 -0.65062900
v 1.04655000 15.64650000 -0.75241800
v 1.07830000 15.65650000 -0.84881500
v 1.10900000 15.66610000 -0.94242600
v 1.00137000 15.64320000 -0.18707100
v 1.00172000 15.64190000 -0.28043400
v 0.99388200 15.63640000 -0.38081600
v 1.08627000 15.68330000 0.00000000
v 1.08634000 15.68310000 -0.09363200
v 1.08653000 15.68230000 -0.18725000
v 1.09258000 15.67820000 -0.50683500
v 1.10680000 15.68120000 -0.61634500
v 1.08721000 15.67930000 -0.37426000
v 1.13400000 15.69050000 -0.72017600
v 1.16281000 15.70060000 -0.81777100
v 1.19081000 15.71040000 -0.91221600
v 1.08684000 15.68110000 -0.28074900
v 1.17006000 15.72570000 0.00000000
v 1.17014000 15.72550000 -0.09375900
v 1.17038000 15.72480000 -0.18750900
v 1.17078000 15.72360000 -0.28120800
v 1.18778000 15.72740000 -0.49473800
v 1.20401000 15.73330000 -0.58154300
v 1.17128000 15.72190000 -0.37493400
v 1.22119000 15.73840000 -0.69089900
v 1.24668000 15.74830000 -0.78944800
v 1.27168000 15.75780000 -0.88461900
v 1.25204000 15.77110000 0.00000000
v 1.25212000 15.77090000 -0.09377000
v 1.25241000 15.77020000 -0.18755900
v 1.25290000 15.76910000 -0.28136000
v 1.26055000 15.77150000 -0.38041100
v 1.27225000 15.77610000 -0.46404600
v 1.28748000 15.78280000 -0.54067100
v 1.30847000 15.79070000 -0.66554700
v 1.33003000 15.79970000 -0.76445900
v 1.35173000 15.80860000 -0.85997500
v 1.33242000 15.81970000 0.00000000
v 1.33251000 15.81940000 -0.09383900
v 1.33286000 15.81880000 -0.18768700
v 1.33346000 15.81780000 -0.28157600
v 1.32943000 15.81320000 -0.38164800
v 1.32629000 15.80950000 -0.44606500
v 1.36968000 15.83600000 -0.49019800
v 1.39443000 15.84730000 -0.63516800
v 1.41270000 15.85500000 -0.74344200
v 1.43075000 15.86270000 -0.83857400
v 1.41061000 15.87100000 0.00000000
v 1.41069000 15.87080000 -0.09374100
v 1.41108000 15.87020000 -0.18751900
v 1.41177000 15.86930000 -0.28137100
v 1.39534000 15.85600000 -0.38313700
v 1.48137000 15.91290000 -0.51353500
v 1.48157000 15.90880000 -0.63079500
v 1.48227000 15.91710000 -0.38657500
v 1.49433000 15.91420000 -0.72719000
v 1.50847000 15.92020000 -0.82097200
v 1.48697000 15.92530000 0.00000000
v 1.48706000 15.92510000 -0.09373900
v 1.48745000 15.92460000 -0.18749200
v 1.48814000 15.92370000 -0.28129300
v 1.55466000 15.96930000 -0.50164600
v 1.56045000 15.96980000 -0.61938000
v 1.55778000 15.97510000 -0.38270100
v 1.57320000 15.97600000 -0.71543300
v 1.56223000 15.98080000 -0.28108700
v 1.58433000 15.98070000 -0.80770600
v 1.56108000 15.98230000 0.00000000
v 1.56118000 15.98210000 -0.09366700
v 1.56156000 15.98160000 -0.18735800
v 1.63317000 16.04220000 0.00000000
v 1.70300000 16.10479900 0.00000000
v 1.77056000 16.17000000 0.00000000
v 1.83568000 16.23790000 0.00000000
v 1.90328000 16.31399900 0.00000000
v 1.62949000 16.03160100 -0.48806900
v 1.63529000 16.03280100 -0.59969000
v 1.63506000 16.03940000 -0.37463000
v 1.64170000 16.03420100 -0.70276300
v 1.63420000 16.04060000 -0.28109000
v 1.65252000 16.03920000 -0.79738300
v 1.63361000 16.04150000 -0.18739300
v 1.63327000 16.04200000 -0.09369500
v 1.70310000 16.10460100 -0.09373900
v 1.77066000 16.16990100 -0.09383300
v 1.83578000 16.23770000 -0.09395000
v 1.90328000 16.31380100 -0.09402600
v 1.70467000 16.09930000 -0.47706200
v 1.70386000 16.09490000 -0.58462100
v 1.70650000 16.10370100 -0.37416900
v 1.70747000 16.09420000 -0.68822800
v 1.70401000 16.10320100 -0.28122800
v 1.71865000 16.10020100 -0.78662600
v 1.70342000 16.10409900 -0.18748000
v 1.77095000 16.16930000 -0.18753900
v 1.83782000 16.23910000 -0.18722800
v 1.90328000 16.31300000 -0.18805500
v 1.77562000 16.16840000 -0.46659600
v 1.77469000 16.16990100 -0.37382100
v 1.77590000 16.16530000 -0.57063900
v 1.77780000 16.16320000 -0.67468600
v 1.77306000 16.17009900 -0.28133900
v 1.78261000 16.16360100 -0.77545100
v 1.83923000 16.23930000 -0.28082800
v 1.90328000 16.31160000 -0.28207900
v 1.84052000 16.23640100 -0.46805100
v 1.84007000 16.23830000 -0.37444400
v 1.84077000 16.23370000 -0.56163800
v 1.84308000 16.23230000 -0.66501100
v 1.84414000 16.22909900 -0.76390900
v 1.90328000 16.30970000 -0.37609600
v 1.90328000 16.30730100 -0.47010100
v 1.90328000 16.30430000 -0.56408900
v 1.90328000 16.30080000 -0.65805400
v 1.90328000 16.29670000 -0.75199300
v 3.36070918 15.46727627 -1.15602001
v 3.28722609 15.43144000 -1.22809079
v 3.26757474 15.46957962 -1.15920620
v 3.24527479 15.44588635 -1.20470742
v 3.21644003 15.40198469 -1.30594754
v 3.14772931 15.38008146 -1.38759658
v 3.08001823 15.36420979 -1.47452813
v 3.21021000 15.98070000 -0.80770600
v 3.15851269 15.43267748 -1.22745911
v 3.17225000 15.46880977 -1.15891362
v 3.02033476 15.39095865 -1.35053766
v 2.98078868 15.36672597 -1.47502426
v 3.16931000 15.89660000 -0.82758700
v 3.10859000 15.98070000 -0.80770600
v 3.10848000 15.92370000 -0.82006700
v 3.07692000 15.46879852 -1.15890946
v 3.12203000 15.81840000 -0.85573400
v 3.04302996 15.44210433 -1.20707189
v 2.95866994 15.41670539 -1.26166202
v 2.88143999 15.36440202 -1.47466026
v 2.86843996 15.38200691 -1.36972158
v 2.84356999 15.40580999 -1.29092374
v 3.03428000 15.88200000 -0.83212800
v 3.00698000 15.98070000 -0.80770600
v 2.98159026 15.46877649 -1.15890214
v 2.99075000 15.45020000 -1.19153000
v 3.07055000 15.74590000 -0.89113200
v 2.97116000 15.77460000 -0.87596900
v 2.92010998 15.44139308 -1.20833662
v 2.83001234 15.43824623 -1.22923009
v 2.78208000 15.36440000 -1.47466000
v 2.77733000 15.38310000 -1.36532000
v 2.77855000 15.40540000 -1.29207000
v 2.78248980 15.42343632 -1.24662696
v 2.90536000 15.98070000 -0.80770600
v 2.88685000 15.88450000 -0.83130900
v 2.85995000 15.79170000 -0.86765200
v 2.88626655 15.46219566 -1.15667426
v 3.01638000 15.67910000 -0.93309200
v 2.92286000 15.70550000 -0.91537500
v 2.83424000 15.72720000 -0.90192500
v 2.96045000 15.61810000 -0.98102600
v 2.79029844 15.46264246 -1.15554177
v 2.73512695 15.44384455 -1.21939990
v 2.68272000 15.36440000 -1.47466000
v 2.68488000 15.38560000 -1.35555000
v 2.70390010 15.41241636 -1.27335681
v 2.80374000 15.98070000 -0.80770600
v 2.79477000 15.88640000 -0.83071800
v 2.78181000 15.79950000 -0.86403300
v 2.77155000 15.73720000 -0.89608000
v 2.88084000 15.65400000 -0.95161100
v 2.81022000 15.68010000 -0.93240400
v 2.76912000 15.70090000 -0.91831700
v 2.90297028 15.56066535 -1.03113851
v 2.82568907 15.59776806 -0.99907364
v 2.84681735 15.50864036 -1.08882564
v 2.71813172 15.50943408 -1.11259946
v 2.76983947 15.54691724 -1.05352030
v 2.65874939 15.46272740 -1.16912615
v 2.60705000 15.42840000 -1.23544000
v 2.58336000 15.36440000 -1.47466000
v 2.56094000 15.39270000 -1.33054000
v 2.70213000 15.98070000 -0.80770600
v 2.70213000 15.88220000 -0.83204900
v 2.70215000 15.80210000 -0.86283900
v 2.69881000 15.72690000 -0.90209600
v 2.71349000 15.67390000 -0.93681100
v 2.75873000 15.63330000 -0.96811000
v 2.70017006 15.57991121 -1.01676112
v 2.63717988 15.52991144 -1.07216965
v 2.58162000 15.48790000 -1.12879000
v 2.52944000 15.44820000 -1.19527000
v 2.48423000 15.41720000 -1.26136000
v 2.48400000 15.36440000 -1.47466000
v 2.46976000 15.38310000 -1.36545000
v 2.44515000 15.39880000 -1.31114000
v 2.60051000 15.98070000 -0.80770600
v 2.60051000 15.88230000 -0.83201700
v 2.60036000 15.78830000 -0.86925900
v 2.60970000 15.71040000 -0.91227100
v 2.61536000 15.63660000 -0.96538500
v 2.54787000 15.56030000 -1.03708000
v 2.49905000 15.51100000 -1.09633000
v 2.44779000 15.46900000 -1.15847000
v 2.40115000 15.43080000 -1.23027000
v 2.38379000 15.40100000 -1.30462000
v 2.38464000 15.36440000 -1.47466000
v 2.38462000 15.38150000 -1.37190000
v 2.49889000 15.98070000 -0.80770600
v 2.49889000 15.88250000 -0.83196000
v 2.49864000 15.78890000 -0.86897700
v 2.49188000 15.71210000 -0.91115100
v 2.47942000 15.64570000 -0.95805700
v 2.45327000 15.58830000 -1.00839000
v 2.41637000 15.54620000 -1.05279000
v 2.28528000 15.36440000 -1.47466000
v 2.39727000 15.98070000 -0.80770600
v 2.29566000 15.98070000 -0.80770600
v 2.19404000 15.98070000 -0.80770600
v 2.09242000 15.98070000 -0.80770600
v 1.99081000 15.98070000 -0.80770600
v 2.36574000 15.49690000 -1.11573000
v 2.32013000 15.44430000 -1.20273000
v 2.29189000 15.40400000 -1.29580000
v 2.28527000 15.38100000 -1.37396000
v 2.39727000 15.88280000 -0.83185900
v 2.39682000 15.79000000 -0.86846100
v 2.38687000 15.70960000 -0.91276200
v 2.38926000 15.64540000 -0.95827500
v 2.39910000 15.60210000 -0.99530600
v 2.35387000 15.57310000 -1.02358000
v 2.27853000 15.51550000 -1.09031000
v 2.18592000 15.36440000 -1.47466000
v 2.18592000 15.38080000 -1.37512000
v 2.29566000 15.88340000 -0.83167800
v 2.19405000 15.88440000 -0.83136000
v 2.09244000 15.88610000 -0.83081100
v 1.99088000 15.88890000 -0.82993900
v 1.88919000 15.98070000 -0.80770600
v 1.89554000 15.89170000 -0.82907700
v 2.20297000 15.46560000 -1.16428000
v 2.18380000 15.40670000 -1.28832000
v 2.29488000 15.79200000 -0.86753100
v 2.29206000 15.70590000 -0.91510900
v 2.29281000 15.61670000 -0.98217800
v 2.20439000 15.53210000 -1.06938000
v 2.16756000 15.49730000 -1.11512000
v 2.08656000 15.36440000 -1.47466000
v 2.08656000 15.38060000 -1.37577000
v 2.08022000 15.40680000 -1.28818000
v 2.19276000 15.79530000 -0.86595600
v 2.09486000 15.79960000 -0.86398100
v 1.98761000 15.80500000 -0.86157500
v 1.89667000 15.80790000 -0.86027800
v 1.78757000 15.98070000 -0.80770600
v 1.80335000 15.89460000 -0.82821200
v 1.81211000 15.81630000 -0.85659500
v 2.09618000 15.45830000 -1.17678000
v 2.10392000 15.49790000 -1.11433000
v 2.17941000 15.71270000 -0.91078100
v 2.16210000 15.63020000 -0.97068800
v 2.11980000 15.54550000 -1.05367000
v 1.98720000 15.36440000 -1.47466000
v 1.98720000 15.38050000 -1.37613000
v 1.98557000 15.40750000 -1.28634000
v 1.99050000 15.45640000 -1.18025000
v 2.07585000 15.72330000 -0.90424300
v 1.97290000 15.73250000 -0.89879800
v 1.88063000 15.74850000 -0.88973500
v 1.80667000 15.76680000 -0.87992700
v 1.68596000 15.98070000 -0.80770600
v 1.72311000 15.88020000 -0.83270800
v 1.75171000 15.81060000 -0.85906700
v 1.76493000 15.77570000 -0.87540300
v 1.99439000 15.49760000 -1.11470000
v 1.99775000 15.55340000 -1.04467000
v 2.04637000 15.64710000 -0.95697300
v 1.88784000 15.36440000 -1.47466000
v 1.88784000 15.38050000 -1.37634000
v 1.88767000 15.40810000 -1.28462000
v 1.88932000 15.45070000 -1.19066000
v 1.88768000 15.49640000 -1.11647000
v 1.94550000 15.66280000 -0.94493900
v 1.85367000 15.68990000 -0.92563800
v 1.78551000 15.72110000 -0.90557900
v 1.73528000 15.75200000 -0.88776700
v 1.64587000 15.86320000 -0.83842100
v 1.69665000 15.79090000 -0.86802400
v 1.87524000 15.56050000 -1.03685000
v 1.78848000 15.36440000 -1.47466000
v 1.78848000 15.38050000 -1.37645000
v 1.78839000 15.40860000 -1.28333000
v 1.78951000 15.45050000 -1.19096000
v 1.79487000 15.49530000 -1.11803000
v 1.79975000 15.53430000 -1.06680000
v 1.79866000 15.61690000 -0.98197800
v 1.73793000 15.66270000 -0.94505300
v 1.68144000 15.71000000 -0.91251500
v 1.63259000 15.75970000 -0.88366400
v 1.57068000 15.82950000 -0.85112200
v 1.74688000 15.56080000 -1.03664000
v 1.68912000 15.36440000 -1.47466000
v 1.68912000 15.38040000 -1.37652000
v 1.68907000 15.40890000 -1.28255000
v 1.68973000 15.45050000 -1.19097000
v 1.70719000 15.51040000 -1.09713000
v 1.67254000 15.59950000 -0.99776000
v 1.60948000 15.65060000 -0.95422900
v 1.54890000 15.71770000 -0.90765700
v 1.48859000 15.78850000 -0.86915800
v 1.59555000 15.53070000 -1.07115000
v 1.58976000 15.36440000 -1.47466000
v 1.58976000 15.38040000 -1.37655000
v 1.58973000 15.40900000 -1.28210000
v 1.59011000 15.45050000 -1.19097000
v 1.52483000 15.60460000 -0.99309900
v 1.46647000 15.66790000 -0.94116400
v 1.40805000 15.73610000 -0.89668200
v 1.46980000 15.50240000 -1.10790000
v 1.42915000 15.56210000 -1.03517000
v 1.49060000 15.45050000 -1.19099000
v 1.49040000 15.36440000 -1.47466000
v 1.49040000 15.38040000 -1.37657000
v 1.49038000 15.40910000 -1.28185000
v 1.38354000 15.62240000 -0.97727600
v 1.32689000 15.68760000 -0.92720400
v 1.38562000 15.48780000 -1.12892000
v 1.35213000 15.52710000 -1.07552000
v 1.39431000 15.44750000 -1.19658000
v 1.29938000 15.58110000 -1.01556000
v 1.39103000 15.40920000 -1.28171000
v 1.39104000 15.36440000 -1.47466000
v 1.39104000 15.38040000 -1.37658000
v 1.24447000 15.64280000 -0.96034700
v 1.32165000 15.47790000 -1.14413000
v 1.27820000 15.50290000 -1.10728000
v 1.30505000 15.44690000 -1.19775000
v 1.22062000 15.54900000 -1.04966000
v 1.29167000 15.40920000 -1.28162000
v 1.16142000 15.60160000 -0.99577400
v 1.29168000 15.38040000 -1.37659000
v 1.29168000 15.36440000 -1.47466000
v 1.20692000 15.46280000 -1.16892000
v 1.13025000 15.51820000 -1.08681000
v 1.19232000 15.40920000 -1.28158000
v 1.07697000 15.56390000 -1.03328000
v 1.19232000 15.38040000 -1.37659000
v 1.19232000 15.36440000 -1.47466000
v 1.08288000 15.40850000 -1.28365000
v 1.07433000 15.44470000 -1.20186000
v 1.03573000 15.48550000 -1.13240000
v 0.99263300 15.52970000 -1.07229000
v 1.09296000 15.38040000 -1.37660000
v 1.09296000 15.36440000 -1.47466000
v 0.99360000 15.38040000 -1.37659000
v 1.00085000 15.40850000 -1.28355000
v 0.98919400 15.43350000 -1.22455000
v 0.95378300 15.46430000 -1.16648000
v 0.90792100 15.49900000 -1.11270000
v 0.99360000 15.36440000 -1.47466000
v 0.89424000 15.36440000 -1.47466000
v 0.90943400 15.38030000 -1.37722000
v 0.92173600 15.40580000 -1.29089000
v 0.93556200 15.42660000 -1.23952000
v 0.89126200 15.44430000 -1.20269000
v 0.83380000 15.47750000 -1.14482000
v 0.79488000 15.36440000 -1.47466000
v 0.80705100 15.37940000 -1.38089000
v 0.82439800 15.41510000 -1.26652000
v 0.74480500 15.45300000 -1.18636000
v 0.69552000 15.36440000 -1.47466000
v 0.70039800 15.37860000 -1.38450000
v 0.69124200 15.40200000 -1.30173000
v 0.65632100 15.43030000 -1.23127000
v 0.59616000 15.36440000 -1.47466000
v 0.60508800 15.37910000 -1.38239000
v 0.62292400 15.39680000 -1.31723000
v 0.57599800 15.41270000 -1.27247000
v 0.49680100 15.36440000 -1.47466000
v 0.50324500 15.38730000 -1.34923000
v 0.39744100 15.36440000 -1.47466000
v 0.37528300 15.37940000 -1.38117000
v 0.29808100 15.36440000 -1.47466000
v 0.28817300 15.37460000 -1.40409000
v 0.19872100 15.36440000 -1.47466000
v 0.19930400 15.37090000 -1.42461000
v 0.09936100 15.36440000 -1.47466000
v 0.13111800 15.36770000 -1.44586000
v 2.27092019 12.63100746 -2.22133296
v 2.17792539 12.60523260 -2.22286275
v 2.07781998 12.59631553 -2.22826431
v 1.97813689 12.59627360 -2.22825720
v 1.87822039 12.59817874 -2.22738037
v 1.77854484 12.59707806 -2.23028031
v 1.67798942 12.59632813 -2.22893686
v 1.57844250 12.60408885 -2.22378720
v 1.48564101 12.63267704 -2.22106902
v 1.40721563 12.68437373 -2.22860211
v 2.34827529 12.68443380 -2.23119130
v 2.29315441 12.73110489 -2.25370500
v 2.23229388 12.71454287 -2.23322165
v 2.16056524 12.69321652 -2.24785214
v 2.07071239 12.69078084 -2.22857119
v 1.97514208 12.68882591 -2.24460134
v 1.87386349 12.69229065 -2.24592188
v 1.77822022 12.69699677 -2.23885320
v 1.68915096 12.70191633 -2.24972061
v 1.60740472 12.71411680 -2.23121439
v 1.35376961 12.76150164 -2.24531229
v 1.52284035 12.72847558 -2.25522634
v 1.45430728 12.76250996 -2.24136323
v 1.40381564 12.78732449 -2.26234070
v 3.18640000 14.89520000 -2.62643000
v 3.18640000 14.08280000 -2.48317000
v 3.18640000 14.18430000 -2.50108000
v 3.18640000 14.79370000 -2.60852000
v 3.18640000 14.28590000 -2.51898000
v 3.18640000 14.69210000 -2.59061000
v 3.18640000 14.38740000 -2.53689000
v 3.18640000 14.59050000 -2.57271000
v 3.18640000 14.48900000 -2.55480000
v 2.40354740 12.76026284 -2.24485671
v 2.30702734 12.79142359 -2.24536505
v 2.22108007 12.78010039 -2.25347803
v 2.14518005 12.77999891 -2.25346630
v 2.05915997 12.78010023 -2.25347879
v 1.97065001 12.78409760 -2.25419504
v 1.87783000 12.78719875 -2.25473757
v 1.78328994 12.78169859 -2.25376836
v 1.70254021 12.77759837 -2.25304103
v 1.63332987 12.79810100 -2.25664440
v 1.32656422 12.85128435 -2.26738774
v 1.54417998 12.82000270 -2.26050466
v 1.40311041 12.85520581 -2.25833407
v 1.47056312 12.84211871 -2.26601647
v 3.08890000 14.89520000 -2.62643000
v 3.08970000 14.08280000 -2.48317000
v 3.08679000 14.79360000 -2.60852000
v 3.08968000 14.18190000 -2.50066000
v 3.08486000 14.28590000 -2.51898000
v 3.08530000 14.69210000 -2.59061000
v 3.08363000 14.38740000 -2.53689000
v 3.08442000 14.59050000 -2.57271000
v 3.08391000 14.48900000 -2.55480000
v 2.42953609 12.85126977 -2.26767818
v 2.31370463 12.86788173 -2.28067719
v 2.20919998 12.86770030 -2.26890807
v 2.13123000 12.86630000 -2.26868000
v 2.05031000 12.85530000 -2.26674000
v 1.96438000 12.86390000 -2.26825000
v 1.77332000 12.85210000 -2.26618000
v 1.87211000 12.87530000 -2.27027000
v 1.70911000 12.82860000 -2.26202000
v 1.65646000 12.86220000 -2.26794000
v 1.32185270 12.95465779 -2.29228645
v 1.56686000 12.90209995 -2.27499029
v 1.40837772 12.94255348 -2.29235605
v 1.48563004 12.92759968 -2.27948127
v 2.99140000 14.89520000 -2.62643000
v 2.99300000 14.08280000 -2.48317000
v 2.99141000 14.79760000 -2.60921000
v 2.99299000 14.18030000 -2.50036000
v 2.98671000 14.69320000 -2.59081000
v 2.99152000 14.28070000 -2.51807000
v 2.98320000 14.38700000 -2.53681000
v 2.98377000 14.59120000 -2.57282000
v 2.98210000 14.48940000 -2.55487000
v 2.70290000 13.24080000 -2.33471000
v 2.70290000 13.33430000 -2.35121000
v 2.31697110 12.96796632 -2.27533357
v 2.43545715 12.96423062 -2.29661036
v 2.21197839 12.96841174 -2.28660313
v 2.12809000 12.96630000 -2.28631000
v 2.04950000 12.95770000 -2.28480000
v 1.95673000 12.95570000 -2.28444000
v 1.86701000 12.96330000 -2.28579000
v 1.72820000 12.93870000 -2.28144000
v 1.32108491 13.05900680 -2.30945158
v 1.59517000 12.99850000 -2.29198000
v 1.41468497 13.04805723 -2.29305496
v 1.50066002 13.02829869 -2.29724740
v 2.89390000 14.89520000 -2.62643000
v 2.89630000 14.08280000 -2.48317000
v 2.89390000 14.79840000 -2.60935000
v 2.89630000 14.17930000 -2.50019000
v 2.89382000 14.69910000 -2.59185000
v 2.89548000 14.27730000 -2.51748000
v 2.88675000 14.59330000 -2.57319000
v 2.89123000 14.37900000 -2.53541000
v 2.88398000 14.48960000 -2.55491000
v 2.79960000 14.08280000 -2.48317000
v 2.70290000 13.42790000 -2.36770000
v 2.61111104 13.22636947 -2.33195678
v 2.61068000 13.32460000 -2.34947999
v 2.60788000 13.42790000 -2.36770000
v 2.51907973 13.21360368 -2.32752538
v 2.43374235 13.07947368 -2.31538599
v 2.22115095 13.07251597 -2.30496549
v 2.31932624 13.07861993 -2.31688268
v 2.12485000 13.05980000 -2.30280000
v 2.04835000 13.04940000 -2.30096000
v 1.96853000 13.06170000 -2.30314000
v 1.87127000 13.06830000 -2.30430000
v 1.74979000 13.09680000 -2.30931000
v 1.32637578 13.16424371 -2.32252792
v 1.62541000 13.12350000 -2.31403000
v 1.42451154 13.16458204 -2.32136867
v 1.51612003 13.14450101 -2.31772436
v 2.69890000 15.20050000 -2.68026000
v 2.69890000 15.09870000 -2.66232000
v 2.69890000 14.99700000 -2.64437000
v 2.79640000 14.89520000 -2.62643000
v 2.70290000 13.52150000 -2.38420000
v 2.79640000 14.79770000 -2.60924000
v 2.79960000 14.17870000 -2.50009000
v 2.79735000 14.69870000 -2.59177000
v 2.79915000 14.27540000 -2.51714000
v 2.79927000 14.59770000 -2.57398000
v 2.79762000 14.37380000 -2.53448000
v 2.79207000 14.47830000 -2.55292000
v 2.70290000 13.61500000 -2.40069000
v 2.70290000 13.70860000 -2.41719000
v 2.70290000 13.80210000 -2.43368000
v 2.70290000 13.89560000 -2.45018000
v 2.70290000 13.98920000 -2.46667000
v 2.70290000 14.17840000 -2.50003000
v 2.70290000 14.08280000 -2.48317000
v 2.60786000 13.52150000 -2.38420000
v 2.51094998 13.31109852 -2.34710807
v 2.50939000 13.41740000 -2.36584000
v 2.51282000 13.52140000 -2.38419000
v 2.41226965 13.29452437 -2.34403318
v 2.42790000 13.19520000 -2.32666000
v 2.31778144 13.17753603 -2.32539052
v 2.11014000 13.13180000 -2.31549000
v 2.21126988 13.16129834 -2.32070983
v 2.05010000 13.10310000 -2.31043000
v 1.99065000 13.13760000 -2.31650000
v 1.88114000 13.17290000 -2.32275000
v 1.75543000 13.20420000 -2.32826000
v 1.32850000 13.26860000 -2.33962000
v 1.63065000 13.23440000 -2.33359000
v 1.42858000 13.26870000 -2.33963000
v 1.52521000 13.25750000 -2.33765000
v 2.60251000 15.20050000 -2.68026000
v 2.69890000 14.89520000 -2.62643000
v 2.60253000 15.10410000 -2.66325000
v 2.59894000 14.99700000 -2.64437000
v 2.59743000 14.89520000 -2.62643000
v 2.50612000 15.20050000 -2.68026000
v 2.40973000 15.20050000 -2.68026000
v 2.69890000 14.79660000 -2.60904000
v 2.60782000 13.61500000 -2.40069000
v 2.70049000 14.69550000 -2.59122000
v 2.70269000 14.27440000 -2.51696000
v 2.70309000 14.59550000 -2.57358000
v 2.70196000 14.37110000 -2.53401000
v 2.69960000 14.47070000 -2.55158000
v 2.60776000 13.70860000 -2.41719000
v 2.60764000 13.80210000 -2.43368000
v 2.60743000 13.89560000 -2.45018000
v 2.60707000 13.98920000 -2.46667000
v 2.60649000 14.08280000 -2.48317000
v 2.60566000 14.27400000 -2.51689000
v 2.60592000 14.17830000 -2.50002000
v 2.51273000 13.61500000 -2.40068000
v 2.40938000 13.41020000 -2.36459000
v 2.41261000 13.52280000 -2.38444000
v 2.41775000 13.61480000 -2.40066000
v 2.30905000 13.40330000 -2.36337000
v 2.31542017 13.27727802 -2.34126769
v 2.19960000 13.26129993 -2.33832040
v 2.05601000 13.22490000 -2.33191000
v 1.88928000 13.29030000 -2.34344000
v 1.75944000 13.31870000 -2.34844000
v 1.32850000 13.37290000 -2.35800000
v 1.63600000 13.34440000 -2.35298000
v 1.43107000 13.37290000 -2.35800000
v 1.52966000 13.36220000 -2.35611000
v 2.50612000 15.10560000 -2.66352000
v 2.59694000 14.79470000 -2.60870000
v 2.50022000 14.91230000 -2.62944000
v 2.50537000 15.00790000 -2.64631000
v 2.49408000 14.79680000 -2.60908000
v 2.40973000 15.10560000 -2.66352000
v 2.31334000 15.20050000 -2.68026000
v 2.31334000 15.10560000 -2.66352000
v 2.59683000 14.69360000 -2.59089000
v 2.51257000 13.70850000 -2.41717000
v 2.59885000 14.59620000 -2.57370000
v 2.60530000 14.37000000 -2.53382000
v 2.59944000 14.48310000 -2.55375000
v 2.51226000 13.80190000 -2.43366000
v 2.51170000 13.89540000 -2.45013000
v 2.51072000 13.98870000 -2.46659000
v 2.47077000 14.37390000 -2.53451000
v 2.50934000 14.08220000 -2.48307000
v 2.49120000 14.27440000 -2.51696000
v 2.50878000 14.17790000 -2.49994000
v 2.41750000 13.70820000 -2.41713000
v 2.31566000 13.53870000 -2.38724000
v 2.32177000 13.62550000 -2.40253000
v 2.32265000 13.70790000 -2.41706000
v 2.21537000 13.56310000 -2.39154000
v 2.19531000 13.41080000 -2.36468000
v 2.06007000 13.42180000 -2.36662000
v 1.89872000 13.43670000 -2.36926000
v 1.76431000 13.45670000 -2.37278000
v 1.32850000 13.47710000 -2.37637000
v 1.63937000 13.47000000 -2.37512000
v 1.43251000 13.47960000 -2.37682000
v 1.53133000 13.47420000 -2.37587000
v 2.40973000 15.01070000 -2.64678000
v 2.49067000 14.69080000 -2.59038000
v 2.40652000 14.81650000 -2.61255000
v 2.40834000 14.91570000 -2.63005000
v 2.39474000 14.71320000 -2.59433000
v 2.21695000 15.20050000 -2.68026000
v 2.31334000 15.01070000 -2.64678000
v 2.21695000 15.10560000 -2.66352000
v 2.21695000 15.01070000 -2.64678000
v 2.48301000 14.60560000 -2.57536000
v 2.41697000 13.80150000 -2.43358000
v 2.44292000 14.47340000 -2.55205000
v 2.41594000 13.89460000 -2.44999000
v 2.39164000 14.43230000 -2.54481000
v 2.41419000 13.98750000 -2.46638000
v 2.39896000 14.37400000 -2.53452000
v 2.41204000 14.08120000 -2.48290000
v 2.41123000 14.27340000 -2.51679000
v 2.41149000 14.17750000 -2.49987000
v 2.32182000 13.80070000 -2.43344000
v 2.23254000 13.64350000 -2.40571000
v 2.23533000 13.71410000 -2.41817000
v 2.24629000 13.81230000 -2.43548000
v 2.17812000 13.66040000 -2.40870000
v 2.11479000 13.60640000 -2.39917000
v 1.90996000 13.58620000 -2.39562000
v 1.76106000 13.58990000 -2.39627000
v 1.32370000 13.57350000 -2.39337000
v 1.63287000 13.58610000 -2.39559000
v 1.42607000 13.58340000 -2.39512000
v 1.52579000 13.58600000 -2.39558000
v 2.12056000 15.20050000 -2.68026000
v 2.02417000 15.20050000 -2.68026000
v 1.92779000 15.20050000 -2.68026000
v 2.31334000 14.91570000 -2.63005000
v 2.38819000 14.62420000 -2.57864000
v 2.31108000 14.72590000 -2.59658000
v 2.31334000 14.82080000 -2.61331000
v 2.30051000 14.62870000 -2.57943000
v 2.12056000 15.10560000 -2.66352000
v 2.21695000 14.91570000 -2.63005000
v 2.12056000 15.01070000 -2.64678000
v 2.12056000 14.91570000 -2.63005000
v 2.36053000 14.51640000 -2.55963000
v 2.32963000 13.89330000 -2.44977000
v 2.34229000 14.45120000 -2.54813000
v 2.31727000 13.98560000 -2.46603000
v 2.32974000 14.37970000 -2.53553000
v 2.31449000 14.07990000 -2.48266000
v 2.31394000 14.27320000 -2.51675000
v 2.31414000 14.17710000 -2.49980000
v 2.25796000 13.89300000 -2.44972000
v 2.16762000 13.72490000 -2.42006000
v 2.17663000 13.82970000 -2.43855000
v 2.20573000 13.89070000 -2.44931000
v 2.07192000 13.72540000 -2.42016000
v 1.88595000 13.71500000 -2.41832000
v 1.74166000 13.70900000 -2.41726000
v 1.30927000 13.66910000 -2.41023000
v 1.61443000 13.70520000 -2.41659000
v 1.41010000 13.68880000 -2.41370000
v 1.51103000 13.69920000 -2.41554000
v 2.02417000 15.10560000 -2.66352000
v 1.92779000 15.10560000 -2.66352000
v 1.83140000 15.20050000 -2.68026000
v 1.83140000 15.10560000 -2.66352000
v 2.21695000 14.82080000 -2.61331000
v 2.28342000 14.54560000 -2.56479000
v 2.21692000 14.63170000 -2.57996000
v 2.21695000 14.72590000 -2.59658000
v 2.20825000 14.55910000 -2.56717000
v 2.02417000 15.01070000 -2.64678000
v 2.12056000 14.82080000 -2.61331000
v 2.02417000 14.91570000 -2.63005000
v 2.02417000 14.82080000 -2.61331000
v 2.27339000 14.47530000 -2.55238000
v 2.23447000 13.97660000 -2.46446000
v 2.24841000 14.38960000 -2.53727000
v 2.21032000 14.07820000 -2.48236000
v 2.21993000 14.28780000 -2.51932000
v 2.20584000 14.17660000 -2.49972000
v 2.16533000 13.95400000 -2.46046000
v 2.08058000 13.87410000 -2.44638000
v 1.87093000 13.85700000 -2.44336000
v 1.71786000 13.83790000 -2.44000000
v 1.28545000 13.76260000 -2.42672000
v 1.58585000 13.82390000 -2.43752000
v 1.37711000 13.78360000 -2.43043000
v 1.48486000 13.81070000 -2.43520000
v 1.73501000 15.20050000 -2.68026000
v 1.92779000 15.01070000 -2.64678000
v 1.83140000 15.01070000 -2.64678000
v 1.73501000 15.10560000 -2.66352000
v 1.73501000 15.01070000 -2.64678000
v 2.12056000 14.72600000 -2.59659000
v 2.18978000 14.48220000 -2.55361000
v 2.12175000 14.56100000 -2.56750000
v 2.12051000 14.63230000 -2.58006000
v 2.11118000 14.49550000 -2.55595000
v 1.92779000 14.91570000 -2.63005000
v 2.02417000 14.72600000 -2.59660000
v 1.92779000 14.82080000 -2.61331000
v 1.92778000 14.72620000 -2.59662000
v 2.16914000 14.40170000 -2.53941000
v 2.12414000 14.06330000 -2.47973000
v 2.14442000 14.31260000 -2.52370000
v 2.12059000 14.19100000 -2.50227000
v 1.99604000 14.03630000 -2.47498000
v 1.83106000 13.99870000 -2.46834000
v 1.68216000 13.96850000 -2.46302000
v 1.25256000 13.85350000 -2.44274000
v 1.54850000 13.94310000 -2.45854000
v 1.34183000 13.88310000 -2.44796000
v 1.44751000 13.91980000 -2.45444000
v 1.63862000 15.20050000 -2.68026000
v 1.63862000 15.10560000 -2.66352000
v 1.83140000 14.91570000 -2.63005000
v 1.73501000 14.91570000 -2.63005000
v 1.63862000 15.01070000 -2.64678000
v 1.63862000 14.91570000 -2.63005000
v 2.02397000 14.64270000 -2.58190000
v 2.09573000 14.42740000 -2.54394000
v 2.03120000 14.50780000 -2.55813000
v 2.02822000 14.57060000 -2.56918000
v 2.03554000 14.45540000 -2.54888000
v 1.83140000 14.82080000 -2.61331000
v 1.92857000 14.65030000 -2.58324000
v 1.83139000 14.72640000 -2.59666000
v 1.82802000 14.65730000 -2.58447000
v 2.05539000 14.35520000 -2.53121000
v 1.97940000 14.22720000 -2.50864000
v 1.78160000 14.13760000 -2.49285000
v 1.63433000 14.09710000 -2.48571000
v 1.21071000 13.94070000 -2.45813000
v 1.50161000 14.05620000 -2.47849000
v 1.29677000 13.97870000 -2.46483000
v 1.39922000 14.02510000 -2.47300000
v 1.54223000 15.20050000 -2.68026000
v 1.54223000 15.10560000 -2.66352000
v 1.54223000 15.01070000 -2.64678000
v 1.73501000 14.82080000 -2.61331000
v 1.63862000 14.82080000 -2.61331000
v 1.54223000 14.91570000 -2.63005000
v 1.53420000 14.83770000 -2.61628000
v 1.93463000 14.57620000 -2.57017000
v 1.98646000 14.42190000 -2.54297000
v 1.95002000 14.49700000 -2.55622000
v 1.73542000 14.74330000 -2.59964000
v 1.81466000 14.58640000 -2.57198000
v 1.73670000 14.67590000 -2.58776000
v 1.73968000 14.61990000 -2.57788000
v 1.87316000 14.36670000 -2.53324000
v 1.70691000 14.29530000 -2.52064000
v 1.57024000 14.22880000 -2.50892000
v 1.16039000 14.02360000 -2.47273000
v 1.44456000 14.17040000 -2.49862000
v 1.24229000 14.06970000 -2.48086000
v 1.34038000 14.12580000 -2.49076000
v 1.44584000 15.20050000 -2.68026000
v 1.44584000 15.10560000 -2.66352000
v 1.44584000 15.01070000 -2.64678000
v 1.44551000 14.92610000 -2.63187000
v 1.63697000 14.74520000 -2.59998000
v 1.51626000 14.76550000 -2.60356000
v 1.44760000 14.85710000 -2.61971000
v 1.44676000 14.80290000 -2.61015000
v 1.78939000 14.49360000 -2.55562000
v 1.64569000 14.66390000 -2.58565000
v 1.67959000 14.58180000 -2.57116000
v 1.62557000 14.42740000 -2.54394000
v 1.49298000 14.34680000 -2.52972000
v 1.10208000 14.10110000 -2.48641000
v 1.37200000 14.27610000 -2.51726000
v 1.17901000 14.15490000 -2.49589000
v 1.27151000 14.22030000 -2.50742000
v 1.34945000 15.10560000 -2.66352000
v 1.34945000 15.20050000 -2.68026000
v 1.34945000 15.01060000 -2.64678000
v 1.35639000 14.92270000 -2.63128000
v 1.36722000 14.84160000 -2.61698000
v 1.48372000 14.67050000 -2.58681000
v 1.38451000 14.77010000 -2.60436000
v 1.55796000 14.53530000 -2.56297000
v 1.41416000 14.45590000 -2.54896000
v 1.03650000 14.17260000 -2.49901000
v 1.29191000 14.37370000 -2.53448000
v 1.10773000 14.23340000 -2.50974000
v 1.19359000 14.30720000 -2.52275000
v 1.25306000 15.20050000 -2.68026000
v 1.25306000 15.01060000 -2.64678000
v 1.25306000 15.10560000 -2.66352000
v 1.25307000 14.91570000 -2.63005000
v 1.26246000 14.83060000 -2.61503000
v 1.27180000 14.74680000 -2.60025000
v 1.28222000 14.61170000 -2.57644000
v 0.96395900 14.23750000 -2.51045000
v 1.18745000 14.47950000 -2.55312000
v 1.02807000 14.30500000 -2.52236000
v 1.10329000 14.38790000 -2.53697000
v 1.15667000 15.20050000 -2.68026000
v 1.15667000 15.10560000 -2.66352000
v 1.15669000 14.91580000 -2.63005000
v 1.15668000 15.01060000 -2.64678000
v 1.16294000 14.83160000 -2.61520000
v 1.16335000 14.75360000 -2.60146000
v 1.13526000 14.65870000 -2.58473000
v 0.88553700 14.29500000 -2.52059000
v 1.08264000 14.55420000 -2.56629000
v 0.94278400 14.36830000 -2.53351000
v 1.00995000 14.45800000 -2.54933000
v 1.06028000 15.20050000 -2.68026000
v 0.96389300 15.20050000 -2.68026000
v 1.06028000 15.10560000 -2.66352000
v 1.06029000 15.01060000 -2.64678000
v 1.07681000 14.83050000 -2.61501000
v 1.06032000 14.91580000 -2.63005000
v 1.09846000 14.76620000 -2.60368000
v 1.04954000 14.70730000 -2.59330000
v 0.80154400 14.34470000 -2.52936000
v 0.98024500 14.61120000 -2.57635000
v 0.85167500 14.42330000 -2.54321000
v 0.91153900 14.51910000 -2.56010000
v 0.96389300 15.10550000 -2.66352000
v 0.86750400 15.10550000 -2.66351000
v 0.86750400 15.20050000 -2.68026000
v 0.96391600 15.01060000 -2.64677000
v 0.96397000 14.91580000 -2.63005000
v 0.96995200 14.78840000 -2.60760000
v 0.71293400 14.38620000 -2.53668000
v 0.87540900 14.66250000 -2.58540000
v 0.75547500 14.46940000 -2.55134000
v 0.80782500 14.57110000 -2.56927000
v 0.85197200 15.01280000 -2.64717000
v 0.74255500 15.01310000 -2.64721000
v 0.76176900 15.10780000 -2.66392000
v 0.77111400 15.20050000 -2.68026000
v 0.83659600 14.92210000 -2.63117000
v 0.81084200 14.81780000 -2.61279000
v 0.62072500 14.41900000 -2.54245000
v 0.76805800 14.71150000 -2.59403000
v 0.65651300 14.50670000 -2.55792000
v 0.70525600 14.61680000 -2.57733000
v 0.72328800 14.93050000 -2.63265000
v 0.63813000 14.93740000 -2.63387000
v 0.65122200 15.01160000 -2.64694000
v 0.66591500 15.10930000 -2.66417000
v 0.67472500 15.20050000 -2.68026000
v 0.52590700 14.44250000 -2.54661000
v 0.70144700 14.84470000 -2.61753000
v 0.66025900 14.75510000 -2.60172000
v 0.55264000 14.53310000 -2.56258000
v 0.60042100 14.66120000 -2.58516000
v 0.62434900 14.87180000 -2.62230000
v 0.57721700 14.89280000 -2.62600000
v 0.57692500 14.94170000 -2.63462000
v 0.57857100 15.00970000 -2.64661000
v 0.57833600 15.10520000 -2.66346000
v 0.57833600 15.20050000 -2.68026000
v 0.42906600 14.45690000 -2.54914000
v 0.44686900 14.55930000 -2.56720000
v 0.58241800 14.80510000 -2.61053000
v 0.48317000 14.71240000 -2.59419000
v 0.53092800 14.86600000 -2.62127000
v 0.50884500 14.93470000 -2.63338000
v 0.49553500 15.01040000 -2.64674000
v 0.48194700 15.10490000 -2.66340000
v 0.48194600 15.20050000 -2.68026000
v 0.32850000 14.46190000 -2.55002000
v 0.33116500 14.56400000 -2.56803000
v 0.32902300 14.68550000 -2.58945000
v 0.42531200 14.82480000 -2.61401000
v 0.31726400 14.79160000 -2.60816000
v 0.40081700 14.91840000 -2.63052000
v 0.38632300 15.00710000 -2.64616000
v 0.38555800 15.10440000 -2.66331000
v 0.38555700 15.20050000 -2.68026000
v 0.21900000 14.46190000 -2.55002000
v 0.21901200 14.56740000 -2.56863000
v 0.21773100 14.67350000 -2.58733000
v 0.21628800 14.77870000 -2.60589000
v 0.30108600 14.89980000 -2.62723000
v 0.21193600 14.88530000 -2.62469000
v 0.29056300 15.00410000 -2.64562000
v 0.28917200 15.10340000 -2.66315000
v 0.28916800 15.20050000 -2.68026000
v 0.10950000 14.46190000 -2.55002000
v 0.10861600 14.56740000 -2.56863000
v 0.10799000 14.67290000 -2.58723000
v 0.10762000 14.77850000 -2.60584000
v 0.10741000 14.88400000 -2.62444000
v 0.19675800 14.99830000 -2.64460000
v 0.10491100 14.98950000 -2.64305000
v 0.19279500 15.10180000 -2.66285000
v 0.19277900 15.20050000 -2.68026000
v 0.00000000 14.46190000 -2.55002000
v 0.00000000 14.56740000 -2.56863000
v 0.00000000 14.67290000 -2.58723000
v 0.00000000 14.77850000 -2.60584000
v 0.00000000 14.88400000 -2.62444000
v 0.00000000 14.98950000 -2.64305000
v 0.09645500 15.09900000 -2.66235000
v 0.00000000 15.09500000 -2.66165000
v 0.09638900 15.20050000 -2.68026000
v 0.00000000 15.20050000 -2.68026000
v 0.00000000 14.47810000 -2.45659000
v 0.00000000 14.57920000 -2.47367000
v 0.00000000 14.69200000 -2.48415000
v 0.00000000 14.79830000 -2.50092000
v 0.00000000 14.90430000 -2.52065000
v 0.00000000 15.01040000 -2.54141000
v 0.00000000 15.11690000 -2.56318000
v 0.00000000 15.21780000 -2.58029000
v 0.00000000 14.49360000 -2.36303000
v 0.00000000 14.59170000 -2.37901000
v 0.00000000 14.69730000 -2.39071000
v 0.00000000 14.81080000 -2.40653000
v 0.00000000 14.92750000 -2.42165000
v 0.00000000 15.03390000 -2.44692000
v 0.00000000 15.13460000 -2.46398000
v 0.00000000 15.23440000 -2.48022000
v 0.00000000 14.50860000 -2.26936000
v 0.00000000 14.60500000 -2.28442000
v 0.00000000 14.70520000 -2.29698000
v 0.00000000 14.81750000 -2.30608000
v 0.00000000 14.94280000 -2.32523000
v 0.00000000 15.05130000 -2.34898000
v 0.00000000 15.15050000 -2.36448000
v 0.00000000 15.25040000 -2.38007000
v 0.00000000 14.52300000 -2.17556000
v 0.00000000 14.61840000 -2.18985000
v 0.00000000 14.71570000 -2.20303000
v 0.00000000 14.83000000 -2.20979000
v 0.00000000 14.95850000 -2.22868000
v 0.00000000 15.06640000 -2.25004000
v 0.00000000 15.16570000 -2.26490000
v 0.00000000 15.26570000 -2.27983000
v 0.00000000 14.53670000 -2.08166000
v 0.00000000 14.63160000 -2.09525000
v 0.00000000 14.72770000 -2.10854000
v 0.00000000 14.84570000 -2.11648000
v 0.00000000 14.97150000 -2.13164000
v 0.00000000 15.08090000 -2.15102000
v 0.00000000 15.18030000 -2.16523000
v 0.00000000 15.28030000 -2.17950000
v 0.00000000 14.54990000 -1.98765000
v 0.00000000 14.64460000 -2.00059000
v 0.00000000 14.74010000 -2.01339000
v 0.00000000 14.85880000 -2.02277000
v 0.00000000 14.98410000 -2.03497000
v 0.00000000 15.09480000 -2.05189000
v 0.00000000 15.19430000 -2.06547000
v 0.00000000 15.29430000 -2.07907000
v 0.00000000 14.56240000 -1.89354000
v 0.00000000 14.65700000 -1.90585000
v 0.00000000 14.75230000 -1.91811000
v 0.00000000 14.87090000 -1.92782000
v 0.00000000 14.99650000 -1.93852000
v 0.00000000 15.10810000 -1.95266000
v 0.00000000 15.20760000 -1.96563000
v 0.00000000 15.30770000 -1.97856000
v 0.00000000 14.57440000 -1.79935000
v 0.00000000 14.66900000 -1.81103000
v 0.00000000 14.76420000 -1.82272000
v 0.00000000 14.88290000 -1.83215000
v 0.00000000 15.00900000 -1.84190000
v 0.00000000 15.12090000 -1.85332000
v 0.00000000 15.22030000 -1.86570000
v 0.00000000 15.32030000 -1.87796000
v 0.00000000 14.58570000 -1.70506000
v 0.00000000 14.68030000 -1.71613000
v 0.00000000 14.77560000 -1.72723000
v 0.00000000 14.89480000 -1.73633000
v 0.00000000 15.02210000 -1.74474000
v 0.00000000 15.13330000 -1.75384000
v 0.00000000 15.23250000 -1.76569000
v 0.00000000 15.33230000 -1.77727000
v 0.00000000 14.59640000 -1.61070000
v 0.00000000 14.69110000 -1.62115000
v 0.00000000 14.78640000 -1.63165000
v 0.00000000 14.90660000 -1.64063000
v 0.00000000 15.03560000 -1.64706000
v 0.00000000 15.14550000 -1.65422000
v 0.00000000 15.24420000 -1.66562000
v 0.00000000 15.34370000 -1.67649000
v 0.00000000 14.60650000 -1.51626000
v 0.00000000 14.70130000 -1.52610000
v 0.00000000 14.79660000 -1.53599000
v 0.00000000 14.91770000 -1.54544000
v 0.00000000 15.04900000 -1.54996000
v 0.00000000 15.15770000 -1.55452000
v 0.00000000 15.25560000 -1.56549000
v 0.00000000 15.35440000 -1.57562000
v 0.00000000 14.61600000 -1.42176000
v 0.00000000 14.71080000 -1.43098000
v 0.00000000 14.80620000 -1.44026000
v 0.00000000 14.92770000 -1.45066000
v 0.00000000 15.06090000 -1.45460000
v 0.00000000 15.16960000 -1.45541000
v 0.00000000 15.26670000 -1.46527000
v 0.00000000 14.62490000 -1.32719000
v 0.00000000 14.71980000 -1.33580000
v 0.00000000 14.81530000 -1.34446000
v 0.00000000 14.93620000 -1.35545000
v 0.00000000 15.06950000 -1.35849000
v 0.00000000 15.17850000 -1.35920000
v 0.00000000 15.27570000 -1.36789000
v 0.00000000 14.63320000 -1.23256000
v 0.00000000 14.72810000 -1.24056000
v 0.00000000 14.82360000 -1.24861000
v 0.00000000 14.94440000 -1.25987000
v 0.00000000 15.07780000 -1.26222000
v 0.00000000 15.18690000 -1.26236000
v 0.00000000 15.28410000 -1.27043000
v 0.00000000 14.64090000 -1.13789000
v 0.00000000 14.73580000 -1.14527000
v 0.00000000 14.83140000 -1.15270000
v 0.00000000 14.95230000 -1.16380000
v 0.00000000 15.08550000 -1.16587000
v 0.00000000 15.19460000 -1.16547000
v 0.00000000 15.29190000 -1.17292000
v 0.00000000 14.64790000 -1.04317000
v 0.00000000 14.74290000 -1.04993000
v 0.00000000 14.83860000 -1.05674000
v 0.00000000 14.95970000 -1.06707000
v 0.00000000 15.09250000 -1.06947000
v 0.00000000 15.20170000 -1.06851000
v 0.00000000 15.29900000 -1.07534000
v 0.00000000 14.65430000 -0.94840800
v 0.00000000 14.74940000 -0.95456100
v 0.00000000 14.84510000 -0.96075000
v 0.00000000 14.96630000 -0.96960800
v 0.00000000 15.09890000 -0.97303900
v 0.00000000 15.20820000 -0.97151500
v 0.00000000 15.30560000 -0.97771800
v 0.00000000 14.66020000 -0.85361600
v 0.00000000 14.75530000 -0.85915300
v 0.00000000 14.85100000 -0.86472100
v 0.00000000 14.97210000 -0.87297000
v 0.00000000 15.10460000 -0.87660100
v 0.00000000 15.21400000 -0.87447700
v 0.00000000 15.31150000 -0.88004700
v 0.00000000 14.66540000 -0.75879800
v 0.00000000 14.76050000 -0.76371900
v 0.00000000 14.85620000 -0.76866500
v 0.00000000 14.97690000 -0.77667500
v 0.00000000 15.10960000 -0.78019600
v 0.00000000 15.21910000 -0.77741200
v 0.00000000 15.31670000 -0.78233800
v 0.00000000 14.67000000 -0.66395800
v 0.00000000 14.76510000 -0.66826500
v 0.00000000 14.86090000 -0.67259000
v 0.00000000 14.98100000 -0.68048000
v 0.00000000 15.11420000 -0.68432800
v 0.00000000 15.22360000 -0.68033300
v 0.00000000 15.32130000 -0.68459500
v 0.00000000 14.67400000 -0.56910400
v 0.00000000 14.76910000 -0.57279600
v 0.00000000 14.86490000 -0.57649900
v 0.00000000 14.98420000 -0.58425100
v 0.00000000 15.11740000 -0.58906900
v 0.00000000 15.22720000 -0.58326000
v 0.00000000 15.32530000 -0.58682300
v 0.00000000 14.67730000 -0.47424100
v 0.00000000 14.77250000 -0.47731600
v 0.00000000 14.86830000 -0.48039900
v 0.00000000 14.98500000 -0.48653300
v 0.00000000 15.11820000 -0.49422300
v 0.00000000 15.22990000 -0.48622900
v 0.00000000 15.32850000 -0.48902800
v 0.00000000 14.68010000 -0.37937500
v 0.00000000 14.77530000 -0.38183500
v 0.00000000 14.87110000 -0.38429500
v 0.00000000 14.98530000 -0.39009800
v 0.00000000 15.11440000 -0.39885400
v 0.00000000 15.23130000 -0.38930100
v 0.00000000 15.33080000 -0.39121700
v 0.00000000 14.68220000 -0.28451200
v 0.00000000 14.77740000 -0.28635700
v 0.00000000 14.87320000 -0.28819600
v 0.00000000 14.97960000 -0.29537800
v 0.00000000 15.10240000 -0.30036300
v 0.00000000 15.23050000 -0.29337800
v 0.00000000 15.33220000 -0.29339800
v 0.00000000 14.68380000 -0.18965800
v 0.00000000 14.77890000 -0.19088800
v 0.00000000 14.87800000 -0.19350900
v 0.00000000 14.98640000 -0.19955900
v 0.00000000 15.10200000 -0.20079100
v 0.00000000 15.22630000 -0.19904600
v 0.00000000 15.33230000 -0.19558300
v 0.00000000 14.68470000 -0.09481900
v 0.00000000 14.78260000 -0.09540800
v 0.00000000 14.89280000 -0.10146800
v 0.00000000 15.00210000 -0.10517800
v 0.00000000 15.11060000 -0.10695500
v 0.00000000 15.21880000 -0.10586600
v 0.00000000 15.33090000 -0.09781100
v 0.00000000 14.68500000 0.00000000
v 0.00000000 14.79210000 0.00000000
v 0.00000000 14.89930000 0.00000000
v 0.00000000 15.00640000 0.00000000
v 0.00000000 15.11360000 0.00000000
v 0.00000000 15.22070000 0.00000000
v 0.00000000 15.32790000 0.00000000
v 4.82790000 17.84359900 -0.47923700
v 4.82874215 17.84665222 -0.38341821
v 4.82790000 17.84770000 -0.28756300
v 4.82790000 17.84900100 -0.19171600
v 4.82790000 17.84970100 -0.09586100
v 4.82790000 17.85000000 0.00000000
v 4.82747583 17.74273489 -0.49674739
v 4.83054248 17.74146961 -0.38119551
v 4.82790861 17.74630001 -0.28587698
v 4.82790000 17.74990100 -0.19063600
v 4.82790000 17.75140000 -0.09674100
v 4.82790000 17.75140000 0.00000000
v 4.82351945 17.64147808 -0.50965579
v 4.82073258 17.64189803 -0.38893060
v 4.82789503 17.64760002 -0.29000297
v 4.82790000 17.65340000 -0.19228800
v 4.82790000 17.65290100 -0.09749500
v 4.82790000 17.65290100 0.00000000
v 4.82883910 17.54182394 -0.49801704
v 4.83009095 17.55325408 -0.38434490
v 4.82789537 17.55960099 -0.28678599
v 4.82790000 17.55470100 -0.19428400
v 4.82790000 17.55430000 -0.09795700
v 4.82790000 17.55430000 0.00000000
v 4.83061060 17.44165812 -0.48190855
v 4.82796508 17.45969985 -0.37971372
v 4.82790004 17.45770100 -0.27934700
v 4.82790000 17.45599900 -0.19554600
v 4.82790000 17.45579900 -0.09822100
v 4.82790000 17.45579900 0.00000000
v 4.82820877 17.34226520 -0.46214969
v 4.82791154 17.35989997 -0.36210796
v 4.82790000 17.36190000 -0.27335700
v 4.82790000 17.35730000 -0.19625900
v 4.82790000 17.35720100 -0.09837000
v 4.82790000 17.35720100 0.00000000
v 4.82790000 17.24239900 -0.44436000
v 4.82790000 17.26000000 -0.34450400
v 4.82790000 17.26240000 -0.26417900
v 4.82790000 17.25950100 -0.18736000
v 4.82790000 17.25860000 -0.09845400
v 4.82790000 17.25860000 0.00000000
v 4.82790000 17.14250000 -0.42675000
v 4.82790000 17.15830000 -0.34098100
v 4.82790000 17.16690100 -0.26986300
v 4.82790000 17.16210000 -0.19209800
v 4.82790000 17.16010100 -0.09850000
v 4.82790000 17.16010100 0.00000000
v 4.82790000 17.04260100 -0.40914000
v 4.82790000 17.06250000 -0.32876600
v 4.82790000 17.07270100 -0.26008300
v 4.82790000 17.07250000 -0.18677600
v 4.82790000 17.06150100 -0.09852600
v 4.82790000 17.06150100 0.00000000
v 4.82790000 16.96920000 -0.31139200
v 4.82790000 16.94280100 -0.39153000
v 4.82790000 16.98040000 -0.24766700
v 4.82790000 16.97650000 -0.18210300
v 4.82790000 16.96299900 -0.09854000
v 4.82790000 16.96299900 0.00000000
v 4.82790000 16.89430000 -0.28657100
v 4.82790000 16.92600100 -0.24288400
v 4.82790000 16.84289900 -0.37392000
v 4.82790000 16.90440000 -0.19006200
v 4.82790000 16.88390000 -0.09947500
v 4.82790000 16.86440100 0.00000000
v 4.82790000 16.74300000 -0.35631000
v 4.82790000 16.81650000 -0.23538600
v 4.82790000 16.78270000 -0.09979700
v 4.82790000 16.76590000 0.00000000
v 4.82790000 16.64320000 -0.33870000
v 4.82790000 16.66400000 -0.21823300
v 4.82790000 16.66729900 -0.09855500
v 4.82790000 16.66729900 0.00000000
v 4.82790000 16.54330100 -0.32109000
v 4.82790000 16.56469900 -0.20964100
v 4.82790000 16.56870100 -0.09855800
v 4.82790000 16.56870100 0.00000000
v 4.82790000 16.44339900 -0.30347900
v 4.82790000 16.46069900 -0.20530900
v 4.82790000 16.47020000 -0.09855900
v 4.82790000 16.47020000 0.00000000
v 4.82790000 16.34350000 -0.28586900
v 4.82790000 16.36060000 -0.18904700
v 4.82790000 16.37159900 -0.09855900
v 4.82790000 16.37159900 0.00000000
v 4.82790000 16.24370000 -0.26825900
v 4.82790000 16.26030000 -0.17390400
v 4.82790000 16.27310000 -0.09855900
v 4.82790000 16.27310000 0.00000000
v 4.82790000 16.14380100 -0.25064900
v 4.82790000 16.15950000 -0.17004000
v 4.82790000 16.16880000 -0.09150800
v 4.82790000 16.17450000 0.00000000
v 4.82790000 16.04390000 -0.23303900
v 4.82790000 16.06200000 -0.15957300
v 4.82790000 16.07000000 -0.08603100
v 4.82790000 16.07589900 0.00000000
v 4.82790000 16.00550100 -0.14636500
v 4.82790000 15.94400000 -0.21542900
v 4.82790000 15.98310000 -0.08145100
v 4.82790000 15.97740000 0.00000000
v 4.82790000 15.84420000 -0.19781900
v 4.82790000 15.87880000 0.00000000
v 4.82790000 15.78030000 0.00000000
v 4.82790000 15.68170000 0.00000000
v 4.82790000 15.74430000 -0.18020900
v 4.82790000 15.66290000 -0.07669200
v 4.82790000 15.57020000 -0.58360400
v 4.82790000 15.58310000 0.00000000
v 4.82790000 15.60990000 -0.08439900
v 4.82790000 15.58880000 -0.47835300
v 4.82790000 15.64440000 -0.16259900
v 4.82790000 15.60730000 -0.37310100
v 4.82790000 15.62590000 -0.26785000
v 4.82790000 15.46840000 -0.56566000
v 4.82790000 15.48460000 0.00000000
v 4.82790000 15.48640000 -0.46410900
v 4.82790000 15.49340000 -0.09566500
v 4.82790000 15.50990000 -0.18059900
v 4.82790000 15.49380000 -0.36448400
v 4.82790000 15.50190000 -0.27546200
v 4.82790000 15.38430000 -0.44802800
v 4.82790000 15.36670000 -0.54771700
v 4.82790000 15.38600000 0.00000000
v 4.82790000 15.38600000 -0.09855900
v 4.82790000 15.18030000 -1.00987000
v 4.82790000 15.39140000 -0.36425200
v 4.82790000 15.38900000 -0.18238600
v 4.82790000 15.39000000 -0.28752700
v 4.82790000 15.32090000 -0.37459800
v 4.82790000 15.19720000 -0.91384800
v 4.82790000 15.30010000 -0.43360200
v 4.82790000 15.21410000 -0.81782900
v 4.82790000 15.26490000 -0.52977300
v 4.82790000 15.23100000 -0.72181100
v 4.82790000 15.24800000 -0.62579200
v 4.82790000 15.28750000 -0.09855900
v 4.82790000 15.28750000 0.00000000
v 4.82790000 15.07870000 -0.99195900
v 4.82790000 15.27470000 -0.18921800
v 4.82790000 15.09770000 -0.89629000
v 4.82790000 15.27570000 -0.31886300
v 4.82790000 15.22180000 -0.41505700
v 4.82790000 15.11610000 -0.80054300
v 4.82790000 15.17900000 -0.50711400
v 4.82790000 15.13390000 -0.70468100
v 4.82790000 15.15130000 -0.60875000
v 4.82790000 15.15960000 -0.19326300
v 4.82790000 15.17910000 -0.09415400
v 4.82790000 15.18890000 0.00000000
v 4.82790000 14.97710000 -0.97405200
v 4.82790000 14.99490000 -0.87367800
v 4.82790000 15.14580000 -0.28887600
v 4.82790000 15.01590000 -0.78122300
v 4.82790000 15.12310000 -0.38944500
v 4.82790000 15.08800000 -0.48672500
v 4.82790000 15.03560000 -0.68662900
v 4.82790000 15.05410000 -0.59121500
v 4.82790000 15.05610000 -0.28016800
v 4.82790000 15.06910000 -0.19549500
v 4.82790000 15.08080000 -0.09647500
v 4.82790000 15.09030000 0.00000000
v 4.82790000 14.87560000 -0.95614400
v 4.82790000 14.89350000 -0.85451500
v 4.82790000 14.91140000 -0.75636700
v 4.82790000 15.04780000 -0.36694200
v 4.82790000 14.93460000 -0.66489700
v 4.82790000 15.00290000 -0.45410400
v 4.82790000 14.95570000 -0.57235800
v 4.82790000 14.77400000 -0.93823700
v 4.82790000 14.67250000 -0.92032900
v 4.82790000 14.57090000 -0.90242200
v 4.82790000 14.46930000 -0.88451500
v 4.82790000 14.36780000 -0.86660700
v 4.82790000 14.99030000 -0.34589200
v 4.82790000 14.98650000 -0.27917500
v 4.82790000 14.99180000 -0.19757600
v 4.82790000 14.99180000 -0.09855900
v 4.82790000 14.99180000 0.00000000
v 4.82790000 14.79200000 -0.83661400
v 4.82790000 14.80900000 -0.73888900
v 4.82790000 14.82540000 -0.65372800
v 4.82790000 14.91530000 -0.39884400
v 4.82790000 14.85440000 -0.55169600
v 4.82790000 14.69030000 -0.81906300
v 4.82790000 14.57770000 -0.80256300
v 4.82790000 14.48110000 -0.78841500
v 4.82790000 14.38460000 -0.77137600
v 4.82790000 14.89100000 -0.29115700
v 4.82790000 14.89320000 -0.19737500
v 4.82790000 14.89320000 -0.09855900
v 4.82790000 14.89320000 0.00000000
v 4.82790000 14.69320000 -0.72487400
v 4.82790000 14.70840000 -0.63112000
v 4.82790000 14.72860000 -0.53610000
v 4.82790000 14.77090000 -0.30088800
v 4.82790000 14.75130000 -0.41202700
v 4.82790000 14.59130000 -0.70879600
v 4.82790000 14.49640000 -0.69290600
v 4.82790000 14.40140000 -0.67614500
v 4.82790000 14.78230000 -0.20225100
v 4.82790000 14.79470000 -0.09855900
v 4.82790000 14.79470000 0.00000000
v 4.82790000 14.60750000 -0.61409500
v 4.82790000 14.67760000 -0.20798700
v 4.82790000 14.62340000 -0.51857200
v 4.82790000 14.65710000 -0.30304400
v 4.82790000 14.63550000 -0.41446000
v 4.82790000 14.51310000 -0.59765000
v 4.82790000 14.41820000 -0.58091400
v 4.82790000 14.69610000 -0.09855900
v 4.82790000 14.69610000 0.00000000
v 4.82790000 14.59760000 -0.09855900
v 4.82790000 14.58080000 -0.20350400
v 4.82790000 14.52960000 -0.50237600
v 4.82790000 14.56090000 -0.30351500
v 4.82790000 14.54600000 -0.40707200
v 4.82790000 14.43500000 -0.48568300
v 4.82790000 14.59760000 0.00000000
v 4.82790000 14.49900000 0.00000000
v 4.82790000 14.49900000 -0.09855900
v 4.82790000 14.48300000 -0.19731000
v 4.82790000 14.46830000 -0.29668800
v 4.82790000 14.45170000 -0.39045300
v 4.82790000 14.40040000 0.00000000
v 4.82790000 14.40040000 -0.09855900
v 4.82790000 14.39670000 -0.18990300
v 4.82790000 14.37480000 -0.28003700
v 4.82790000 14.35820000 -0.37395700
v 4.82790000 14.30190000 0.00000000
v 4.82790000 14.30190000 -0.09855900
v 4.82790000 14.29540000 -0.17555500
v 4.82790000 14.28130000 -0.26324900
v 4.82790000 14.26470000 -0.35746200
v 4.82790000 14.20330000 0.00000000
v 4.82790000 14.20430000 -0.08926600
v 4.82790000 14.19920000 -0.16705600
v 4.82790000 14.18780000 -0.24623100
v 4.82790000 14.17110000 -0.34096600
v 4.82790000 14.10470000 0.00000000
v 4.82790000 14.10380000 -0.08514300
v 4.82790000 14.10230000 -0.16587400
v 4.82790000 14.09180000 -0.23934800
v 4.82790000 14.07750000 -0.32447100
v 4.82790000 14.00620000 0.00000000
v 4.82790000 14.00880000 -0.08524800
v 4.82790000 14.00810000 -0.15576800
v 4.82790000 13.99800000 -0.22375900
v 4.82790000 13.98400000 -0.30797600
v 4.82790000 13.91350000 -0.07684600
v 4.82790000 13.90760000 0.00000000
v 4.82790000 13.91750000 -0.14253400
v 4.82790000 13.90640000 -0.20380300
v 4.82790000 13.89050000 -0.29148100
v 4.82790000 13.83990000 -0.08588300
v 4.82790000 13.86620000 -0.13916700
v 4.82790000 13.80910000 0.00000000
v 4.82790000 13.83400000 -0.18729200
v 4.82790000 13.79690000 -0.27498500
v 4.82790000 13.71050000 0.00000000
v 4.82790000 13.75290000 -0.12872600
v 4.82790000 13.70340000 -0.25849000
v 4.82790000 13.61200000 0.00000000
v 4.82790000 13.61140000 -0.12100200
v 4.82790000 13.60980000 -0.24199500
v 4.72748000 13.61160000 0.00000000
v 4.73429000 13.61100000 -0.12724700
v 4.73068000 13.60940000 -0.24419200
v 4.62705000 13.61050000 0.00000000
v 4.62750000 13.60990000 -0.13059400
v 4.63275000 13.60820000 -0.25084300
v 4.52661000 13.60860000 0.00000000
v 4.48155000 13.60680000 -0.13811200
v 4.53524000 13.60630000 -0.26194200
v 4.42615000 13.60600000 0.00000000
v 4.39272000 13.60470000 -0.09393800
v 4.43835000 13.60350000 -0.27746400
v 4.36613000 13.60330000 -0.14859200
v 4.39911000 13.60380000 -0.19730400
v 4.32570000 13.60270000 0.00000000
v 4.31749000 13.60210000 -0.08615500
v 4.31338000 13.60140000 -0.15354800
v 4.34229000 13.60000000 -0.29737700
v 4.32131000 13.60080000 -0.21719200
v 4.22525000 13.59860000 0.00000000
v 4.22072000 13.59810000 -0.09286200
v 4.22367000 13.59750000 -0.16527900
v 4.23384000 13.59680000 -0.24354500
v 4.24727000 13.59580000 -0.32163800
v 4.12482000 13.59380000 0.00000000
v 4.12483000 13.59340000 -0.10091600
v 4.12967000 13.59280000 -0.18242100
v 4.14054000 13.59190000 -0.26886500
v 4.15349000 13.59070000 -0.35019400
v 4.02442000 13.58820000 0.00000000
v 4.02443000 13.58780000 -0.10075600
v 4.02723000 13.58690000 -0.19823200
v 4.04410000 13.58610000 -0.29904300
v 4.06072000 13.58490000 -0.38314900
v 3.92404000 13.58190000 0.00000000
v 3.92406000 13.58150000 -0.10067100
v 3.92977000 13.58050000 -0.22055700
v 3.94878000 13.57940000 -0.33402900
v 3.97002000 13.57840000 -0.42012500
v 3.82371000 13.57490000 0.00000000
v 3.81304000 13.57370000 -0.10388000
v 3.78471000 13.56950000 -0.25378700
v 3.83705000 13.57080000 -0.37118400
v 3.88115000 13.57120000 -0.46118700
v 3.72342000 13.56710000 0.00000000
v 3.71252000 13.56580000 -0.10237400
v 3.69325000 13.56290000 -0.21264500
v 3.66818000 13.55960000 -0.28125900
v 3.70524000 13.56150000 -0.33215300
v 3.74617000 13.56250000 -0.41834800
v 3.79430000 13.56320000 -0.50624700
v 3.62319000 13.55850000 0.00000000
v 3.52303000 13.54930000 0.00000000
v 3.62322000 13.55820000 -0.10059800
v 3.62331000 13.55710000 -0.19989300
v 3.61330000 13.55460000 -0.28960000
v 3.63969000 13.55490000 -0.37263600
v 3.67391000 13.55500000 -0.46465100
v 3.70966000 13.55460000 -0.55520900
v 3.52307000 13.54890000 -0.10059300
v 3.42294000 13.53930000 0.00000000
v 3.42298000 13.53890000 -0.10059000
v 3.50525000 13.54610000 -0.20115800
v 3.47760000 13.54080000 -0.32830700
v 3.53254000 13.54300000 -0.44112200
v 3.58152000 13.54450000 -0.52691600
v 3.62740000 13.54530000 -0.60796800
v 3.40497000 13.53590000 -0.20070400
v 3.32294000 13.52850000 0.00000000
v 3.32298000 13.52810000 -0.10058700
v 3.32310000 13.52700000 -0.20094100
v 3.22302000 13.51700000 0.00000000
v 3.12320000 13.50480000 0.00000000
v 3.02349000 13.49180000 0.00000000
v 2.92389000 13.47810000 0.00000000
v 2.82442000 13.46370000 0.00000000
v 2.72508000 13.44860000 -0.00000000
v 2.62586757 13.43271737 -0.00001753
v 2.52647088 13.41804813 -0.00275186
v 2.42792000 13.39870000 0.00000000
v 3.38631000 13.53220000 -0.29618600
v 3.36252000 13.52810000 -0.35738600
v 3.40131000 13.53080000 -0.40827700
v 3.44654000 13.53240000 -0.50248200
v 3.49829000 13.53420000 -0.58477400
v 3.54771000 13.53530000 -0.66441200
v 3.31885000 13.52500000 -0.28715200
v 3.22306000 13.51670000 -0.10058200
v 3.22319000 13.51550000 -0.20103200
v 3.21765000 13.51320000 -0.29156200
v 3.12325000 13.50440000 -0.10057600
v 3.02354000 13.49150000 -0.10056600
v 2.92395000 13.47780000 -0.10055300
v 2.82448000 13.46330000 -0.10053700
v 2.72514000 13.44820000 -0.10051900
v 2.62595237 13.43228532 -0.10049886
v 2.52690713 13.41560561 -0.10069088
v 2.43274025 13.39481578 -0.10143418
v 3.31080000 13.52230000 -0.36422300
v 3.33353000 13.52220000 -0.44946300
v 3.37982000 13.52340000 -0.55241100
v 3.42413000 13.52410000 -0.64323500
v 3.47075000 13.52470000 -0.72442100
v 3.21543000 13.51090000 -0.37435600
v 3.12338000 13.50330000 -0.20107500
v 3.11161000 13.50010000 -0.29528700
v 3.10120000 13.49680000 -0.37547400
v 3.02368000 13.49040000 -0.20108700
v 2.92410000 13.47670000 -0.20107900
v 2.82464000 13.46220000 -0.20105900
v 2.72531000 13.44710000 -0.20102800
v 2.62621996 13.43120022 -0.20142500
v 2.52733978 13.41488031 -0.20312195
v 2.43121754 13.39543387 -0.20288172
v 2.42790260 13.39529806 -0.30423497
v 3.20560000 13.50570000 -0.49872400
v 3.28006000 13.50890000 -0.63093000
v 3.33006000 13.51050000 -0.71309600
v 3.39668000 13.51360000 -0.78786500
v 3.08329000 13.49180000 -0.46207700
v 3.02393000 13.48850000 -0.30094600
v 3.02460000 13.48680000 -0.37400200
v 3.02853000 13.48550000 -0.43505900
v 2.92435000 13.47480000 -0.30123300
v 2.82489000 13.46040000 -0.30136700
v 2.72578000 13.44530000 -0.30141400
v 2.62756996 13.42960027 -0.30196801
v 2.52759995 13.41270027 -0.30464701
v 2.42790000 13.39260000 -0.40561400
v 2.52771000 13.41010000 -0.40615700
v 3.10702000 13.48840000 -0.62128100
v 3.18272000 13.49360000 -0.70798100
v 3.02487000 13.48100000 -0.54637800
v 3.25574000 13.49820000 -0.78295100
v 3.32567000 13.50180000 -0.85461100
v 2.96572000 13.47570000 -0.47295900
v 2.93989000 13.47480000 -0.38786400
v 2.82535000 13.45790000 -0.39933000
v 2.72647000 13.44280000 -0.40160900
v 2.62824000 13.42690000 -0.40659700
v 2.42790000 13.38910000 -0.50696900
v 2.52777000 13.40660000 -0.50764400
v 2.62822000 13.42340000 -0.50824800
v 3.02968000 13.47390000 -0.71064900
v 3.10852000 13.48010000 -0.78458700
v 2.94153000 13.46580000 -0.63264000
v 3.18479000 13.48530000 -0.85611000
v 2.83803000 13.45490000 -0.53966900
v 3.25786000 13.48950000 -0.92451500
v 2.70402000 13.43540000 -0.51443000
v 2.42790000 13.38490000 -0.60829600
v 2.52780000 13.40240000 -0.60910200
v 2.61420000 13.41720000 -0.60251100
v 2.67284000 13.42700000 -0.59635900
v 2.95681000 13.45930000 -0.79506300
v 3.03803000 13.46610000 -0.86451800
v 2.86639000 13.44930000 -0.74492000
v 3.11733000 13.47180000 -0.93241700
v 2.72897000 13.43180000 -0.68254000
v 3.19341000 13.47660000 -0.99742900
v 2.42790000 13.37990000 -0.70958800
v 2.52782000 13.39740000 -0.71052600
v 2.63190000 13.41540000 -0.70055300
v 2.88787000 13.44330000 -0.89443100
v 2.97145000 13.45140000 -0.94762300
v 2.80334000 13.43390000 -0.84729300
v 3.05352000 13.45780000 -1.01171000
v 2.71572000 13.42240000 -0.81425000
v 3.13244000 13.46330000 -1.07320000
v 2.62808000 13.40840000 -0.81298300
v 2.42790000 13.37420000 -0.81083900
v 2.52783000 13.39160000 -0.81190800
v 2.82649000 13.42860000 -0.97562700
v 2.90898000 13.43630000 -1.03376000
v 2.75749000 13.42160000 -0.92724600
v 2.99350000 13.44340000 -1.09382000
v 2.70422000 13.41650000 -0.87898500
v 3.07509000 13.44940000 -1.15165000
v 2.63315000 13.40370000 -0.89948700
v 2.52772000 13.38510000 -0.91293000
v 2.42790000 13.36770000 -0.91173300
v 2.77285000 13.41290000 -1.07537000
v 2.85088000 13.42070000 -1.12279000
v 2.67107000 13.40240000 -1.00408000
v 2.93739000 13.42840000 -1.17857000
v 3.02148000 13.43510000 -1.23264000
v 2.52776000 13.37780000 -1.01421000
v 2.42790000 13.36040000 -1.01289000
v 2.72962000 13.39880000 -1.16384000
v 2.79748000 13.40480000 -1.21460000
v 2.63484000 13.38570000 -1.13945000
v 2.88531000 13.41300000 -1.26577000
v 2.52839000 13.36900000 -1.12565000
v 2.97172000 13.42040000 -1.31597000
v 2.42790000 13.35230000 -1.11398000
v 2.70755000 13.39050000 -1.21789000
v 2.75378000 13.39260000 -1.27349000
v 2.63351000 13.37800000 -1.22421000
v 2.83824000 13.39810000 -1.34793000
v 2.53376000 13.36130000 -1.22351000
v 2.92593000 13.40540000 -1.40148000
v 2.42790000 13.34350000 -1.21501000
v 2.67116000 13.37320000 -1.33800000
v 2.78515000 13.38200000 -1.42687000
v 2.53356000 13.35090000 -1.33273000
v 2.88419000 13.38990000 -1.48898000
v 2.42790000 13.33390000 -1.31597000
v 2.63841000 13.35530000 -1.45901000
v 2.74159000 13.36520000 -1.51837000
v 2.53705000 13.34060000 -1.43753000
v 2.84660000 13.37420000 -1.57829000
v 2.42790000 13.32360000 -1.41686000
v 2.61281000 13.34340000 -1.52748000
v 2.54006000 13.33080000 -1.53019000
v 2.66836000 13.34280000 -1.61007000
v 2.81309000 13.35810000 -1.66965000
v 2.42790000 13.31250000 -1.51766000
v 2.54300000 13.32030000 -1.62319000
v 2.42791000 13.30060000 -1.61838000
v 2.78405000 13.34180000 -1.76199000
v 2.67090000 13.32670000 -1.74134000
v 2.53860000 13.30660000 -1.72570000
v 2.42791000 13.28800000 -1.71900000
v 2.75937000 13.32530000 -1.85556000
v 2.65374000 13.31090000 -1.83774000
v 2.52785000 13.29200000 -1.82191000
v 2.42790000 13.27460000 -1.81953000
v 2.73910000 13.30860000 -1.95015000
v 2.64270000 13.29610000 -1.92965000
v 2.52785000 13.27780000 -1.92246000
v 2.42790000 13.26040000 -1.91995000
v 2.72329000 13.29180000 -2.04556000
v 2.62684000 13.27860000 -2.02958000
v 2.52785000 13.26280000 -2.02290000
v 2.42790244 13.24549771 -2.02026964
v 2.71198000 13.27490000 -2.14160000
v 2.61624000 13.26109999 -2.13017000
v 2.52611038 13.24689783 -2.12319965
v 2.43085876 13.22770537 -2.12006389
v 2.70522717 13.25776101 -2.23804586
v 2.61129354 13.24297840 -2.23508641
v 2.51969413 13.22859230 -2.22883221
v 2.43343469 13.21083553 -2.22007012
v 2.70123000 15.21750000 -2.58220000
v 2.70119000 15.11710000 -2.56522000
v 2.70133000 15.01300000 -2.54403000
v 2.70132000 14.91290000 -2.52645000
v 2.70821000 15.23380000 -2.48413000
v 2.70809000 15.13430000 -2.46798000
v 2.70855000 15.03010000 -2.44460000
v 2.70854000 14.93040000 -2.42710000
v 2.71984000 15.24940000 -2.38645000
v 2.71955000 15.15040000 -2.37106000
v 2.72057000 15.04760000 -2.34564000
v 2.72056000 14.94780000 -2.32814000
v 2.73607000 15.26430000 -2.28932000
v 2.73559000 15.16560000 -2.27450000
v 2.73732000 15.06500000 -2.24752000
v 2.73730000 14.96510000 -2.23000000
v 2.75686000 15.27840000 -2.19299000
v 2.75613000 15.17980000 -2.17874000
v 2.75884000 15.08220000 -2.15005000
v 2.75882000 14.98230000 -2.13252000
v 2.78219000 15.29180000 -2.09760000
v 2.78116000 15.19320000 -2.08386000
v 2.78508000 15.09920000 -2.05355000
v 2.78505000 14.99930000 -2.03602000
v 2.81198000 15.30440000 -2.00340000
v 2.81365000 15.21030000 -1.98183000
v 2.81589000 15.11600000 -1.95860000
v 2.81586000 15.01610000 -1.94106000
v 2.84649000 15.31640000 -1.90980000
v 2.84825000 15.22090000 -1.88842000
v 2.85129000 15.13250000 -1.86508000
v 2.85126000 15.03260000 -1.84753000
v 2.88504000 15.32750000 -1.81863000
v 2.88291000 15.22860000 -1.80603000
v 2.88736000 15.14470000 -1.78116000
v 2.89124000 15.04880000 -1.75557000
v 2.92781000 15.33780000 -1.72928000
v 2.92529000 15.23900000 -1.71695000
v 2.93136000 15.15850000 -1.69057000
v 2.93552000 15.06460000 -1.66578000
v 2.97378767 15.34664005 -1.64135563
v 2.97579033 15.25519807 -1.62383127
v 2.97926000 15.17210000 -1.60293000
v 2.98413000 15.08010000 -1.57811000
v 3.02385207 15.35463684 -1.55552862
v 3.02672780 15.26530129 -1.53907236
v 3.03100205 15.18459977 -1.51801129
v 3.03688000 15.09510000 -1.49287000
v 3.08387510 15.27579746 -1.45717612
v 3.08712633 15.19579920 -1.43483442
v 3.09371000 15.10970000 -1.41019000
v 3.14957276 15.28750907 -1.36989613
v 3.15348851 15.20429883 -1.34575656
v 3.15442000 15.12380000 -1.33032000
v 3.21745599 15.30438184 -1.28885803
v 3.21877414 15.21979937 -1.26812354
v 3.21911000 15.13740000 -1.25319000
v 3.29000957 15.32746963 -1.21052094
v 3.29141636 15.24359893 -1.19141599
v 3.28730000 15.15040000 -1.17934000
v 3.36339473 15.35231742 -1.13551315
v 3.36527962 15.25780007 -1.11944961
v 3.35922000 15.16290000 -1.10854000
v 3.43883623 15.48120102 -1.09364934
v 3.43633654 15.37200475 -1.07431317
v 3.43405734 15.27420054 -1.05912697
v 3.43400000 15.17470000 -1.04163000
v 3.51576246 15.49160302 -1.02915372
v 3.51830225 15.39179950 -1.00952285
v 3.51187996 15.28540001 -0.99588495
v 3.51182000 15.18580000 -0.97836100
v 3.59669000 15.50210000 -0.96976000
v 3.59730000 15.40310000 -0.95186300
v 3.59274000 15.29610000 -0.93627800
v 3.59269000 15.19630000 -0.91873400
v 3.68063000 15.51190000 -0.91406900
v 3.68057000 15.41280000 -0.89663000
v 3.67637000 15.30600000 -0.88053600
v 3.67632000 15.20620000 -0.86296500
v 3.76695000 15.52100000 -0.86248600
v 3.76690000 15.42180000 -0.84502100
v 3.76290000 15.31520000 -0.82856400
v 3.76284000 15.21530000 -0.81098800
v 3.85560000 15.52940000 -0.81502500
v 3.85554000 15.43010000 -0.79754400
v 3.85184000 15.32370000 -0.78070800
v 3.85179000 15.22380000 -0.76312600
v 3.94577000 15.53700000 -0.77204500
v 3.94572000 15.43790000 -0.75459900
v 3.94300000 15.33140000 -0.73707400
v 3.94295000 15.23150000 -0.71948500
v 4.03863000 15.54390000 -0.73300400
v 4.03858000 15.44460000 -0.71553400
v 4.03623000 15.33830000 -0.69773100
v 4.03618000 15.23840000 -0.68014000
v 4.13326000 15.55000000 -0.69834400
v 4.13320000 15.45070000 -0.68085200
v 4.13118000 15.34450000 -0.66283700
v 4.13113000 15.24450000 -0.64523800
v 4.22945000 15.55530000 -0.66814000
v 4.22940000 15.45590000 -0.65063300
v 4.22776000 15.34990000 -0.63241900
v 4.22771000 15.24990000 -0.61481200
v 4.32697000 15.55980000 -0.64246700
v 4.32691000 15.46040000 -0.62495300
v 4.32570000 15.35450000 -0.60656700
v 4.32566000 15.25450000 -0.58894900
v 4.42563000 15.56350000 -0.62137100
v 4.42558000 15.46410000 -0.60385000
v 4.42473000 15.35830000 -0.58535700
v 4.42469000 15.25820000 -0.56771800
v 4.52517000 15.56650000 -0.60490900
v 4.52512000 15.46700000 -0.58738400
v 4.52474000 15.36140000 -0.56881400
v 4.52471000 15.26120000 -0.55114300
v 4.62494000 15.56850000 -0.59315300
v 4.62490000 15.46930000 -0.57565600
v 4.62529000 15.36380000 -0.55702800
v 4.62526000 15.26320000 -0.53929200
v 4.72560000 15.56980000 -0.58602600
v 4.72556000 15.46990000 -0.56842500
v 4.72659000 15.36560000 -0.54996700
v 4.72651000 15.26450000 -0.53215200
v 1.48404346 12.82553307 -0.00567372
v 1.57848645 12.79982354 0.00023299
v 1.59747938 12.89128919 0.00959951
v 1.52289373 12.90994508 -0.00872207
v 1.46064773 12.92931014 0.00874925
v 1.40722999 12.88006453 -0.00525612
v 1.67855059 12.79192563 0.00707047
v 1.68509608 12.88543534 -0.00833895
v 1.69427002 12.97270001 -0.00000112
v 1.61888999 12.97640001 0.00000710
v 1.53550987 12.98020009 0.00000050
v 1.44543732 12.98707368 -0.00965146
v 1.35368922 12.95705774 -0.00454753
v 1.77828507 12.79200018 0.00702488
v 1.78257396 12.88597006 0.00709143
v 1.78993998 12.97640024 0.00001498
v 1.79551000 13.05810000 0.00000000
v 1.70696000 13.05360000 0.00000000
v 1.62615000 13.06010000 0.00000000
v 1.53661019 13.06380007 -0.00001936
v 1.43417417 13.06081230 -0.01040042
v 1.32798616 13.04992465 0.00079996
v 0.10542100 15.33870000 0.00000000
v 0.10950000 14.68500000 0.00000000
v 0.10419500 15.23190000 0.00000000
v 0.10950300 14.79300000 0.00000000
v 0.10813700 14.89930000 0.00000000
v 0.10871300 15.11360000 0.00000000
v 0.10810800 15.00640000 0.00000000
v 0.20245200 15.34760000 0.00000000
v 1.87818463 12.79360866 0.00587495
v 1.88308718 12.88972662 0.00752622
v 1.87944999 12.98510011 0.00000796
v 1.88247000 13.06310000 0.00000000
v 1.88299000 13.12830000 0.00000000
v 1.80345000 13.13680000 0.00000000
v 1.71780000 13.14330000 0.00000000
v 1.63787000 13.15200000 0.00000000
v 1.54097028 13.15590002 0.00001241
v 1.43440871 13.15533204 0.01101689
v 1.32140036 13.15574770 0.00993161
v 1.32008605 13.26192688 0.00839680
v 1.32531958 13.36762038 0.00318779
v 1.32850000 13.47330000 0.00000000
v 0.21900000 14.68500000 0.00000000
v 0.21210200 15.24470000 0.00000000
v 0.21900100 14.79360000 0.00000000
v 0.21353100 15.13360000 0.00000000
v 0.21852100 14.90110000 0.00000000
v 0.22112700 15.00700000 0.00000000
v 0.29923700 15.35700000 0.00000000
v 0.31067300 15.25880000 0.00000000
v 1.97784954 12.79199886 0.00754022
v 1.97813966 12.89304835 0.00335507
v 1.97510993 12.98830036 0.00001764
v 1.97661000 13.07950000 0.00000000
v 1.96716000 13.15130000 0.00000000
v 1.94316000 13.22290000 0.00000000
v 1.88026000 13.18260000 0.00000000
v 1.81783000 13.21410000 0.00000000
v 1.73805000 13.24340000 0.00000000
v 1.65405000 13.26090000 0.00000000
v 1.54158003 13.26180002 0.00000394
v 1.43429479 13.26177217 0.00594080
v 1.43403028 13.36750067 0.00003981
v 1.43376000 13.47330000 0.00000000
v 1.32850000 13.57920000 0.00000000
v 1.43315000 13.57920000 0.00000000
v 0.32850000 14.68500000 0.00000000
v 0.33117800 14.79400000 0.00000000
v 0.32541000 15.15250000 0.00000000
v 0.33494100 14.90340000 0.00000000
v 0.33065800 15.02810000 0.00000000
v 0.41072400 15.27240000 0.00000000
v 0.39561300 15.37010000 0.00000000
v 0.44056900 15.17180000 0.00000000
v 0.49143800 15.38670000 0.00000000
v 2.07832826 12.79289194 0.00899717
v 2.07838255 12.89608549 0.01091110
v 2.07570000 12.99300018 0.00000860
v 2.07359000 13.08670000 0.00000000
v 2.06643000 13.16960000 0.00000000
v 0.42652900 14.68020000 0.00000000
v 0.52360600 14.66580000 0.00000000
v 0.61880000 14.64190000 0.00000000
v 2.05565000 13.25630000 0.00000000
v 1.32850000 13.68500000 0.00000000
v 0.71155800 14.60870000 0.00000000
v 1.32376000 13.78230000 0.00000000
v 0.80025500 14.56670000 0.00000000
v 1.30944000 13.87930000 0.00000000
v 0.88440800 14.51620000 0.00000000
v 1.28567000 13.97450000 0.00000000
v 0.96320800 14.45780000 0.00000000
v 1.25253000 14.06730000 0.00000000
v 1.03589000 14.39180000 0.00000000
v 1.21061000 14.15600000 0.00000000
v 1.10177000 14.31910000 0.00000000
v 1.16019000 14.24020000 0.00000000
v 2.04421000 13.35570000 0.00000000
v 1.89645000 13.31350000 0.00000000
v 1.76695000 13.34850000 0.00000000
v 1.65989000 13.36600000 0.00000000
v 1.54261000 13.36770000 0.00000000
v 1.54426000 13.47380000 0.00000000
v 1.54625000 13.58060000 0.00000000
v 1.43107000 13.68750000 0.00000000
v 1.54017000 13.70390000 0.00000000
v 0.43689800 14.78560000 0.00000000
v 0.58628600 15.40670000 0.00000000
v 0.45479000 14.90320000 0.00000000
v 0.48270500 15.06480000 0.00000000
v 0.52944800 15.18880000 0.00000000
v 0.51011500 15.28960000 0.00000000
v 0.54714200 15.12810000 0.00000000
v 0.60860200 15.31030000 0.00000000
v 2.17801251 12.79840800 0.00148342
v 2.16998431 12.89750369 -0.00986406
v 2.16667991 12.99310022 -0.00002127
v 2.15881000 13.07980000 0.00000000
v 2.15122000 13.17420000 0.00000000
v 2.14190000 13.26460000 0.00000000
v 0.54394900 14.76840000 0.00000000
v 0.64889000 14.74140000 0.00000000
v 0.75117100 14.70450000 0.00000000
v 2.12571000 13.37110000 0.00000000
v 1.42633000 13.79240000 0.00000000
v 0.83884700 14.65400000 0.00000000
v 1.40238000 13.90660000 0.00000000
v 0.93111800 14.59980000 0.00000000
v 1.37476000 14.01000000 0.00000000
v 1.01772000 14.53660000 0.00000000
v 1.33769000 14.11110000 0.00000000
v 1.09770000 14.46490000 0.00000000
v 1.29103000 14.20780000 0.00000000
v 1.17034000 14.38580000 0.00000000
v 1.23514000 14.29970000 0.00000000
v 2.12034000 13.47760000 0.00000000
v 2.04688000 13.46820000 0.00000000
v 1.94478000 13.47090000 0.00000000
v 1.78441000 13.47820000 0.00000000
v 1.66713000 13.47900000 0.00000000
v 1.67307000 13.59900000 0.00000000
v 1.67354000 13.72500000 0.00000000
v 1.53096000 13.81730000 0.00000000
v 1.65355000 13.84820000 0.00000000
v 0.68065400 15.43050000 0.00000000
v 0.56543900 14.87730000 0.00000000
v 0.70663400 15.33500000 0.00000000
v 0.59703800 15.00730000 0.00000000
v 0.62280400 15.11290000 0.00000000
v 0.61765700 15.20830000 0.00000000
v 0.73360500 15.23580000 0.00000000
v 0.77405400 15.45780000 0.00000000
v 2.27114807 12.82421631 -0.00471991
v 2.24297709 12.90958606 -0.00921753
v 2.24258992 12.99299985 -0.00000000
v 2.23853000 13.07159996 0.00000615
v 2.05949000 13.53290000 0.00000000
v 2.22941994 13.17290003 -0.00000557
v 2.22251999 13.27560000 0.00000204
v 2.21463000 13.38610000 0.00000000
v 0.67252800 14.83980000 0.00000000
v 0.78334500 14.79490000 0.00000000
v 0.87666800 14.74540000 0.00000000
v 2.21674000 13.48680000 0.00000000
v 1.50051000 13.93800000 0.00000000
v 0.97198500 14.68080000 0.00000000
v 1.46228000 14.04790000 0.00000000
v 1.06353000 14.61130000 0.00000000
v 1.41824000 14.15360000 0.00000000
v 1.14911000 14.53430000 0.00000000
v 1.36619000 14.25650000 0.00000000
v 1.22847000 14.44980000 0.00000000
v 1.30050000 14.35750000 0.00000000
v 2.12127000 13.54830000 0.00000000
v 2.22227000 13.56960000 0.00000000
v 1.99148000 13.59160000 0.00000000
v 1.80177000 13.60720000 0.00000000
v 1.79835000 13.74950000 0.00000000
v 1.77847000 13.88740000 0.00000000
v 1.61486000 13.98620000 0.00000000
v 1.73162000 14.03790000 0.00000000
v 0.80358400 15.36330000 0.00000000
v 0.70679100 14.95340000 0.00000000
v 0.83423000 15.26520000 0.00000000
v 0.77363000 15.10600000 0.00000000
v 0.88687100 15.17810000 0.00000000
v 0.86634600 15.48850000 0.00000000
v 0.89938900 15.39520000 0.00000000
v 0.95742000 15.52260000 0.00000000
v 1.04718000 15.56020000 0.00000000
v 1.13546000 15.60110000 0.00000000
v 1.22232000 15.64550000 0.00000000
v 2.30103839 12.92541041 0.00847961
v 2.34779352 12.87873266 -0.00489459
v 2.31812579 12.98654181 -0.00878210
v 2.33589670 13.06117442 0.01051274
v 2.33595212 13.16937085 -0.01094796
v 2.11490000 13.63600000 0.00000000
v 2.32995906 13.28295130 0.00395336
v 2.32309972 13.39270048 0.00012367
v 2.31678000 13.49910000 0.00000000
v 0.82646100 14.91400000 0.00000000
v 0.91896200 14.85070000 0.00000000
v 1.01989000 14.77830000 0.00000000
v 2.32068000 13.58870000 -0.00000000
v 1.56900000 14.10770000 0.00000000
v 1.11710000 14.70100000 0.00000000
v 1.51701000 14.21910000 0.00000000
v 1.20793000 14.61600000 0.00000000
v 1.45556000 14.32770000 0.00000000
v 1.29742000 14.52860000 0.00000000
v 1.38190000 14.43200000 0.00000000
v 2.22982000 13.66760000 0.00000000
v 2.32668000 13.69190000 0.00000000
v 2.11118000 13.79560000 0.00000000
v 1.94176000 13.77200000 0.00000000
v 1.91671000 13.93260000 0.00000000
v 1.85598000 14.10610000 0.00000000
v 1.67763000 14.17060000 0.00000000
v 1.80057000 14.25120000 0.00000000
v 0.93367200 15.29820000 0.00000000
v 0.88216800 15.02670000 0.00000000
v 0.95784000 15.21510000 0.00000000
v 0.94427400 15.11400000 0.00000000
v 0.98053200 15.16290000 0.00000000
v 0.99394100 15.43060000 0.00000000
v 1.01215000 15.32900000 0.00000000
v 1.08713000 15.46950000 0.00000000
v 1.17885000 15.51200000 0.00000000
v 1.26900000 15.55810000 0.00000000
v 1.35720000 15.60740000 0.00000000
v 1.30728000 15.69290000 0.00000000
v 2.40231768 12.95540781 -0.00550304
v 2.42822777 13.04995471 0.00028790
v 2.43688896 13.16636893 0.00797448
v 2.43707786 13.28255765 0.00635126
v 2.24278000 13.80330000 0.00000000
v 2.41597954 13.50150032 -0.00015982
v 2.40759000 13.60440000 -0.00000000
v 0.96907000 14.96740000 0.00000000
v 1.06964000 14.89270000 0.00000000
v 1.17356000 14.80720000 0.00000000
v 2.40449000 13.70800000 0.00000000
v 1.62502000 14.29170000 0.00000000
v 1.27728000 14.72030000 0.00000000
v 1.55590000 14.40460000 0.00000000
v 1.37800000 14.62550000 0.00000000
v 1.47213000 14.51830000 0.00000000
v 2.33556000 13.80670000 0.00000000
v 2.41356000 13.80980000 0.00000000
v 2.27290000 13.94300000 0.00000000
v 2.13146000 13.99830000 0.00000000
v 2.01876000 14.20010000 0.00000000
v 1.94874000 14.35260000 0.00000000
v 1.74541000 14.37510000 0.00000000
v 1.88335000 14.47560000 0.00000000
v 1.02953000 15.23790000 0.00000000
v 1.01363000 15.07250000 0.00000000
v 1.04146000 15.15700000 0.00000000
v 1.12861000 15.37530000 0.00000000
v 1.15237000 15.27560000 0.00000000
v 1.22393000 15.41950000 0.00000000
v 1.31751000 15.46750000 0.00000000
v 1.40908000 15.51870000 0.00000000
v 1.49868000 15.57360000 0.00000000
v 1.44356000 15.66020000 0.00000000
v 1.39051000 15.74370000 0.00000000
v 2.35387000 13.91480000 0.00000000
v 2.50985000 13.51470000 -0.00000005
v 2.49870000 13.61200000 0.00000000
v 2.49413000 13.70870000 0.00000000
v 1.12226000 15.01620000 0.00000000
v 1.24673000 14.94410000 0.00000000
v 1.36581000 14.85650000 0.00000000
v 2.48910000 13.81430000 0.00000000
v 1.68295000 14.50500000 0.00000000
v 1.47960000 14.75300000 0.00000000
v 1.58609000 14.63450000 0.00000000
v 2.41925000 13.89940000 0.00000000
v 2.48289000 13.90060000 0.00000000
v 2.38973000 13.98160000 0.00000000
v 2.33615000 14.03730000 0.00000000
v 2.25115000 14.13540000 0.00000000
v 2.14618000 14.29240000 0.00000000
v 2.06114000 14.43860000 0.00000000
v 1.99530000 14.55740000 0.00000000
v 1.81959000 14.60460000 0.00000000
v 1.93248000 14.67580000 0.00000000
v 1.18117000 15.15180000 0.00000000
v 1.27079000 15.32350000 0.00000000
v 1.31680000 15.23470000 0.00000000
v 1.47165000 15.79730000 0.00000000
v 1.36795000 15.37340000 0.00000000
v 1.46302000 15.42670000 0.00000000
v 1.55601000 15.48370000 0.00000000
v 1.64650000 15.54360000 0.00000000
v 1.58591000 15.63140000 0.00000000
v 1.52769000 15.71590000 0.00000000
v 1.55061000 15.85380000 0.00000000
v 1.62750000 15.91350000 0.00000000
v 1.70209000 15.97600000 0.00000000
v 2.42441000 13.94950000 0.00000000
v 2.60967000 13.53140000 0.00000061
v 2.59379000 13.62770000 0.00000000
v 2.58377000 13.72070000 0.00000000
v 2.58231000 13.81220000 0.00000000
v 1.31628000 15.06240000 0.00000000
v 1.44300000 14.97830000 0.00000000
v 1.58321000 14.88300000 0.00000000
v 2.57847000 13.91280000 0.00000000
v 1.74209000 14.79330000 0.00000000
v 2.55662000 13.99920000 0.00000000
v 2.47147000 13.96660000 0.00000000
v 2.44588000 14.02390000 0.00000000
v 2.40764000 14.09820000 0.00000000
v 2.34093000 14.21750000 0.00000000
v 2.24051000 14.37960000 0.00000000
v 2.15463000 14.52010000 0.00000000
v 2.08537000 14.62910000 0.00000000
v 2.02187000 14.73160000 0.00000000
v 1.87720000 14.81560000 0.00000000
v 1.96430000 14.83990000 0.00000000
v 1.39226000 15.15800000 0.00000000
v 1.40661000 15.29830000 0.00000000
v 1.44167000 15.23040000 0.00000000
v 1.60966000 15.77460000 0.00000000
v 1.50811000 15.33530000 0.00000000
v 1.61569000 15.39020000 0.00000000
v 1.70973000 15.45200000 0.00000000
v 1.80197000 15.51850000 0.00000000
v 1.73497000 15.60720000 0.00000000
v 1.67101000 15.69250000 0.00000000
v 1.68942000 15.83670000 0.00000000
v 1.76666000 15.90190000 0.00000000
v 1.77421000 16.04130000 0.00000000
v 1.84117000 15.97010000 0.00000000
v 2.70956000 13.54770000 0.00000000
v 2.69405000 13.64550000 0.00000000
v 2.67809000 13.73920000 0.00000000
v 2.66976000 13.82820000 0.00000000
v 2.66451000 13.91940000 0.00000000
v 1.49668000 15.09230000 0.00000000
v 1.64018000 15.00120000 0.00000000
v 1.77358000 14.94160000 0.00000000
v 2.65164000 14.01340000 0.00000000
v 1.87815000 14.92010000 0.00000000
v 2.62381000 14.11380000 0.00000000
v 2.52828000 14.07370000 0.00000000
v 2.49697000 14.15550000 0.00000000
v 2.44051000 14.29900000 0.00000000
v 2.36019000 14.51440000 0.00000000
v 2.25653000 14.62300000 0.00000000
v 2.17885000 14.71150000 0.00000000
v 2.09512000 14.79360000 0.00000000
v 2.02671000 14.87100000 0.00000000
v 1.95430000 14.91240000 0.00000000
v 2.00141000 14.91230000 0.00000000
v 1.54659000 15.22330000 0.00000000
v 1.75377000 15.75730000 0.00000000
v 1.68810000 15.30030000 0.00000000
v 1.78965000 15.36940000 0.00000000
v 1.88307000 15.44270000 0.00000000
v 1.97409000 15.52110000 0.00000000
v 1.89151000 15.59060000 0.00000000
v 1.82094000 15.67530000 0.00000000
v 1.83371000 15.82570000 0.00000000
v 1.91049000 15.89760000 0.00000000
v 1.91270000 16.04140100 0.00000000
v 1.84374000 16.10920000 0.00000000
v 1.98363000 15.97330000 0.00000000
v 2.80961000 13.56320000 0.00000000
v 2.79472000 13.66210000 0.00000000
v 2.77932000 13.75890000 0.00000000
v 2.76278000 13.85010000 0.00000000
v 2.75688000 13.93840000 0.00000000
v 2.73985000 14.03010000 0.00000000
v 1.69689000 15.11010000 0.00000000
v 1.81366000 15.03270000 0.00000000
v 1.89856000 14.99210000 0.00000000
v 2.72403000 14.14120000 0.00000000
v 1.96863000 14.96990000 0.00000000
v 2.71138000 14.25050000 0.00000000
v 2.59669000 14.20840000 0.00000000
v 2.55324000 14.35460000 0.00000000
v 2.49705000 14.52030000 0.00000000
v 2.47644000 14.62920000 0.00000000
v 2.40302000 14.65890000 0.00000000
v 2.32697000 14.71290000 0.00000000
v 2.23650000 14.78800000 0.00000000
v 2.15368000 14.85530000 0.00000000
v 2.07312000 14.91390000 0.00000000
v 2.02292000 14.95010000 0.00000000
v 1.78122000 15.19390000 0.00000000
v 1.91060000 16.17989900 0.00000000
v 1.90367000 15.74760000 0.00000000
v 1.86965000 15.28140000 0.00000000
v 1.96681000 15.35860000 0.00000000
v 2.05845000 15.44360000 0.00000000
v 2.14819000 15.52780000 0.00000000
v 2.06108000 15.59440000 0.00000000
v 1.97728000 15.66810000 0.00000000
v 1.98257000 15.82440000 0.00000000
v 2.05659000 15.90620000 0.00000000
v 2.05238000 16.05200000 0.00000000
v 1.98096000 16.11560100 0.00000000
v 2.12449000 15.99060000 0.00000000
v 1.97442000 16.25230000 0.00000000
v 2.90980000 13.57780000 0.00000000
v 2.89560000 13.67760000 0.00000000
v 2.88101000 13.77650000 0.00000000
v 2.86539000 13.87250000 0.00000000
v 2.84769000 13.96290000 0.00000000
v 2.82863000 14.05260000 0.00000000
v 2.82198000 14.16370000 0.00000000
v 1.86487000 15.12690000 0.00000000
v 1.93742000 15.08170000 0.00000000
v 2.00196000 15.04290000 0.00000000
v 2.81579000 14.28210000 0.00000000
v 2.05485000 15.00990000 0.00000000
v 2.81642000 14.40350000 0.00000000
v 2.70193000 14.42720000 0.00000000
v 2.59678000 14.56870000 0.00000000
v 2.52743000 14.67180000 0.00000000
v 2.45045000 14.72780000 0.00000000
v 2.37230000 14.78450000 0.00000000
v 2.28970000 14.85230000 0.00000000
v 2.20644000 14.91980000 0.00000000
v 2.11553000 14.97440000 0.00000000
v 1.93979000 15.21940000 0.00000000
v 2.04548000 16.19050000 0.00000000
v 2.05784000 15.75200000 0.00000000
v 2.03751000 15.29390000 0.00000000
v 2.13797000 15.38000000 0.00000000
v 2.22427000 15.47120000 0.00000000
v 2.28577000 15.57530000 0.00000000
v 2.20836000 15.63140000 0.00000000
v 2.13881000 15.68660000 0.00000000
v 2.13121000 15.84220000 0.00000000
v 2.19548000 15.93190000 0.00000000
v 2.18543000 16.06850100 0.00000000
v 2.11646000 16.12960100 0.00000000
v 2.25137000 16.00560000 0.00000000
v 2.10732000 16.26289900 0.00000000
v 2.03608000 16.32420000 0.00000000
v 1.96414000 16.38550000 0.00000000
v 3.01012000 13.59170000 0.00000000
v 2.99665000 13.69190000 0.00000000
v 2.98288000 13.79210000 0.00000000
v 2.96840000 13.89120000 0.00000000
v 2.95226000 13.98770000 0.00000000
v 2.93231000 14.08300000 0.00000000
v 2.91671000 14.18650000 0.00000000
v 2.90004000 14.30190000 0.00000000
v 2.00174000 15.16350000 0.00000000
v 2.04957000 15.10500000 0.00000000
v 2.07944000 15.04960000 0.00000000
v 2.89328000 14.39570000 0.00000000
v 2.14328000 15.04470000 0.00000000
v 2.89286000 14.45460000 0.00000000
v 2.84244000 14.48470000 0.00000000
v 2.77296000 14.53680000 0.00000000
v 2.67375000 14.65150000 0.00000000
v 2.59387000 14.74680000 0.00000000
v 2.52463000 14.81830000 0.00000000
v 2.44024000 14.88100000 0.00000000
v 2.35596000 14.94210000 0.00000000
v 2.25728000 14.99280000 0.00000000
v 2.10312000 15.22770000 0.00000000
v 2.17708000 16.20150000 0.00000000
v 2.20611000 15.78430000 0.00000000
v 2.20857000 15.31810000 0.00000000
v 2.29503000 15.41450000 0.00000000
v 2.35814000 15.52230000 0.00000000
v 2.41029000 15.61420000 0.00000000
v 2.34397000 15.67020000 0.00000000
v 2.27585000 15.72870000 0.00000000
v 2.26223000 15.86110000 0.00000000
v 2.31815000 15.93280000 0.00000000
v 2.30866000 16.07460000 0.00000000
v 2.24448000 16.13900000 0.00000000
v 2.37099000 15.99980000 0.00000000
v 2.23773000 16.27179900 0.00000000
v 2.16853000 16.33370000 0.00000000
v 2.09734000 16.39530000 0.00000000
v 2.02501000 16.45690000 0.00000000
v 3.11057000 13.60480000 0.00000000
v 3.09783000 13.70540000 0.00000000
v 3.08487000 13.80630000 0.00000000
v 3.07145000 13.90710000 0.00000000
v 3.05697000 14.00720000 0.00000000
v 3.03999000 14.10790000 0.00000000
v 3.01853000 14.21320000 0.00000000
v 2.99269000 14.32330000 0.00000000
v 2.97101000 14.40850000 0.00000000
v 2.16324000 15.13760000 0.00000000
v 2.94714000 14.48160000 0.00000000
v 2.31733000 15.07640000 0.00000000
v 2.90365000 14.54610000 0.00000000
v 2.84175000 14.62210000 0.00000000
v 2.74551000 14.73570000 0.00000000
v 2.66491000 14.82420000 0.00000000
v 2.58717000 14.89360000 0.00000000
v 2.50047000 14.95820000 0.00000000
v 2.41211000 15.02110000 0.00000000
v 2.28844000 15.25150000 0.00000000
v 2.30390000 16.20850000 0.00000000
v 2.32761000 15.79830000 0.00000000
v 2.37074000 15.35670000 0.00000000
v 2.46820000 15.56730000 0.00000000
v 2.43491000 15.47800000 0.00000000
v 2.51906000 15.54110000 0.00000000
v 2.55588000 15.56770000 0.00000000
v 2.50538000 15.61370000 0.00000000
v 2.44957000 15.67350000 0.00000000
v 2.38912000 15.73560000 0.00000000
v 2.37734000 15.86610000 0.00000000
v 2.42838000 15.93090000 0.00000000
v 2.42483000 16.06730100 0.00000000
v 2.36640000 16.14310100 0.00000000
v 2.48127000 15.99630000 0.00000000
v 2.36305000 16.27780000 0.00000000
v 2.29854000 16.34180100 0.00000000
v 2.23004000 16.40390000 0.00000000
v 2.15889000 16.46610100 0.00000000
v 2.08588000 16.52829900 0.00000000
v 3.21112000 13.61720000 0.00000000
v 3.19913000 13.71790000 0.00000000
v 3.18696000 13.81930000 0.00000000
v 3.17449000 13.92100000 0.00000000
v 3.16140000 14.02300000 0.00000000
v 3.14693000 14.12640000 0.00000000
v 3.13021000 14.23430000 0.00000000
v 3.10031000 14.33940000 0.00000000
v 3.07301000 14.43730000 0.00000000
v 3.04269000 14.52980000 0.00000000
v 2.39254000 15.17350000 0.00000000
v 2.99345000 14.61760000 0.00000000
v 2.47831000 15.11410000 0.00000000
v 2.92662000 14.71470000 0.00000000
v 2.82736000 14.83770000 0.00000000
v 2.74285000 14.92250000 0.00000000
v 2.65104000 14.98650000 0.00000000
v 2.56484000 15.04890000 0.00000000
v 2.45522000 15.28980000 0.00000000
v 2.42347000 16.21110000 0.00000000
v 2.43436000 15.79980000 0.00000000
v 2.53060000 15.45370000 0.00000000
v 2.60129000 15.49870000 0.00000000
v 2.65774000 15.54890000 0.00000000
v 2.59765000 15.60590000 0.00000000
v 2.54690000 15.66630000 0.00000000
v 2.49178000 15.73280000 0.00000000
v 2.48010000 15.86650000 0.00000000
v 2.53236000 15.93030000 0.00000000
v 2.53925000 16.07180000 0.00000000
v 2.48008000 16.14160000 0.00000000
v 2.59361000 16.00630000 0.00000000
v 2.47930000 16.27860100 0.00000000
v 2.42129000 16.34680000 0.00000000
v 2.35909000 16.41200100 0.00000000
v 2.29209000 16.47419900 0.00000000
v 2.22063000 16.53640000 0.00000000
v 2.14674000 16.59980000 0.00000000
v 3.31178000 13.62880000 0.00000000
v 3.30053000 13.72970000 0.00000000
v 3.28914000 13.83130000 0.00000000
v 3.27755000 13.93350000 0.00000000
v 3.26559000 14.03640000 0.00000000
v 3.25292000 14.14090000 0.00000000
v 3.23930000 14.24920000 0.00000000
v 3.22411000 14.36280000 0.00000000
v 3.19948000 14.45930000 0.00000000
v 3.16760000 14.58310000 0.00000000
v 3.12924000 14.68730000 0.00000000
v 2.54132000 15.21080000 0.00000000
v 3.07193000 14.83610000 0.00000000
v 2.62664000 15.13260000 0.00000000
v 2.91369000 14.92980000 0.00000000
v 2.80637000 15.00260000 0.00000000
v 2.71021000 15.07050000 0.00000000
v 2.62356000 15.34160000 0.00000000
v 2.53361000 16.20750000 0.00000000
v 2.53656000 15.79640000 0.00000000
v 2.67889000 15.42030000 0.00000000
v 2.72213000 15.48160000 0.00000000
v 2.76782000 15.54410000 0.00000000
v 2.70330000 15.60800000 0.00000000
v 2.64747000 15.66930000 0.00000000
v 2.59440000 15.72720000 0.00000000
v 2.58971000 15.86150000 0.00000000
v 2.65244000 15.94180000 0.00000000
v 2.64394000 16.07010100 0.00000000
v 2.59106000 16.13600000 0.00000000
v 2.70127000 16.00470000 0.00000000
v 2.58658000 16.27190000 0.00000000
v 2.53440000 16.34470000 0.00000000
v 2.47853000 16.41470000 0.00000000
v 2.41856000 16.48200000 0.00000000
v 2.35411000 16.54670000 0.00000000
v 2.28394000 16.60980000 0.00000000
v 2.21119000 16.67440000 0.00000000
v 3.41253000 13.63960000 0.00000000
v 3.40202000 13.74070000 0.00000000
v 3.39141000 13.84250000 0.00000000
v 3.38065000 13.94490000 0.00000000
v 3.36966000 14.04820000 0.00000000
v 3.35831000 14.15300000 0.00000000
v 3.34663000 14.26080000 0.00000000
v 3.33534000 14.37300000 0.00000000
v 3.31339000 14.47790000 0.00000000
v 3.27921000 14.60220000 0.00000000
v 3.25220000 14.72740000 0.00000000
v 3.22601000 14.85140000 0.00000000
v 3.22203000 14.96510000 0.00000000
v 3.11222000 14.98000000 0.00000000
v 2.69999000 15.26060000 0.00000000
v 2.97382000 15.03300000 0.00000000
v 2.77527000 15.18910000 0.00000000
v 2.87258000 15.11250000 0.00000000
v 2.75530000 15.35990000 0.00000000
v 2.64323000 16.19640000 0.00000000
v 2.64800000 15.79290000 0.00000000
v 2.79513000 15.42470000 0.00000000
v 2.83695000 15.49650000 0.00000000
v 2.87637000 15.56820000 0.00000000
v 2.81884000 15.61280000 0.00000000
v 2.75536000 15.67980000 0.00000000
v 2.69984000 15.73740000 0.00000000
v 2.70948000 15.87530000 0.00000000
v 2.75683000 15.93670000 0.00000000
v 2.74796000 16.06600000 0.00000000
v 2.69298000 16.13229900 0.00000000
v 2.80498000 15.99190000 0.00000000
v 2.69687000 16.25630000 0.00000000
v 2.64137000 16.33420000 0.00000000
v 2.59129000 16.40840000 0.00000000
v 2.53746000 16.47990000 0.00000000
v 2.47948000 16.54890100 0.00000000
v 2.41695000 16.61540000 0.00000000
v 2.34850000 16.68040100 0.00000000
v 2.27756000 16.74700000 0.00000000
v 3.51336000 13.64970000 0.00000000
v 3.50360000 13.75090000 0.00000000
v 3.49376000 13.85280000 0.00000000
v 3.48380000 13.95540000 0.00000000
v 3.47369000 14.05890000 0.00000000
v 3.46339000 14.16370000 0.00000000
v 3.45300000 14.27070000 0.00000000
v 3.44313000 14.38100000 0.00000000
v 3.43516000 14.49190000 0.00000000
v 3.40769000 14.61160000 0.00000000
v 3.37858000 14.73660000 0.00000000
v 3.34906000 14.86060000 0.00000000
v 3.22344000 15.05630000 0.00000000
v 3.14738000 15.07140000 0.00000000
v 3.22778000 15.11080000 0.00000000
v 3.32052000 14.97840000 0.00000000
v 3.29642000 15.06680000 0.00000000
v 3.27522000 15.13540000 0.00000000
v 3.02891000 15.12900000 0.00000000
v 2.83345000 15.29570000 0.00000000
v 2.92983000 15.21180000 0.00000000
v 2.87440000 15.38480000 0.00000000
v 2.74376000 16.19129900 0.00000000
v 2.75938000 15.81120000 0.00000000
v 2.90426000 15.47310000 0.00000000
v 2.92573000 15.54710000 0.00000000
v 2.93706000 15.58910000 0.00000000
v 2.91028000 15.61730000 0.00000000
v 2.86402000 15.68120000 0.00000000
v 2.80882000 15.75010000 0.00000000
v 2.80644000 15.86980000 0.00000000
v 2.85460000 15.92820000 0.00000000
v 2.85427000 16.04900000 0.00000000
v 2.79692000 16.12280100 0.00000000
v 2.90388000 15.98640000 0.00000000
v 2.79620000 16.24950000 0.00000000
v 2.75169000 16.31539900 0.00000000
v 2.69783000 16.39500000 0.00000000
v 2.64989000 16.47060000 0.00000000
v 2.59813000 16.54360000 0.00000000
v 2.54218000 16.61430000 0.00000000
v 2.48164000 16.68250100 0.00000000
v 2.41506000 16.74920100 0.00000000
v 2.34602000 16.81790000 0.00000000
v 3.61426000 13.65910000 0.00000000
v 3.60526000 13.76030000 0.00000000
v 3.59618000 13.86230000 0.00000000
v 3.58701000 13.96510000 0.00000000
v 3.57773000 14.06870000 0.00000000
v 3.56834000 14.17340000 0.00000000
v 3.55895000 14.27980000 0.00000000
v 3.54997000 14.38850000 0.00000000
v 3.54237000 14.49790000 0.00000000
v 3.52738000 14.62080000 0.00000000
v 3.50087000 14.75190000 0.00000000
v 3.46507000 14.87670000 0.00000000
v 3.43005000 14.99700000 0.00000000
v 3.18154000 15.14350000 0.00000000
v 3.08860000 15.21450000 0.00000000
v 3.23384000 15.19570000 0.00000000
v 3.30474000 15.25180000 0.00000000
v 3.40001000 15.09310000 0.00000000
v 3.36480000 15.18450000 0.00000000
v 2.99681000 15.33410000 0.00000000
v 2.98978000 15.46270000 0.00000000
v 2.84745000 16.17989900 0.00000000
v 2.85355000 15.80520000 0.00000000
v 2.98401000 15.54460000 0.00000000
v 2.97674000 15.60140000 0.00000000
v 2.94922000 15.65590000 0.00000000
v 2.90315000 15.73030000 0.00000000
v 2.90586000 15.86510000 0.00000000
v 2.95535000 15.92110000 0.00000000
v 2.95217000 16.04280100 0.00000000
v 2.90360000 16.10610000 0.00000000
v 3.00203000 15.97790000 0.00000000
v 2.89940000 16.23510000 0.00000000
v 2.85026000 16.30610100 0.00000000
v 2.80786000 16.37290000 0.00000000
v 2.75600000 16.45410000 0.00000000
v 2.71019000 16.53100000 0.00000000
v 2.66049000 16.60560000 0.00000000
v 2.60655000 16.67779900 0.00000000
v 2.54803000 16.74780100 0.00000000
v 2.48365000 16.81650000 0.00000000
v 2.41670000 16.88690000 0.00000000
v 3.71523000 13.66770000 0.00000000
v 3.70698000 13.76900000 0.00000000
v 3.69866000 13.87110000 0.00000000
v 3.69027000 13.97390000 0.00000000
v 3.68180000 14.07760000 0.00000000
v 3.67325000 14.18230000 0.00000000
v 3.66472000 14.28820000 0.00000000
v 3.65647000 14.39580000 0.00000000
v 3.64910000 14.50400000 0.00000000
v 3.65460000 14.61810000 0.00000000
v 3.68185000 14.79440000 0.00000000
v 3.61250000 14.92020000 0.00000000
v 3.56681000 15.02590000 0.00000000
v 3.53203000 15.12090000 0.00000000
v 3.16083000 15.27340000 0.00000000
v 3.10600000 15.37120000 0.00000000
v 3.23064000 15.32570000 0.00000000
v 3.30578000 15.39630000 0.00000000
v 3.37206000 15.34300000 0.00000000
v 3.48619000 15.26910000 0.00000000
v 3.07893000 15.47170000 0.00000000
v 3.06091000 15.55130000 0.00000000
v 2.95299000 16.16280000 0.00000000
v 2.95672000 15.80320000 0.00000000
v 3.04490000 15.62330000 0.00000000
v 3.02244000 15.72420000 0.00000000
v 3.00404000 15.87040000 0.00000000
v 3.04694000 15.93270000 0.00000000
v 3.05077000 16.03720100 0.00000000
v 3.00103000 16.10010000 0.00000000
v 3.09138000 15.99530000 0.00000000
v 2.99807000 16.21279900 0.00000000
v 2.95330000 16.28840100 0.00000000
v 2.90622000 16.36090100 0.00000000
v 2.86567000 16.42880100 0.00000000
v 2.81606000 16.51149900 0.00000000
v 2.77240000 16.58960000 0.00000000
v 2.72475000 16.66550100 0.00000000
v 2.67280000 16.73920100 0.00000000
v 2.61624000 16.81090000 0.00000000
v 2.55396000 16.88159900 0.00000000
v 2.48903000 16.95380000 0.00000000
v 3.81627000 13.67550000 0.00000000
v 3.80876000 13.77690000 0.00000000
v 3.80121000 13.87910000 0.00000000
v 3.79359000 13.98200000 0.00000000
v 3.78591000 14.08570000 0.00000000
v 3.77817000 14.19030000 0.00000000
v 3.77044000 14.29600000 0.00000000
v 3.76288000 14.40300000 0.00000000
v 3.77352000 14.50660000 0.00000000
v 3.78515000 14.61230000 0.00000000
v 3.81372000 14.73940000 0.00000000
v 3.83966000 14.85050000 0.00000000
v 3.76375000 14.88450000 0.00000000
v 3.71449000 14.95640000 0.00000000
v 3.67937000 15.05410000 0.00000000
v 3.66154000 15.16110000 0.00000000
v 3.64205000 15.27360000 0.00000000
v 3.18201000 15.40320000 0.00000000
v 3.16261000 15.48360000 0.00000000
v 3.26272000 15.44510000 0.00000000
v 3.30080000 15.46990000 0.00000000
v 3.33741000 15.45110000 0.00000000
v 3.41157000 15.42700000 0.00000000
v 3.53494000 15.40070000 0.00000000
v 3.64015000 15.38420000 0.00000000
v 3.14509000 15.55940000 0.00000000
v 3.13721000 15.64220000 0.00000000
v 3.04100000 16.14920000 0.00000000
v 3.06116000 15.82480000 0.00000000
v 3.12680000 15.72630000 0.00000000
v 3.11652000 15.80230000 0.00000000
v 3.10527000 15.89650000 0.00000000
v 3.13742000 15.96950000 0.00000000
v 3.12537000 16.03760000 0.00000000
v 3.08977000 16.08340100 0.00000000
v 3.15000000 16.01070000 0.00000000
v 3.08934000 16.19990000 0.00000000
v 3.05294000 16.26740100 0.00000000
v 3.00894000 16.34030000 0.00000000
v 2.96397000 16.41420000 0.00000000
v 2.92516000 16.48329900 0.00000000
v 2.87786000 16.56710100 0.00000000
v 2.83641000 16.64650000 0.00000000
v 2.79088000 16.72360000 0.00000000
v 2.74097000 16.79870000 0.00000000
v 2.68638000 16.87190100 0.00000000
v 2.62586000 16.94420100 0.00000000
v 2.56293000 17.01829900 0.00000000
v 3.91734000 13.68260000 0.00000000
v 3.91060000 13.78400000 0.00000000
v 3.90380000 13.88620000 0.00000000
v 3.89696000 13.98920000 0.00000000
v 3.89006000 14.09300000 0.00000000
v 3.88312000 14.19760000 0.00000000
v 3.87617000 14.30320000 0.00000000
v 3.88064000 14.40830000 0.00000000
v 3.89436000 14.50890000 0.00000000
v 3.90835000 14.61030000 0.00000000
v 3.92700000 14.70970000 0.00000000
v 3.93574000 14.82620000 0.00000000
v 3.80025000 14.92390000 0.00000000
v 3.85143000 14.91520000 0.00000000
v 3.94085000 14.90470000 0.00000000
v 3.78347000 14.97800000 0.00000000
v 3.76285000 15.07270000 0.00000000
v 3.75341000 15.17840000 0.00000000
v 3.74787000 15.28700000 0.00000000
v 3.74602000 15.38570000 0.00000000
v 3.24470000 15.50140000 0.00000000
v 3.23722000 15.57330000 0.00000000
v 3.29902000 15.50850000 0.00000000
v 3.35241000 15.50810000 0.00000000
v 3.43213000 15.50840000 0.00000000
v 3.55868000 15.50860000 0.00000000
v 3.65213000 15.49700000 0.00000000
v 3.74496000 15.48440000 0.00000000
v 3.23532000 15.65670000 0.00000000
v 3.21065000 15.74250000 0.00000000
v 3.13282000 16.12389900 0.00000000
v 3.17498000 15.85110000 0.00000000
v 3.19431000 15.95530000 0.00000000
v 3.18770000 16.01969900 0.00000000
v 3.16392000 16.06690000 0.00000000
v 3.17926000 16.16510000 0.00000000
v 3.13815000 16.24150100 0.00000000
v 3.10511000 16.31209900 0.00000000
v 3.06616000 16.39040000 0.00000000
v 3.02336000 16.46590000 0.00000000
v 2.98658000 16.53570000 0.00000000
v 2.94120000 16.62100000 0.00000000
v 2.90199000 16.70150000 0.00000000
v 2.85860000 16.77990000 0.00000000
v 2.81075000 16.85640000 0.00000000
v 2.75816000 16.93110100 0.00000000
v 2.69974000 17.00519900 0.00000000
v 2.63893000 17.08099900 0.00000000
v 4.01846000 13.68900000 0.00000000
v 4.01247000 13.79050000 0.00000000
v 4.00643000 13.89270000 0.00000000
v 4.00036000 13.99570000 0.00000000
v 3.99425000 14.09950000 0.00000000
v 3.98810000 14.20410000 0.00000000
v 3.99268000 14.30650000 0.00000000
v 4.00076000 14.40910000 0.00000000
v 4.01843000 14.50650000 0.00000000
v 4.03531000 14.60430000 0.00000000
v 4.03906000 14.69760000 0.00000000
v 4.03863000 14.80920000 0.00000000
v 4.04001000 14.89340000 0.00000000
v 3.85434000 14.98820000 0.00000000
v 3.94239000 14.99160000 0.00000000
v 4.03987000 14.99180000 0.00000000
v 3.84331000 15.08970000 0.00000000
v 3.84290000 15.18850000 0.00000000
v 3.84260000 15.28720000 0.00000000
v 3.84243000 15.38590000 0.00000000
v 3.84235000 15.48450000 0.00000000
v 3.30390000 15.58140000 0.00000000
v 3.30751000 15.66660000 0.00000000
v 3.36616000 15.58630000 0.00000000
v 3.44369000 15.59200000 0.00000000
v 3.55997000 15.60180000 0.00000000
v 3.65080000 15.59670000 0.00000000
v 3.84231000 15.58310000 0.00000000
v 3.74438000 15.58300000 0.00000000
v 3.29930000 15.75620000 0.00000000
v 3.28941000 15.85410000 0.00000000
v 3.21077000 16.10120000 0.00000000
v 3.26639000 15.95830000 0.00000000
v 3.24412000 16.03940000 0.00000000
v 3.27625000 16.14730100 0.00000000
v 3.23732000 16.21390000 0.00000000
v 3.19950000 16.28500000 0.00000000
v 3.16439000 16.35880100 0.00000000
v 3.12516000 16.43980000 0.00000000
v 3.08443000 16.51600100 0.00000000
v 3.04845000 16.58760100 0.00000000
v 3.00607000 16.67310000 0.00000000
v 2.96917000 16.75470000 0.00000000
v 2.92799000 16.83420000 0.00000000
v 2.88224000 16.91200100 0.00000000
v 2.83166000 16.98810000 0.00000000
v 2.77516000 17.06380100 0.00000000
v 2.71644000 17.14139900 0.00000000
v 2.79554000 17.19949900 0.00000000
v 4.11962000 13.69460000 0.00000000
v 4.11437000 13.79610000 0.00000000
v 4.10910000 13.89840000 0.00000000
v 4.10380000 14.00140000 0.00000000
v 4.09846000 14.10520000 0.00000000
v 4.10353000 14.20570000 0.00000000
v 4.11193000 14.30620000 0.00000000
v 4.12558000 14.40890000 0.00000000
v 4.13302000 14.50210000 0.00000000
v 4.13622000 14.59890000 0.00000000
v 4.13748000 14.69670000 0.00000000
v 4.13793000 14.79490000 0.00000000
v 4.13806000 14.89330000 0.00000000
v 4.13807000 14.99180000 0.00000000
v 3.94180000 15.09020000 0.00000000
v 4.03971000 15.09030000 0.00000000
v 4.13805000 15.09040000 0.00000000
v 3.94140000 15.18880000 0.00000000
v 3.94116000 15.28740000 0.00000000
v 3.94103000 15.38600000 0.00000000
v 3.94095000 15.48450000 0.00000000
v 3.94091000 15.58310000 0.00000000
v 3.37407000 15.67470000 0.00000000
v 3.37770000 15.76790000 0.00000000
v 3.45117000 15.68230000 0.00000000
v 3.56024000 15.69450000 0.00000000
v 3.94088000 15.68170000 0.00000000
v 3.65345000 15.69630000 0.00000000
v 3.84229000 15.68170000 0.00000000
v 3.74406000 15.68170000 0.00000000
v 3.37769000 15.86570000 0.00000000
v 3.36626000 15.96420000 0.00000000
v 3.33793000 16.08750000 0.00000000
v 3.36355000 16.14609900 0.00000000
v 3.33311000 16.18989900 0.00000000
v 3.28756000 16.25149900 0.00000000
v 3.25103000 16.32189900 0.00000000
v 3.21698000 16.39900000 0.00000000
v 3.18114000 16.47810000 0.00000000
v 3.14546000 16.55859900 0.00000000
v 3.11163000 16.63500000 0.00000000
v 3.07224000 16.72340000 0.00000000
v 3.03774000 16.80600000 0.00000000
v 2.99886000 16.88670000 0.00000000
v 2.95534000 16.96570000 0.00000000
v 2.90687000 17.04299900 0.00000000
v 2.85214000 17.12010000 0.00000000
v 2.93115000 17.17499900 0.00000000
v 2.87690000 17.25580000 0.00000000
v 4.22079000 13.69940000 0.00000000
v 4.21630000 13.80100000 0.00000000
v 4.21179000 13.90330000 0.00000000
v 4.20726000 14.00630000 0.00000000
v 4.20305000 14.10980000 0.00000000
v 4.21610000 14.21360000 0.00000000
v 4.22641000 14.30680000 0.00000000
v 4.23201000 14.40280000 0.00000000
v 4.23466000 14.50010000 0.00000000
v 4.23582000 14.59810000 0.00000000
v 4.23631000 14.69630000 0.00000000
v 4.23650000 14.79480000 0.00000000
v 4.23656000 14.89330000 0.00000000
v 4.23657000 14.99180000 0.00000000
v 4.23657000 15.09040000 0.00000000
v 4.03960000 15.18890000 0.00000000
v 4.13803000 15.18890000 0.00000000
v 4.23656000 15.18890000 0.00000000
v 4.03953000 15.28740000 0.00000000
v 4.03948000 15.38600000 0.00000000
v 4.03946000 15.48460000 0.00000000
v 4.03944000 15.58310000 0.00000000
v 4.03943000 15.68170000 0.00000000
v 4.03943000 15.78030000 0.00000000
v 3.45782000 15.77730000 0.00000000
v 3.46230000 15.87710000 0.00000000
v 3.56033000 15.78990000 0.00000000
v 3.94087000 15.78030000 0.00000000
v 3.64950000 15.79370000 0.00000000
v 3.84229000 15.78030000 0.00000000
v 3.74390000 15.78030000 0.00000000
v 3.45990000 15.97570000 0.00000000
v 3.43422000 16.08420000 0.00000000
v 3.42260000 16.15460000 0.00000000
v 3.40439000 16.22400100 0.00000000
v 3.37976000 16.30290000 0.00000000
v 3.32792000 16.36990000 0.00000000
v 3.27580000 16.44070100 0.00000000
v 3.24226000 16.51740100 0.00000000
v 3.20759000 16.60190000 0.00000000
v 3.17577000 16.68070000 0.00000000
v 3.13965000 16.77190000 0.00000000
v 3.10756000 16.85549900 0.00000000
v 3.07099000 16.93730000 0.00000000
v 3.02970000 17.01750000 0.00000000
v 2.98345000 17.09630000 0.00000000
v 3.06148000 17.14710000 0.00000000
v 3.01148000 17.22730100 0.00000000
v 2.95953000 17.30960100 0.00000000
v 4.32199000 13.70350000 0.00000000
v 4.31825000 13.80510000 0.00000000
v 4.31450000 13.90740000 0.00000000
v 4.31111000 14.00980000 0.00000000
v 4.32010000 14.11100000 0.00000000
v 4.32737000 14.20650000 0.00000000
v 4.33143000 14.30350000 0.00000000
v 4.33343000 14.40120000 0.00000000
v 4.33438000 14.49940000 0.00000000
v 4.33481000 14.59770000 0.00000000
v 4.33499000 14.69620000 0.00000000
v 4.33507000 14.79470000 0.00000000
v 4.33510000 14.89330000 0.00000000
v 4.33511000 14.99180000 0.00000000
v 4.33511000 15.09040000 0.00000000
v 4.33511000 15.18890000 0.00000000
v 4.13801000 15.28750000 0.00000000
v 4.23656000 15.28750000 0.00000000
v 4.33511000 15.28750000 0.00000000
v 4.13800000 15.38600000 0.00000000
v 4.13800000 15.48460000 0.00000000
v 4.13799000 15.58310000 0.00000000
v 4.13799000 15.68170000 0.00000000
v 4.13799000 15.78030000 0.00000000
v 3.94088000 15.87880000 0.00000000
v 4.03943000 15.87880000 0.00000000
v 4.13799000 15.87880000 0.00000000
v 3.56411000 15.88830000 0.00000000
v 3.55211000 16.00000000 0.00000000
v 3.65335000 15.90000000 0.00000000
v 3.84827000 15.89610000 0.00000000
v 3.75252000 15.91060000 0.00000000
v 3.53497000 16.09070000 0.00000000
v 3.51755000 16.16740000 0.00000000
v 3.50702000 16.24749900 0.00000000
v 3.50004000 16.36000100 0.00000000
v 3.42119000 16.43590000 0.00000000
v 3.36174000 16.50070000 0.00000000
v 3.31559000 16.56769900 0.00000000
v 3.27639000 16.65189900 0.00000000
v 3.24506000 16.72660100 0.00000000
v 3.20854000 16.81830000 0.00000000
v 3.17889000 16.90280000 0.00000000
v 3.14464000 16.98560000 0.00000000
v 3.10557000 17.06690000 0.00000000
v 3.18300000 17.11410000 0.00000000
v 3.14106000 17.19540000 0.00000000
v 3.09305000 17.27700000 0.00000000
v 3.04335000 17.36090100 0.00000000
v 4.42319000 13.70690000 0.00000000
v 4.42021000 13.80840000 0.00000000
v 4.41753000 13.91010000 0.00000000
v 4.42336000 14.00960000 0.00000000
v 4.42815000 14.10660000 0.00000000
v 4.43089000 14.20430000 0.00000000
v 4.43231000 14.30240000 0.00000000
v 4.43302000 14.40070000 0.00000000
v 4.43336000 14.49910000 0.00000000
v 4.43353000 14.59760000 0.00000000
v 4.43360000 14.69610000 0.00000000
v 4.43364000 14.79470000 0.00000000
v 4.43365000 14.89320000 0.00000000
v 4.43366000 14.99180000 0.00000000
v 4.43366000 15.09040000 0.00000000
v 4.43366000 15.18890000 0.00000000
v 4.43366000 15.28750000 0.00000000
v 4.23655000 15.38600000 0.00000000
v 4.33511000 15.38600000 0.00000000
v 4.43366000 15.38600000 0.00000000
v 4.23655000 15.48460000 0.00000000
v 4.23655000 15.58310000 0.00000000
v 4.23655000 15.68170000 0.00000000
v 4.23655000 15.78030000 0.00000000
v 4.23655000 15.87880000 0.00000000
v 3.86197000 16.02680000 0.00000000
v 3.94406000 16.00810100 0.00000000
v 4.03903000 15.99220000 0.00000000
v 4.13799000 15.97740000 0.00000000
v 4.23655000 15.97740000 0.00000000
v 3.64581000 16.02389900 0.00000000
v 3.63597000 16.11000100 0.00000000
v 3.77102000 16.06020000 0.00000000
v 3.61534000 16.18569900 0.00000000
v 3.59042000 16.26409900 0.00000000
v 3.58040000 16.35180100 0.00000000
v 3.58039000 16.40200000 0.00000000
v 3.54101000 16.42869900 0.00000000
v 3.48562000 16.48310100 0.00000000
v 3.43022000 16.54509900 0.00000000
v 3.38933000 16.62280100 0.00000000
v 3.34961000 16.70540000 0.00000000
v 3.32088000 16.77570000 0.00000000
v 3.28725000 16.86340000 0.00000000
v 3.25161000 16.94800000 0.00000000
v 3.21979000 17.03170000 0.00000000
v 3.29609000 17.07600000 0.00000000
v 3.26173000 17.15940100 0.00000000
v 3.22205000 17.24169900 0.00000000
v 3.17610000 17.32449900 0.00000000
v 3.12871000 17.40990100 0.00000000
v 4.52439000 13.70940000 0.00000000
v 4.52234000 13.81040000 0.00000000
v 4.52579000 13.90920000 0.00000000
v 4.52866000 14.00710000 0.00000000
v 4.53034000 14.10520000 0.00000000
v 4.53125000 14.20360000 0.00000000
v 4.53172000 14.30200000 0.00000000
v 4.53197000 14.40050000 0.00000000
v 4.53209000 14.49900000 0.00000000
v 4.53216000 14.59760000 0.00000000
v 4.53219000 14.69610000 0.00000000
v 4.53221000 14.79470000 0.00000000
v 4.53222000 14.89320000 0.00000000
v 4.53222000 14.99180000 0.00000000
v 4.53222000 15.09040000 0.00000000
v 4.53222000 15.18890000 0.00000000
v 4.53222000 15.28750000 0.00000000
v 4.53222000 15.38600000 0.00000000
v 4.33510000 15.48460000 0.00000000
v 4.43366000 15.48460000 0.00000000
v 4.53222000 15.48460000 0.00000000
v 4.33510000 15.58310000 0.00000000
v 4.33510000 15.68170000 0.00000000
v 4.33510000 15.78030000 0.00000000
v 4.33510000 15.87880000 0.00000000
v 4.33510000 15.97740000 0.00000000
v 3.82032000 16.11610000 0.00000000
v 3.87136000 16.10520000 0.00000000
v 3.94249000 16.09320100 0.00000000
v 4.03942000 16.07589900 0.00000000
v 4.13798000 16.07589900 0.00000000
v 4.23654000 16.07589900 0.00000000
v 4.33510000 16.07589900 0.00000000
v 3.73048000 16.13610100 0.00000000
v 3.70226000 16.21270000 0.00000000
v 3.80220000 16.16980000 0.00000000
v 3.67461000 16.29400100 0.00000000
v 3.64089000 16.36910100 0.00000000
v 3.61526000 16.41970100 0.00000000
v 3.58341000 16.45970000 0.00000000
v 3.53584000 16.51800000 0.00000000
v 3.49050000 16.58390000 0.00000000
v 3.45258000 16.66130100 0.00000000
v 3.41629000 16.74589900 0.00000000
v 3.38941000 16.81740000 0.00000000
v 3.35817000 16.90329900 0.00000000
v 3.32537000 16.99140000 0.00000000
v 3.40002000 17.03290000 0.00000000
v 3.37335000 17.11829900 0.00000000
v 3.34152000 17.20260000 0.00000000
v 3.30429000 17.28599900 0.00000000
v 3.26073000 17.37000100 0.00000000
v 3.21579000 17.45660000 0.00000000
v 4.62559000 13.71100000 0.00000000
v 4.62731000 13.80950000 0.00000000
v 4.62879000 13.90790000 0.00000000
v 4.62968000 14.00630000 0.00000000
v 4.63019000 14.10480000 0.00000000
v 4.63046000 14.20340000 0.00000000
v 4.63061000 14.30190000 0.00000000
v 4.63069000 14.40040000 0.00000000
v 4.63073000 14.49900000 0.00000000
v 4.63075000 14.59760000 0.00000000
v 4.63077000 14.69610000 0.00000000
v 4.63077000 14.79470000 0.00000000
v 4.63078000 14.89320000 0.00000000
v 4.63078000 14.99180000 0.00000000
v 4.63078000 15.09040000 0.00000000
v 4.63078000 15.18890000 0.00000000
v 4.63078000 15.28750000 0.00000000
v 4.63078000 15.38600000 0.00000000
v 4.63078000 15.48460000 0.00000000
v 4.43366000 15.58310000 0.00000000
v 4.53222000 15.58310000 0.00000000
v 4.63078000 15.58310000 0.00000000
v 4.43366000 15.68170000 0.00000000
v 4.43366000 15.78030000 0.00000000
v 4.43366000 15.87880000 0.00000000
v 4.43366000 15.97740000 0.00000000
v 4.43366000 16.07589900 0.00000000
v 3.86935000 16.17569900 0.00000000
v 3.94086000 16.17450000 0.00000000
v 4.03942000 16.17450000 0.00000000
v 4.13799000 16.17450000 0.00000000
v 4.23655000 16.17450000 0.00000000
v 4.33510000 16.17450000 0.00000000
v 4.43366000 16.17450000 0.00000000
v 3.78484000 16.25009900 0.00000000
v 3.75769000 16.33219900 0.00000000
v 3.86134000 16.27020100 0.00000000
v 3.71239000 16.40140000 0.00000000
v 3.67596000 16.45159900 0.00000000
v 3.64100000 16.49550100 0.00000000
v 3.59273000 16.55130000 0.00000000
v 3.55278000 16.62080000 0.00000000
v 3.51674000 16.70220000 0.00000000
v 3.48363000 16.78500000 0.00000000
v 3.45877000 16.85710000 0.00000000
v 3.43033000 16.94249900 0.00000000
v 3.50340000 16.98040000 0.00000000
v 3.47561000 17.07210000 0.00000000
v 3.45161000 17.15840000 0.00000000
v 3.42234000 17.24350000 0.00000000
v 3.38762000 17.32799900 0.00000000
v 3.34664000 17.41320000 0.00000000
v 3.30420000 17.50090000 0.00000000
v 4.72800000 13.71050000 0.00000000
v 4.72855000 13.80910000 0.00000000
v 4.72889000 13.90760000 0.00000000
v 4.72909000 14.00620000 0.00000000
v 4.72920000 14.10470000 0.00000000
v 4.72926000 14.20330000 0.00000000
v 4.72930000 14.30190000 0.00000000
v 4.72932000 14.40040000 0.00000000
v 4.72933000 14.49900000 0.00000000
v 4.72933000 14.59760000 0.00000000
v 4.72934000 14.69610000 0.00000000
v 4.72934000 14.79470000 0.00000000
v 4.72934000 14.89320000 0.00000000
v 4.72934000 14.99180000 0.00000000
v 4.72934000 15.09040000 0.00000000
v 4.72934000 15.18890000 0.00000000
v 4.72934000 15.28750000 0.00000000
v 4.72934000 15.38600000 0.00000000
v 4.72934000 15.48460000 0.00000000
v 4.72934000 15.58310000 0.00000000
v 4.53222000 15.68170000 0.00000000
v 4.63078000 15.68170000 0.00000000
v 4.72934000 15.68170000 0.00000000
v 4.53222000 15.78030000 0.00000000
v 4.53222000 15.87880000 0.00000000
v 4.53222000 15.97740000 0.00000000
v 4.53222000 16.07589900 0.00000000
v 4.53222000 16.17450000 0.00000000
v 3.94087000 16.27310000 0.00000000
v 4.03943000 16.27310000 0.00000000
v 4.13799000 16.27310000 0.00000000
v 4.23655000 16.27310000 0.00000000
v 4.33510000 16.27310000 0.00000000
v 4.43366000 16.27310000 0.00000000
v 4.53222000 16.27310000 0.00000000
v 3.79006000 16.44580100 0.00000000
v 3.84877000 16.38390000 0.00000000
v 3.87870000 16.44339900 0.00000000
v 3.85089000 16.48370000 0.00000000
v 3.93223000 16.37690000 0.00000000
v 3.74530000 16.49500100 0.00000000
v 3.70231000 16.54100000 0.00000000
v 3.65504000 16.59370000 0.00000000
v 3.61298000 16.66340100 0.00000000
v 3.57819000 16.74110000 0.00000000
v 3.55171000 16.82189900 0.00000000
v 3.52903000 16.89460000 0.00000000
v 3.60027000 16.93009900 0.00000000
v 3.57767000 17.01510000 0.00000000
v 3.55221000 17.10920000 0.00000000
v 3.53090000 17.19610000 0.00000000
v 3.50423000 17.28210100 0.00000000
v 3.47202000 17.36750000 0.00000000
v 3.43368000 17.45380000 0.00000000
v 3.39376000 17.54270000 0.00000000
v 4.63078000 15.78030000 0.00000000
v 4.72934000 15.78030000 0.00000000
v 4.63078000 15.87880000 0.00000000
v 4.63078000 15.97740000 0.00000000
v 4.63078000 16.07589900 0.00000000
v 4.63078000 16.17450000 0.00000000
v 4.63078000 16.27310000 0.00000000
v 4.02293000 16.37360000 0.00000000
v 4.13798000 16.37159900 0.00000000
v 4.23654000 16.37159900 0.00000000
v 4.33510000 16.37159900 0.00000000
v 4.43366000 16.37159900 0.00000000
v 4.53222000 16.37159900 0.00000000
v 4.63078000 16.37159900 0.00000000
v 3.81498000 16.54010000 0.00000000
v 3.92629000 16.44640000 0.00000000
v 3.90813000 16.50939900 0.00000000
v 3.86194000 16.58709900 0.00000000
v 4.00838000 16.45400000 0.00000000
v 3.76942000 16.59180100 0.00000000
v 3.72636000 16.64489900 0.00000000
v 3.68817000 16.71470100 0.00000000
v 3.65168000 16.78500000 0.00000000
v 3.62082000 16.85670100 0.00000000
v 3.69767000 16.89679900 0.00000000
v 3.67090000 16.96480000 0.00000000
v 3.65292000 17.04880000 0.00000000
v 3.63478000 17.13680100 0.00000000
v 3.61122000 17.23150100 0.00000000
v 3.58719000 17.31830000 0.00000000
v 3.55748000 17.40460000 0.00000000
v 3.52170000 17.49189900 0.00000000
v 3.48431000 17.58180000 0.00000000
v 4.72934000 15.87880000 0.00000000
v 4.72934000 15.97740000 0.00000000
v 4.72934000 16.07589900 0.00000000
v 4.72934000 16.17450000 0.00000000
v 4.72934000 16.27310000 0.00000000
v 4.72934000 16.37159900 0.00000000
v 4.13018000 16.46270000 0.00000000
v 4.23655000 16.47020000 0.00000000
v 4.33511000 16.47020000 0.00000000
v 4.43366000 16.47020000 0.00000000
v 4.53222000 16.47020000 0.00000000
v 4.63078000 16.47020000 0.00000000
v 4.72934000 16.47020000 0.00000000
v 3.82581000 16.64100100 0.00000000
v 3.86389000 16.67400000 0.00000000
v 3.92186000 16.65040000 0.00000000
v 3.98595000 16.53640000 0.00000000
v 4.11681000 16.56270000 0.00000000
v 3.79363000 16.69260000 0.00000000
v 3.76350000 16.76370000 0.00000000
v 3.72472000 16.82920100 0.00000000
v 3.80912000 16.87929900 0.00000000
v 3.77377000 16.93460100 0.00000000
v 3.74789000 16.99880000 0.00000000
v 3.73110000 17.08180000 0.00000000
v 3.71257000 17.16820000 0.00000000
v 3.69243000 17.26460100 0.00000000
v 3.67117000 17.35199900 0.00000000
v 3.64399000 17.43910000 0.00000000
v 3.61055000 17.52730000 0.00000000
v 3.57568000 17.61829900 0.00000000
v 4.23655000 16.56870100 0.00000000
v 4.33510000 16.56870100 0.00000000
v 4.43366000 16.56870100 0.00000000
v 4.53222000 16.56870100 0.00000000
v 4.63078000 16.56870100 0.00000000
v 4.72934000 16.56870100 0.00000000
v 3.85829000 16.72130000 0.00000000
v 3.92040000 16.74500100 0.00000000
v 4.01631000 16.79030000 0.00000000
v 4.08810000 16.70809900 0.00000000
v 4.23609000 16.68110100 0.00000000
v 3.85764000 16.82740000 0.00000000
v 3.88207000 16.88089900 0.00000000
v 3.86220000 16.91680000 0.00000000
v 3.83962000 16.96719900 0.00000000
v 3.82193000 17.03220000 0.00000000
v 3.80773000 17.11090100 0.00000000
v 3.79208000 17.19829900 0.00000000
v 3.77425000 17.29570000 0.00000000
v 3.75594000 17.38360000 0.00000000
v 3.73146000 17.47130000 0.00000000
v 3.70050000 17.56030100 0.00000000
v 3.66821000 17.65230000 0.00000000
v 4.33510000 16.66729900 0.00000000
v 4.43366000 16.66729900 0.00000000
v 4.53222000 16.66729900 0.00000000
v 4.63078000 16.66729900 0.00000000
v 4.72934000 16.66729900 0.00000000
v 3.91887000 16.83309900 0.00000000
v 3.98697000 16.84770000 0.00000000
v 4.02922000 16.86640000 0.00000000
v 4.06827000 16.84240000 0.00000000
v 4.13917000 16.81110000 0.00000000
v 4.24078000 16.78690000 0.00000000
v 4.33725000 16.77549900 0.00000000
v 3.91623000 16.88390000 0.00000000
v 3.90756000 16.93260000 0.00000000
v 3.89870000 16.98730100 0.00000000
v 3.88831000 17.05710000 0.00000000
v 3.87958000 17.13600000 0.00000000
v 3.86889000 17.22510000 0.00000000
v 3.85651000 17.32449900 0.00000000
v 3.84128000 17.41300000 0.00000000
v 3.81966000 17.50140000 0.00000000
v 3.79169000 17.59110100 0.00000000
v 3.76205000 17.68370100 0.00000000
v 4.43366000 16.76590000 0.00000000
v 4.53222000 16.76590000 0.00000000
v 4.63078000 16.76590000 0.00000000
v 4.72934000 16.76590000 0.00000000
v 3.97708000 16.89790000 0.00000000
v 4.03129000 16.90550000 0.00000000
v 4.08649000 16.89930000 0.00000000
v 4.16034000 16.88640000 0.00000000
v 4.24647000 16.87299900 0.00000000
v 4.33510000 16.86440100 0.00000000
v 4.43366000 16.86440100 0.00000000
v 3.97293000 16.94949900 0.00000000
v 3.96803000 17.00589900 0.00000000
v 3.96112000 17.08070000 0.00000000
v 3.95570000 17.16099900 0.00000000
v 3.94803000 17.25070000 0.00000000
v 3.93925000 17.35090100 0.00000000
v 3.92724000 17.43969900 0.00000000
v 3.90854000 17.52860100 0.00000000
v 3.88329000 17.61899900 0.00000000
v 3.85627000 17.71240000 0.00000000
v 4.53222000 16.86440100 0.00000000
v 4.63078000 16.86440100 0.00000000
v 4.72934000 16.86440100 0.00000000
v 4.03398000 16.95800000 0.00000000
v 4.09368000 16.96340000 0.00000000
v 4.16956000 16.97040000 0.00000000
v 4.25235000 16.97769900 0.00000000
v 4.33510000 16.96299900 0.00000000
v 4.43366000 16.96299900 0.00000000
v 4.53222000 16.96299900 0.00000000
v 4.03264000 17.01969900 0.00000000
v 4.03076000 17.09790000 0.00000000
v 4.02978000 17.18240000 0.00000000
v 4.02657000 17.27409900 0.00000000
v 4.02233000 17.37500000 0.00000000
v 4.01372000 17.46419900 0.00000000
v 3.99809000 17.55349900 0.00000000
v 3.97568000 17.64430000 0.00000000
v 3.95133000 17.73840000 0.00000000
v 4.63078000 16.96299900 0.00000000
v 4.72934000 16.96299900 0.00000000
v 4.09705000 17.03270000 0.00000000
v 4.17344000 17.04800000 0.00000000
v 4.25908000 17.06539900 0.00000000
v 4.33510000 17.06150100 0.00000000
v 4.43366000 17.06150100 0.00000000
v 4.53222000 17.06150100 0.00000000
v 4.63078000 17.06150100 0.00000000
v 4.10068000 17.11389900 0.00000000
v 4.10265000 17.19980000 0.00000000
v 4.10391000 17.29400100 0.00000000
v 4.10553000 17.39679900 0.00000000
v 4.10056000 17.48620000 0.00000000
v 4.08818000 17.57580000 0.00000000
v 4.06874000 17.66700000 0.00000000
v 4.04705000 17.76180100 0.00000000
v 4.72934000 17.06150100 0.00000000
v 4.17767000 17.13229900 0.00000000
v 4.26322000 17.14839900 0.00000000
v 4.33510000 17.16010100 0.00000000
v 4.43366000 17.16010100 0.00000000
v 4.53222000 17.16010100 0.00000000
v 4.63078000 17.16010100 0.00000000
v 4.72934000 17.16010100 0.00000000
v 4.18118000 17.21740000 0.00000000
v 4.18558000 17.31329900 0.00000000
v 4.18867000 17.41650000 0.00000000
v 4.18762000 17.50580000 0.00000000
v 4.17873000 17.59550100 0.00000000
v 4.16212000 17.68700000 0.00000000
v 4.14311000 17.78240000 0.00000000
v 4.26504000 17.23170100 0.00000000
v 4.34164000 17.24350000 0.00000000
v 4.43366000 17.25860000 0.00000000
v 4.53222000 17.25860000 0.00000000
v 4.63078000 17.25860000 0.00000000
v 4.72934000 17.25860000 0.00000000
v 4.26854000 17.32930000 0.00000000
v 4.27146000 17.43420000 0.00000000
v 4.27007000 17.51940000 0.00000000
v 4.26966000 17.61290000 0.00000000
v 4.25629000 17.70439900 0.00000000
v 4.23999000 17.80020000 0.00000000
v 4.34783000 17.34289900 0.00000000
v 4.43366000 17.35720100 0.00000000
v 4.53222000 17.35720100 0.00000000
v 4.63078000 17.35720100 0.00000000
v 4.72934000 17.35720100 0.00000000
v 4.35387000 17.44879900 0.00000000
v 4.35309000 17.53510100 0.00000000
v 4.35161000 17.62660000 0.00000000
v 4.35095000 17.71929900 0.00000000
v 4.33733000 17.81539900 0.00000000
v 4.43636000 17.45669900 0.00000000
v 4.53222000 17.45579900 0.00000000
v 4.63078000 17.45579900 0.00000000
v 4.72934000 17.45579900 0.00000000
v 4.44163000 17.54310000 0.00000000
v 4.44253000 17.63859900 0.00000000
v 4.44598000 17.73160000 0.00000000
v 4.43506000 17.82790000 0.00000000
v 4.53413000 17.55489900 0.00000000
v 4.63078000 17.55430000 0.00000000
v 4.72934000 17.55430000 0.00000000
v 4.54211000 17.64819900 0.00000000
v 4.54087000 17.74110000 0.00000000
v 4.53269000 17.83750000 0.00000000
v 4.63196000 17.65290100 0.00000000
v 4.72934000 17.65290100 0.00000000
v 4.63617000 17.74799900 0.00000000
v 4.63096000 17.84450000 0.00000000
v 4.72935000 17.75140000 0.00000000
v 4.72939000 17.84860000 0.00000000
v 1.69252000 16.01910000 -0.80093500
v 1.76026000 16.04600000 -0.79620200
v 1.86769000 16.09289900 -0.78792100
v 1.93514000 16.18660000 -0.77140300
v 1.99489000 16.07740000 -0.79065000
v 2.01509000 16.15329900 -0.77727200
v 1.97859000 16.24790000 -0.76059100
v 2.04844000 16.20920000 -0.76741900
v 2.07799000 16.08000000 -0.79020600
v 2.06492000 16.13750100 -0.78005900
v 2.10628000 16.17490000 -0.77347000
v 1.96413000 16.36879900 -0.73928500
v 2.03363000 16.31230000 -0.74924700
v 2.09833000 16.26899900 -0.75687400
v 2.15858000 16.23270000 -0.76327000
v 2.16731000 16.11510100 -0.78402000
v 2.29061000 16.09600100 -0.78737400
v 2.21300000 16.20000100 -0.76904500
v 2.02486000 16.44070100 -0.72660500
v 2.09565000 16.38270000 -0.73682700
v 2.15544000 16.33000000 -0.74612100
v 2.20040000 16.27890000 -0.75513600
v 2.23079000 16.24189900 -0.76165400
v 2.28545000 16.18750000 -0.77124800
v 2.38836000 16.08190000 -0.78985700
v 2.38152000 16.17849900 -0.77284100
v 2.27901000 16.24869900 -0.76046300
v 2.08587000 16.51289900 -0.71387100
v 2.14996000 16.44890000 -0.72514800
v 2.20512000 16.38279900 -0.73681400
v 2.25843000 16.31469900 -0.74881200
v 2.37439000 16.24840000 -0.76051700
v 2.49252000 16.08190000 -0.78985700
v 2.48509000 16.17869900 -0.77279500
v 2.47349000 16.25490000 -0.75936000
v 2.14674000 16.58490000 -0.70116700
v 2.36522000 16.35950100 -0.74092200
v 2.21899000 16.52540000 -0.71166900
v 2.27997000 16.46170000 -0.72289100
v 2.47143000 16.33260000 -0.74566000
v 2.59265000 16.08000000 -0.79019800
v 2.56774000 16.18860100 -0.77105100
v 2.54038000 16.26910000 -0.75684900
v 2.52090000 16.32110000 -0.74768500
v 2.20847000 16.65710100 -0.68844000
v 2.28015000 16.59600100 -0.69921400
v 2.71043000 16.08709900 -0.78895700
v 2.81237000 16.08989900 -0.78844800
v 2.35008000 16.53599900 -0.70979200
v 2.42895000 16.46550000 -0.72223700
v 2.50303000 16.40169900 -0.73347000
v 2.55395000 16.36030000 -0.74077700
v 2.69030000 16.21200000 -0.76692100
v 2.61039000 16.30500000 -0.75053200
v 2.27216000 16.72760000 -0.67600700
v 2.34214000 16.66460000 -0.68711700
v 2.41057000 16.60300100 -0.69797800
v 2.82309000 16.17330000 -0.77375900
v 2.89707000 16.09110100 -0.78825000
v 2.88225000 16.15410000 -0.77713100
v 2.47838000 16.54570000 -0.70808400
v 2.54661000 16.48080100 -0.71953600
v 2.60109000 16.43330000 -0.72791000
v 2.67225000 16.36879900 -0.73928100
v 2.86918000 16.24990100 -0.76024600
v 2.76533000 16.30040000 -0.75133300
v 2.33777000 16.79640000 -0.66387900
v 2.40596000 16.73160000 -0.67531000
v 2.47253000 16.66830100 -0.68646500
v 2.53908000 16.60960000 -0.69681400
v 2.93193000 16.19980000 -0.76908600
v 2.99967000 16.12590000 -0.78211500
v 3.15056000 16.09460100 -0.78762700
v 3.25018000 16.07290100 -0.79145700
v 2.59173000 16.56340000 -0.70496300
v 2.64566000 16.52030000 -0.71255800
v 2.72355000 16.45500000 -0.72408700
v 2.81856000 16.38960100 -0.73560300
v 2.91648000 16.32850100 -0.74638400
v 2.99705000 16.29270000 -0.75270500
v 2.40530000 16.86350100 -0.65205700
v 2.47167000 16.79680100 -0.66380400
v 2.53638000 16.73189900 -0.67525400
v 2.58697000 16.65840000 -0.68821700
v 2.61834000 16.61520000 -0.69583600
v 3.09229000 16.24760100 -0.76065200
v 3.19981000 16.20170000 -0.76874900
v 3.29012000 16.16120000 -0.77587500
v 2.68432000 16.61879900 -0.69519600
v 2.78094000 16.55699900 -0.70609300
v 2.87206000 16.49600000 -0.71684600
v 2.96490000 16.43810100 -0.72706300
v 3.05726000 16.38330100 -0.73671600
v 3.14967000 16.33400000 -0.74541600
v 2.47460000 16.92860000 -0.64056500
v 2.53909000 16.86030000 -0.65261900
v 2.59039000 16.78080000 -0.66662400
v 2.63814000 16.70350100 -0.68026400
v 3.24180000 16.29100000 -0.75299800
v 3.33150000 16.24910000 -0.76038200
v 2.77691000 16.71629900 -0.67801200
v 2.84550000 16.65800100 -0.68828900
v 2.72248000 16.78410000 -0.66605500
v 2.91984000 16.59510000 -0.69937500
v 3.01059000 16.53380000 -0.71017700
v 3.10199000 16.47650000 -0.72028100
v 3.19375000 16.42510000 -0.72935700
v 3.28531000 16.37970000 -0.73735300
v 2.54568000 16.99189900 -0.62940600
v 2.60825000 16.92190000 -0.64175700
v 2.66917000 16.85370100 -0.65378200
v 3.37437000 16.33630000 -0.74501000
v 2.83950000 16.79170000 -0.66471700
v 2.89697000 16.74650000 -0.67268400
v 2.79022000 16.84510000 -0.65529000
v 2.96991000 16.69230100 -0.68223200
v 2.73814000 16.91190000 -0.64352200
v 3.05885000 16.62980100 -0.69326500
v 3.14895000 16.56990100 -0.70381700
v 3.23958000 16.51569900 -0.71338100
v 3.33039000 16.46780000 -0.72183000
v 3.41875000 16.42270100 -0.72977900
v 2.61848000 17.05330100 -0.61858600
v 2.67908000 16.98160000 -0.63122800
v 2.87458000 16.83060100 -0.65785700
v 2.93209000 16.81419900 -0.66074700
v 2.85504000 16.88390000 -0.64845500
v 3.02476000 16.77409900 -0.66781800
v 2.80814000 16.96810000 -0.63360000
v 3.10946000 16.72489900 -0.67648100
v 2.75104000 17.03920000 -0.62106900
v 3.19805000 16.66280000 -0.68744400
v 3.28746000 16.60570000 -0.69751300
v 3.37742000 16.55520100 -0.70640600
v 3.46492000 16.50840000 -0.71465600
v 2.69257000 17.11240000 -0.60817100
v 2.76867000 17.16970100 -0.59805800
v 2.94749000 16.90770000 -0.64426400
v 3.07666000 16.85890000 -0.65286800
v 2.88504000 17.02000000 -0.62446000
v 3.16266000 16.81909900 -0.65988400
v 2.82511000 17.09499900 -0.61123600
v 3.24933000 16.75510000 -0.67117100
v 3.33726000 16.69500000 -0.68175900
v 3.42609000 16.64180000 -0.69114900
v 3.51271000 16.59310000 -0.69973000
v 2.84633000 17.22500000 -0.58831100
v 2.90779000 17.15469900 -0.60070800
v 2.97014000 17.08540000 -0.61292900
v 3.04598000 17.01530100 -0.62529000
v 3.14216000 16.95660000 -0.63562800
v 3.21905000 16.91140000 -0.64360100
v 3.30316000 16.84650000 -0.65504200
v 3.38940000 16.78360000 -0.66613900
v 3.47673000 16.72740000 -0.67605200
v 3.56238000 16.67670100 -0.68498900
v 2.92551000 17.27809900 -0.57893800
v 2.98526000 17.20590000 -0.59168400
v 3.04385000 17.13859900 -0.60355000
v 3.00614000 17.32910000 -0.56994600
v 3.08816000 17.37789900 -0.56134200
v 3.10020000 17.08410100 -0.61314800
v 3.18375000 17.03809900 -0.62127000
v 3.27895000 16.99029900 -0.62969800
v 3.35969000 16.93689900 -0.63911100
v 3.44399000 16.87130000 -0.65067800
v 3.52982000 16.81220100 -0.66109500
v 3.61422000 16.75950100 -0.67039600
v 3.05619000 17.25000000 -0.58390000
v 3.10143000 17.18590000 -0.59520100
v 3.13189000 17.13710000 -0.60380200
v 3.13599000 17.29740000 -0.57553200
v 3.17109000 17.42420000 -0.55317600
v 3.21656000 17.34260000 -0.56756300
v 3.21862000 17.13740000 -0.60374700
v 3.34203000 17.06970000 -0.61569500
v 3.41937000 17.02570000 -0.62345800
v 3.50091000 16.95789900 -0.63540300
v 3.58499000 16.89570000 -0.64636600
v 3.66807000 16.84070000 -0.65606600
v 3.18259000 17.21920000 -0.58932900
v 3.27361000 17.27510100 -0.57946700
v 3.25571000 17.46850000 -0.54537000
v 3.29891000 17.38570000 -0.55997700
v 3.34346000 17.31710100 -0.57206600
v 3.33156000 17.21180000 -0.59064200
v 3.40852000 17.14940100 -0.60164100
v 3.48351000 17.10140000 -0.61010300
v 3.56053000 17.04330100 -0.62034100
v 3.64239000 16.97790000 -0.63188500
v 3.72406000 16.92030000 -0.64202800
v 3.38903000 17.26660000 -0.58097200
v 3.34155000 17.51050000 -0.53797300
v 3.38243000 17.42639900 -0.55279000
v 3.40676000 17.35510100 -0.56536300
v 3.42451000 17.30970000 -0.57336500
v 3.45166000 17.22629900 -0.58807900
v 3.54197000 17.18660000 -0.59508300
v 3.62346000 17.12710000 -0.60557100
v 3.70238000 17.05859900 -0.61764700
v 3.78231000 16.99810000 -0.62832500
v 3.47943000 17.30290000 -0.57457700
v 3.42853000 17.55010000 -0.53099100
v 3.45168000 17.45669900 -0.54745100
v 3.46878000 17.37739900 -0.56143600
v 3.51659000 17.58729900 -0.52443100
v 3.59463000 17.29310000 -0.57629100
v 3.69046000 17.20830000 -0.59126100
v 3.76583000 17.13800000 -0.60365200
v 3.84329000 17.07399900 -0.61492800
v 3.57405000 17.41360100 -0.55505000
v 3.55270000 17.50110100 -0.53962700
v 3.60567000 17.62200000 -0.51829800
v 3.63934000 17.53490100 -0.53366400
v 3.67207000 17.45010000 -0.54860800
v 3.71292000 17.36280100 -0.56400600
v 3.77611000 17.28400000 -0.57791400
v 3.83254000 17.21520000 -0.59004300
v 3.90697000 17.14769900 -0.60194300
v 3.69570000 17.65440000 -0.51259600
v 3.72689000 17.56629900 -0.52811900
v 3.76633000 17.48469900 -0.54251600
v 3.80007000 17.42240000 -0.55350000
v 3.84746000 17.36130000 -0.56426900
v 3.90300000 17.28960000 -0.57691900
v 3.97388000 17.21900000 -0.58936500
v 3.78655000 17.68420000 -0.50733500
v 3.81524000 17.59540000 -0.52299900
v 3.83547000 17.51409900 -0.53732400
v 3.84871000 17.46110000 -0.54667800
v 3.91268000 17.44300100 -0.54986800
v 3.97721000 17.36070100 -0.56438400
v 4.04376000 17.28710000 -0.57736500
v 3.87825000 17.71159900 -0.50250900
v 3.89520000 17.62070100 -0.51853300
v 3.90928000 17.53210100 -0.53415200
v 4.01382000 17.48250000 -0.54291200
v 4.05150000 17.41930000 -0.55405100
v 3.99797000 17.55229900 -0.53059700
v 4.11681000 17.35140000 -0.56602100
v 3.97070000 17.73640100 -0.49812900
v 3.98522000 17.64419900 -0.51438900
v 4.07401000 17.50849900 -0.53831600
v 4.12651000 17.47100100 -0.54492300
v 4.08066000 17.57040000 -0.52740800
v 4.19346000 17.41160000 -0.55540500
v 4.07587000 17.66540000 -0.51064500
v 4.06381000 17.75869900 -0.49419800
v 4.18694000 17.55509900 -0.53009500
v 4.27439000 17.46730000 -0.54558800
v 4.17600000 17.68700000 -0.50684500
v 4.15752000 17.77840000 -0.49072100
v 4.35865000 17.51680000 -0.53685300
v 4.30764000 17.62520000 -0.51774100
v 4.27233000 17.71240000 -0.50235900
v 4.25175000 17.79560100 -0.48770000
v 4.44659000 17.55950000 -0.52932100
v 4.41270000 17.70109900 -0.50436300
v 4.34229000 17.74469900 -0.49666800
v 4.34671000 17.81020000 -0.48512800
v 4.53828000 17.59440000 -0.52316600
v 4.53711000 17.72060000 -0.50092800
v 4.44176000 17.82210000 -0.48302400
v 4.53712000 17.83140000 -0.48138100
v 4.63307026 17.62050098 -0.51858447
v 4.63394000 17.73580054 -0.49824007
v 4.63270018 17.83809488 -0.48019602
v 4.72982152 17.63656369 -0.52254285
v 4.73119437 17.74634468 -0.48931632
v 4.72848399 17.84051443 -0.47835792
v 4.72836697 17.54212067 -0.49695097
v 4.73746162 17.44112698 -0.48144534
v 4.64736968 17.52339982 -0.50038931
v 4.65739008 17.43239980 -0.48364211
v 4.73678032 17.34339708 -0.46383777
v 4.65869007 17.35059880 -0.46913012
v 4.56733000 17.50690100 -0.50451400
v 4.58490000 17.41820000 -0.48710700
v 4.59193000 17.35030000 -0.47447500
v 4.72700000 17.24200100 -0.44632200
v 4.64539000 17.25680000 -0.45351700
v 4.57294000 17.27210000 -0.46253700
v 4.48217000 17.47380100 -0.50901600
v 4.51978000 17.40169900 -0.49137400
v 4.54270000 17.35210000 -0.47991000
v 4.50238000 17.30880000 -0.47720500
v 4.72679000 17.14220000 -0.42872000
v 4.63503000 17.15350000 -0.43608300
v 4.55491000 17.16449900 -0.44547300
v 4.44756000 17.20970000 -0.46748400
v 4.40847000 17.43540000 -0.51356500
v 4.45576000 17.36680000 -0.49395200
v 4.38160000 17.31100100 -0.49632500
v 4.72666000 17.04229900 -0.41111500
v 4.62631000 17.04340000 -0.41736600
v 4.53192000 17.05730100 -0.42917400
v 4.44451000 17.07500100 -0.44419100
v 4.34591000 17.16720000 -0.47765100
v 4.29864000 17.25470000 -0.50276600
v 4.35979000 17.07080100 -0.45798900
v 4.31996000 17.38629900 -0.52149200
v 4.24373000 17.33350000 -0.52910200
v 4.72659000 16.94240000 -0.39350800
v 4.62533000 16.94210100 -0.39956700
v 4.52308000 16.94529900 -0.41049200
v 4.43108000 16.95990000 -0.42601800
v 4.35213000 16.97130000 -0.44191500
v 4.26415000 17.12850000 -0.48818400
v 4.22583000 17.19910000 -0.50974400
v 4.28155000 17.06329900 -0.47275900
v 4.17046000 17.27590000 -0.53756800
v 4.27250000 16.98760000 -0.46142500
v 4.72655000 16.84260000 -0.37589900
v 4.62512000 16.84149900 -0.38185800
v 4.52202000 16.84280000 -0.39254100
v 4.42205000 16.85730000 -0.40937700
v 4.32575000 16.86720100 -0.42877700
v 4.23907000 16.88500000 -0.45113400
v 4.23043000 17.05640000 -0.48345300
v 4.20240000 17.09490000 -0.49724700
v 4.16101000 17.15049900 -0.51804400
v 4.10023000 17.21419900 -0.54676300
v 4.20747000 17.00830100 -0.48067700
v 4.16464000 16.92610000 -0.47748800
v 4.72653000 16.74270100 -0.35828900
v 4.72652000 16.64279900 -0.34068000
v 4.72652000 16.54290000 -0.32307000
v 4.72651000 16.44310000 -0.30546000
v 4.72651000 16.34320100 -0.28785000
v 4.72651000 16.24329900 -0.27024000
v 4.72651000 16.14340000 -0.25263000
v 4.72651000 16.04360000 -0.23502000
v 4.72650000 15.94370000 -0.21741000
v 4.72650000 15.84380000 -0.19980000
v 4.72802000 15.74400000 -0.18212800
v 4.73334000 15.64410000 -0.16432100
v 4.62515000 16.74160000 -0.36424200
v 4.52226000 16.74110000 -0.37458200
v 4.41805000 16.74370000 -0.39000600
v 4.31149000 16.75589900 -0.41209700
v 4.19136000 16.76110100 -0.44124500
v 4.10786000 16.84530100 -0.47943300
v 4.15447000 17.04410000 -0.50106500
v 4.09526000 17.08700000 -0.52584000
v 4.03257000 17.14880000 -0.55667300
v 4.09848000 16.96419900 -0.50322200
v 4.03851000 16.89609900 -0.51015700
v 4.62520000 16.64180000 -0.34662700
v 4.62523000 16.54190100 -0.32901400
v 4.62525000 16.44199900 -0.31140200
v 4.62526000 16.34210000 -0.29379100
v 4.62527000 16.24230000 -0.27618100
v 4.62527000 16.14240100 -0.25857000
v 4.62527000 16.04250000 -0.24096000
v 4.62688000 15.94270000 -0.22322200
v 4.63272000 15.83670000 -0.20408100
v 4.63587000 15.73960000 -0.18670800
v 4.63913000 15.64320000 -0.16947100
v 4.54547000 15.64170000 -0.17801000
v 4.45199000 15.63960000 -0.18996500
v 4.35896000 15.63690000 -0.20531700
v 4.52285000 16.63999900 -0.35668800
v 4.41918000 16.64069900 -0.37166100
v 4.31226000 16.64860000 -0.39300700
v 4.20993000 16.64469900 -0.41595500
v 4.10429000 16.69940000 -0.45477300
v 4.04266000 16.76779900 -0.48617100
v 4.13495000 16.62890100 -0.43335200
v 3.98040000 16.82570100 -0.51768500
v 4.03215000 17.02010000 -0.53413300
v 3.96785000 17.08029900 -0.56709200
v 3.97141000 16.95050000 -0.54290700
v 3.91268000 16.87850000 -0.55224100
v 4.52346000 16.54010000 -0.33900100
v 4.52385000 16.44030000 -0.32134700
v 4.52407000 16.34040100 -0.30371100
v 4.52420000 16.24049900 -0.28608700
v 4.52427000 16.14069900 -0.26846900
v 4.52608000 16.04000100 -0.25050600
v 4.53446000 15.93120000 -0.23031800
v 4.54006000 15.83030000 -0.21188500
v 4.54336000 15.73580000 -0.19484300
v 4.45076000 15.73270000 -0.20656400
v 4.35836000 15.72960000 -0.22178100
v 4.26673000 15.63360000 -0.22400200
v 4.26644000 15.72620000 -0.24039600
v 4.42059000 16.53879900 -0.35346400
v 4.31481000 16.54310000 -0.37387800
v 4.20891000 16.54859900 -0.39926500
v 4.13087000 16.55190100 -0.42096600
v 4.08829000 16.61700100 -0.44510500
v 4.05526000 16.65410000 -0.46201600
v 3.99480000 16.70630100 -0.49154100
v 3.92423000 16.75340100 -0.52573000
v 4.07173000 16.56600000 -0.44124600
v 3.85591000 16.80450100 -0.56209600
v 3.90593000 17.00919900 -0.57793300
v 3.84627000 16.93560000 -0.58926100
v 3.78865000 16.85980000 -0.60106600
v 4.42172000 16.43770000 -0.33544500
v 4.42263000 16.33770000 -0.31767400
v 4.42321000 16.23800100 -0.29998600
v 4.42353000 16.13730000 -0.28217800
v 4.42686000 16.03520000 -0.26364900
v 4.44302000 15.92170000 -0.24107300
v 4.44795000 15.82550000 -0.22335700
v 4.35622000 15.82160000 -0.23841000
v 4.26491000 15.81810000 -0.25695200
v 4.17516000 15.62970000 -0.24604600
v 4.17514000 15.72240000 -0.26238500
v 4.17413000 15.81440000 -0.27888600
v 4.31742000 16.43919900 -0.35501600
v 4.21385000 16.45120000 -0.38083500
v 4.11176000 16.46470100 -0.41117000
v 4.03529000 16.48910000 -0.43944800
v 4.01480000 16.59510000 -0.46503000
v 3.94118000 16.63419900 -0.49827800
v 3.87010000 16.67930000 -0.53414500
v 3.80133000 16.72880000 -0.57228000
v 3.96379000 16.52280000 -0.47026800
v 3.73339000 16.78220000 -0.61316500
v 4.31967000 16.33670000 -0.33648300
v 4.32130000 16.23530000 -0.31825400
v 4.32486000 16.13369900 -0.29962100
v 4.33997000 16.01689900 -0.27599700
v 4.35214000 15.91490000 -0.25563200
v 4.26171000 15.90980000 -0.27385600
v 4.16404000 15.90070000 -0.29684200
v 4.08467000 15.62530000 -0.27134300
v 4.08469000 15.71790000 -0.28766900
v 4.07532000 15.80760000 -0.30640100
v 4.06156000 15.89330000 -0.32584600
v 4.21868000 16.34810100 -0.36145900
v 4.10001000 16.36230100 -0.39662200
v 3.99854000 16.40519900 -0.43714900
v 3.91465000 16.45089900 -0.47609200
v 3.88944000 16.56069900 -0.50538700
v 3.81788000 16.60350000 -0.54288900
v 3.74871000 16.65150100 -0.58280600
v 3.68011000 16.70310000 -0.62560600
v 3.83961000 16.48590100 -0.51279300
v 4.21983000 16.23440000 -0.34111700
v 4.23853000 16.10850000 -0.31435700
v 4.25262000 16.00449900 -0.29266700
v 4.15139000 15.99110000 -0.31626300
v 4.04744000 15.97430000 -0.34469600
v 3.99487000 15.62020000 -0.30000500
v 3.99490000 15.71300000 -0.31635200
v 3.99476000 15.80540000 -0.33269100
v 3.98219000 15.88780000 -0.35166400
v 3.97027000 15.96250000 -0.36911600
v 4.06800000 16.23690000 -0.38437800
v 3.94485000 16.31940100 -0.44138800
v 3.86333000 16.37070100 -0.48251400
v 3.79150000 16.41040000 -0.52055400
v 3.76764000 16.52610000 -0.55183100
v 3.69823000 16.57280000 -0.59347600
v 3.62907000 16.62260100 -0.63820400
v 3.71898000 16.44730000 -0.56109400
v 4.12400000 16.08729900 -0.34100600
v 4.02338000 16.05740000 -0.36729300
v 3.95231000 16.02479900 -0.38666300
v 3.90634000 15.61460000 -0.33186500
v 3.90637000 15.70740000 -0.34821700
v 3.90642000 15.79990000 -0.36451800
v 3.90604000 15.88260000 -0.37923900
v 3.90045000 15.94440000 -0.39233700
v 3.90096000 15.99400000 -0.40088800
v 3.96420000 16.15810000 -0.40580500
v 3.87719000 16.24700000 -0.45502700
v 3.81548000 16.29800000 -0.49008600
v 3.74521000 16.33460000 -0.52859000
v 3.67239000 16.36730000 -0.57036800
v 3.64915000 16.49239900 -0.60452200
v 3.57960000 16.54080000 -0.65114600
v 3.60198000 16.41080100 -0.61566500
v 3.89280000 16.09870000 -0.42259600
v 3.82119000 16.03640000 -0.44146600
v 3.81913000 15.60840000 -0.36688900
v 3.81916000 15.70120000 -0.38323800
v 3.81920000 15.79390000 -0.39955900
v 3.81891000 15.88620000 -0.41596400
v 3.81937000 15.95500000 -0.42790200
v 3.81524000 16.17260000 -0.46805800
v 3.75346000 16.21710000 -0.50396500
v 3.69465000 16.25200100 -0.53870400
v 3.62809000 16.28590000 -0.57935300
v 3.55713000 16.32810000 -0.62656500
v 3.53188000 16.45770100 -0.66429700
v 3.48618000 16.37380000 -0.67745700
v 3.76247000 16.11310000 -0.48142400
v 3.72135000 16.07600000 -0.49446900
v 3.73111000 15.95900000 -0.46910900
v 3.73081000 16.02269900 -0.48047100
v 3.73322000 15.60170000 -0.40508200
v 3.73325000 15.69450000 -0.42143200
v 3.73330000 15.78720000 -0.43776100
v 3.73329000 15.87970000 -0.45407300
v 3.70738000 16.14679900 -0.51380300
v 3.64623000 16.17510000 -0.55012000
v 3.58579000 16.20299900 -0.58808800
v 3.51420000 16.24379900 -0.63724600
v 3.44202000 16.28870000 -0.69074400
v 3.67962000 16.09030000 -0.51781500
v 3.66323000 16.02920000 -0.51547600
v 3.64895000 15.87260000 -0.49534900
v 3.65666000 15.95510000 -0.50583700
v 3.64880000 15.59440000 -0.44636800
v 3.64883000 15.68720000 -0.46271900
v 3.64888000 15.78000000 -0.47905700
v 3.61644000 16.10880100 -0.55445100
v 3.55156000 16.13130000 -0.59511600
v 3.47348000 16.15830000 -0.64745400
v 3.39940000 16.20260000 -0.70408600
v 3.59486000 16.03640000 -0.55362500
v 3.57903000 15.94820000 -0.54698900
v 3.56607000 15.77220000 -0.52337600
v 3.57303000 15.86060000 -0.53495900
v 3.56599000 15.58660000 -0.49069100
v 3.56602000 15.67940000 -0.50704200
v 3.52442000 16.04780000 -0.59649800
v 3.44025000 16.07080100 -0.65347700
v 3.35848000 16.11549900 -0.71732200
v 3.50625000 15.94560000 -0.58951400
v 3.49390000 15.84990000 -0.58026200
v 3.48483000 15.67110000 -0.55439900
v 3.48488000 15.76400000 -0.57074300
v 3.48480000 15.57820000 -0.53804300
v 3.39305000 15.93650000 -0.66151900
v 3.30778000 16.02039900 -0.73764800
v 3.40974000 15.83940000 -0.63300800
v 3.40558000 15.75510000 -0.62096800
v 3.40553000 15.56940000 -0.58825700
v 3.40556000 15.66220000 -0.60461000
v 3.35705000 15.81870000 -0.66600400
v 3.31441000 15.86460000 -0.70521200
v 3.25673000 15.92740000 -0.76061500
v 3.34133000 15.75310000 -0.66575600
v 3.32822000 15.65290000 -0.65766300
v 3.32819000 15.56000000 -0.64131300
v 3.26526000 15.76270000 -0.72485100
v 3.21186000 15.84120000 -0.78173900
v 3.26289000 15.65110000 -0.70704000
v 3.25296000 15.55020000 -0.69708500
v 3.20363000 15.72590000 -0.76825200
v 3.16196000 15.76490000 -0.81070900
v 3.19288000 15.64610000 -0.76321300
v 3.17981000 15.53990000 -0.75559700
v 3.11194000 15.66490000 -0.83788000
v 3.10879000 15.52910000 -0.81682400
v 3.04021000 15.51780000 -0.88049700
v 3.02924000 15.60380000 -0.90661500
v 2.97407090 15.50620176 -0.94660515
v 2.96935000 15.56400000 -0.96185500
v 2.91149389 15.49711409 -1.01621357
v 2.91840908 15.53390011 -1.01294917
v 2.85033849 15.48524104 -1.08699060
v 2.86758502 15.50589725 -1.06540613
v 2.14674000 16.59950100 -0.08767100
v 2.14674000 16.59880100 -0.17534100
v 2.14674000 16.59770000 -0.26300500
v 2.14674000 16.59610000 -0.35066200
v 2.14674000 16.59400000 -0.43830800
v 2.14674000 16.59140000 -0.52594300
v 2.14674000 16.58840000 -0.61356300
v 2.08588000 16.52809900 -0.08927300
v 2.08587000 16.52739900 -0.17853900
v 2.08587000 16.52610000 -0.26779800
v 2.08587000 16.52450000 -0.35704500
v 2.08587000 16.52230100 -0.44627900
v 2.08587000 16.51960000 -0.53549600
v 2.08587000 16.51650000 -0.62469400
v 2.02501000 16.45660000 -0.09086700
v 2.02501000 16.45590000 -0.18172600
v 2.02500000 16.45459900 -0.27257600
v 2.02500000 16.45290000 -0.36341200
v 2.02500000 16.45060000 -0.45423400
v 2.02500000 16.44780000 -0.54503700
v 2.02500000 16.44459900 -0.63581900
v 1.96414000 16.38520100 -0.09245300
v 1.96414000 16.38439900 -0.18490000
v 1.96414000 16.38310100 -0.27733700
v 1.96414000 16.38130000 -0.36976300
v 1.96414000 16.37890100 -0.46217300
v 1.96414000 16.37610100 -0.55456600
v 1.96413000 16.37270000 -0.64693700
v 2.43962691 12.86778300 -2.16866860
v 2.41559335 12.98312407 -2.18798876
v 2.44001071 13.09754387 -2.20690673
v 2.42752449 12.88462973 -2.07099625
v 2.42790294 12.99940000 -2.08945000
v 2.42829591 13.11408966 -2.10800220
v 2.42790065 12.89999994 -1.97320999
v 2.42789978 13.01480000 -1.99084000
v 2.42790304 13.12970000 -2.00859000
v 2.42790000 12.91450000 -1.87535000
v 2.42790000 13.02960000 -1.89213000
v 2.42790000 13.14460000 -1.90906000
v 2.42790000 12.92840000 -1.77737000
v 2.42790000 13.04350000 -1.79330000
v 2.42790000 13.15870000 -1.80942000
v 2.42790000 12.94150000 -1.67930000
v 2.42790000 13.05680000 -1.69437000
v 2.42790000 13.17200000 -1.70968000
v 2.42790000 13.18460000 -1.60984000
v 2.42790000 13.06920000 -1.59535000
v 2.42790000 12.95390000 -1.58112000
v 2.42790000 13.19640000 -1.50991000
v 2.42790000 13.08090000 -1.49623000
v 2.42790000 12.96550000 -1.48286000
v 2.42790000 12.97640000 -1.38427000
v 2.42790000 13.09190000 -1.39743000
v 2.42790000 13.20740000 -1.41036000
v 2.42790000 12.98650000 -1.28584000
v 2.42790000 13.10210000 -1.29810000
v 2.42790000 13.21770000 -1.31022000
v 2.42790000 12.99590000 -1.18733000
v 2.42790000 13.11160000 -1.19870000
v 2.42790000 13.22730000 -1.21000000
v 2.42790000 13.00450000 -1.08876000
v 2.42790000 13.12030000 -1.09923000
v 2.42790000 13.23600000 -1.10971000
v 2.42790000 13.01240000 -0.99013000
v 2.42790000 13.12820000 -0.99969900
v 2.42790000 13.24410000 -1.00936000
v 2.42790000 13.01950000 -0.89144000
v 2.42790000 13.13540000 -0.90011400
v 2.42790000 13.25130000 -0.90895800
v 2.42790000 13.02590000 -0.79269800
v 2.42790000 13.14190000 -0.80064000
v 2.42790000 13.25780000 -0.80881800
v 2.42790000 13.03160000 -0.69391100
v 2.42790000 13.14750000 -0.70136000
v 2.42790000 13.26360000 -0.70853200
v 2.42790000 13.03640000 -0.59508300
v 2.42790000 13.15250000 -0.60166000
v 2.42790000 13.26850000 -0.60801100
v 2.42790000 13.04060000 -0.49622200
v 2.42790000 13.15670000 -0.50192800
v 2.42790000 13.27280000 -0.50745700
v 2.42790000 13.04400000 -0.39733100
v 2.42790000 13.16010000 -0.40216900
v 2.42790000 13.27620000 -0.40687600
v 2.42790000 13.04660000 -0.29841800
v 2.42790000 13.16280000 -0.30238700
v 2.42790000 13.27890000 -0.30627300
v 2.42790945 13.04849906 -0.19948801
v 2.42789337 13.16470004 -0.20258909
v 2.42790458 13.28089999 -0.20565201
v 2.43966332 13.04865741 -0.10072369
v 2.41553996 13.16545916 -0.10221010
v 2.43040212 13.28199722 -0.10506089
v 2.17883081 12.61108694 -2.12496716
v 2.27750663 12.63062811 -2.12853550
v 2.36167661 12.68574245 -2.13789212
v 2.41835806 12.76803774 -2.15174262
v 2.17790108 12.63778935 -2.03113824
v 2.27449107 12.65344611 -2.03345589
v 2.35824996 12.70497496 -2.04160108
v 2.41100052 12.78712085 -2.05497249
v 2.17790000 12.65290000 -1.93518000
v 2.27320047 12.67149886 -1.93802982
v 2.35386325 12.72449675 -1.94612943
v 2.40806381 12.80349844 -1.95821971
v 2.17790000 12.66720000 -1.83911000
v 2.27319000 12.68590000 -1.84182000
v 2.35385000 12.73880000 -1.84951000
v 2.40807000 12.81800000 -1.86101000
v 2.17790000 12.68080000 -1.74293000
v 2.27318000 12.69950000 -1.74550000
v 2.35384000 12.75250000 -1.75279000
v 2.40807000 12.83180000 -1.76369000
v 2.17790000 12.69360000 -1.64666000
v 2.27317000 12.71230000 -1.64908000
v 2.35383000 12.76540000 -1.65597000
v 2.40807000 12.84480000 -1.66627000
v 2.17790000 12.70580000 -1.55029000
v 2.27315000 12.72450000 -1.55257000
v 2.35382000 12.77760000 -1.55905000
v 2.40808000 12.85710000 -1.56875000
v 2.17790000 12.71720000 -1.45383000
v 2.27314000 12.73590000 -1.45597000
v 2.35381000 12.78910000 -1.46204000
v 2.40808000 12.86860000 -1.47114000
v 2.17790000 12.72780000 -1.35728000
v 2.27313000 12.74660000 -1.35928000
v 2.35380000 12.79980000 -1.36495000
v 2.40808000 12.87940000 -1.37345000
v 2.17790000 12.73780000 -1.26066000
v 2.27312000 12.75650000 -1.26252000
v 2.35379000 12.80980000 -1.26779000
v 2.40808000 12.88950000 -1.27568000
v 2.17790000 12.74700000 -1.16397000
v 2.27311000 12.76570000 -1.16568000
v 2.35378000 12.81900000 -1.17054000
v 2.40809000 12.89880000 -1.17783000
v 2.17790000 12.75540000 -1.06720000
v 2.27309000 12.77420000 -1.06878000
v 2.35377000 12.82750000 -1.07323000
v 2.40809000 12.90740000 -1.07992000
v 2.17790000 12.76320000 -0.97038200
v 2.27308000 12.78190000 -0.97180900
v 2.35376000 12.83530000 -0.97586400
v 2.40809000 12.91520000 -0.98194100
v 2.17790000 12.77020000 -0.87350300
v 2.27307000 12.78890000 -0.87478700
v 2.35375000 12.84230000 -0.87843700
v 2.40810000 12.92230000 -0.88390900
v 2.17790000 12.77640000 -0.77657400
v 2.27306000 12.79520000 -0.77771500
v 2.35373000 12.84860000 -0.78095900
v 2.40810000 12.92860000 -0.78582500
v 2.17790000 12.78190000 -0.67960000
v 2.27305000 12.80070000 -0.68059900
v 2.35372000 12.85410000 -0.68343700
v 2.40810000 12.93420000 -0.68769600
v 2.17790000 12.78670000 -0.58258700
v 2.27303000 12.80550000 -0.58344300
v 2.35371000 12.85890000 -0.58587600
v 2.40810000 12.93910000 -0.58952800
v 2.17790000 12.79080000 -0.48554000
v 2.27302000 12.80960000 -0.48625400
v 2.35370000 12.86300000 -0.48828100
v 2.40811000 12.94320000 -0.49132500
v 2.17790000 12.79410000 -0.38846600
v 2.27301000 12.81290000 -0.38903600
v 2.35369000 12.86630000 -0.39065800
v 2.40811000 12.94660000 -0.39309500
v 2.17790007 12.79669929 -0.29136898
v 2.27300160 12.81549610 -0.29179696
v 2.35367337 12.86889660 -0.29301300
v 2.40811118 12.94919951 -0.29484100
v 2.17788147 12.79869999 -0.19424610
v 2.27404648 12.81471755 -0.19463935
v 2.35813045 12.86618004 -0.19561332
v 2.41170399 12.94951407 -0.19675636
v 2.17870020 12.78850461 -0.09684022
v 2.27717287 12.80818835 -0.09701779
v 2.36142568 12.86391856 -0.09742267
v 2.41841287 12.94782485 -0.09813197
v 1.57766603 12.61099100 -2.12533949
v 1.67833853 12.63304397 -2.12891467
v 1.77792567 12.61103629 -2.12466203
v 1.87828898 12.61488727 -2.12570921
v 1.97823859 12.61464704 -2.12567724
v 2.07822451 12.63178578 -2.12901735
v 1.57866177 12.63951920 -2.03151152
v 1.67839995 12.63779829 -2.03113970
v 1.77829992 12.63780473 -2.03114069
v 1.87820006 12.63778607 -2.03113747
v 1.97810000 12.63778739 -2.03113779
v 2.07799998 12.63780105 -2.03114015
v 1.57849985 12.65289837 -1.93517975
v 1.67840000 12.65290124 -1.93518019
v 1.77830000 12.65290000 -1.93518000
v 1.87820000 12.65290000 -1.93518000
v 1.97810000 12.65290000 -1.93518000
v 2.07800000 12.65290000 -1.93518000
v 1.57850000 12.66720000 -1.83911000
v 1.67840000 12.66720000 -1.83911000
v 1.77830000 12.66720000 -1.83911000
v 1.87820000 12.66720000 -1.83911000
v 1.97810000 12.66720000 -1.83911000
v 2.07800000 12.66720000 -1.83911000
v 1.57850000 12.68080000 -1.74293000
v 1.67840000 12.68080000 -1.74293000
v 1.77830000 12.68080000 -1.74293000
v 1.87820000 12.68080000 -1.74293000
v 1.97810000 12.68080000 -1.74293000
v 2.07800000 12.68080000 -1.74293000
v 1.57850000 12.69360000 -1.64666000
v 1.67840000 12.69360000 -1.64666000
v 1.77830000 12.69360000 -1.64666000
v 1.87820000 12.69360000 -1.64666000
v 1.97810000 12.69360000 -1.64666000
v 2.07800000 12.69360000 -1.64666000
v 1.57850000 12.70580000 -1.55029000
v 1.67840000 12.70580000 -1.55029000
v 1.77830000 12.70580000 -1.55029000
v 1.87820000 12.70580000 -1.55029000
v 1.97810000 12.70580000 -1.55029000
v 2.07800000 12.70580000 -1.55029000
v 1.57850000 12.71720000 -1.45383000
v 1.67840000 12.71720000 -1.45383000
v 1.77830000 12.71720000 -1.45383000
v 1.87820000 12.71720000 -1.45383000
v 1.97810000 12.71720000 -1.45383000
v 2.07800000 12.71720000 -1.45383000
v 1.57850000 12.72780000 -1.35728000
v 1.67840000 12.72780000 -1.35728000
v 1.77830000 12.72780000 -1.35728000
v 1.87820000 12.72780000 -1.35728000
v 1.97810000 12.72780000 -1.35728000
v 2.07800000 12.72780000 -1.35728000
v 1.57850000 12.73780000 -1.26066000
v 1.67840000 12.73780000 -1.26066000
v 1.77830000 12.73780000 -1.26066000
v 1.87820000 12.73780000 -1.26066000
v 1.97810000 12.73780000 -1.26066000
v 2.07800000 12.73780000 -1.26066000
v 1.57850000 12.74700000 -1.16397000
v 1.67840000 12.74700000 -1.16397000
v 1.77830000 12.74700000 -1.16397000
v 1.87820000 12.74700000 -1.16397000
v 1.97810000 12.74700000 -1.16397000
v 2.07800000 12.74700000 -1.16397000
v 1.57850000 12.75540000 -1.06720000
v 1.67840000 12.75540000 -1.06720000
v 1.77830000 12.75540000 -1.06720000
v 1.87820000 12.75540000 -1.06720000
v 1.97810000 12.75540000 -1.06720000
v 2.07800000 12.75540000 -1.06720000
v 1.57850000 12.76320000 -0.97038200
v 1.67840000 12.76320000 -0.97038200
v 1.77830000 12.76320000 -0.97038200
v 1.87820000 12.76320000 -0.97038200
v 1.97810000 12.76320000 -0.97038200
v 2.07800000 12.76320000 -0.97038200
v 1.57850000 12.77020000 -0.87350300
v 1.67840000 12.77020000 -0.87350300
v 1.77830000 12.77020000 -0.87350300
v 1.87820000 12.77020000 -0.87350300
v 1.97810000 12.77020000 -0.87350300
v 2.07800000 12.77020000 -0.87350300
v 1.57850000 12.77640000 -0.77657400
v 1.67840000 12.77640000 -0.77657300
v 1.77830000 12.77640000 -0.77657400
v 1.87820000 12.77640000 -0.77657300
v 1.97810000 12.77640000 -0.77657400
v 2.07800000 12.77640000 -0.77657400
v 1.57850000 12.78190000 -0.67960000
v 1.67840000 12.78190000 -0.67960000
v 1.77830000 12.78190000 -0.67960000
v 1.87820000 12.78190000 -0.67960000
v 1.97810000 12.78190000 -0.67960000
v 2.07800000 12.78190000 -0.67960000
v 1.57850000 12.78670000 -0.58258700
v 1.67840000 12.78670000 -0.58258700
v 1.77830000 12.78670000 -0.58258700
v 1.87820000 12.78670000 -0.58258700
v 1.97810000 12.78670000 -0.58258700
v 2.07800000 12.78670000 -0.58258700
v 1.57850000 12.79080000 -0.48554000
v 1.67840000 12.79080000 -0.48554000
v 1.77830000 12.79080000 -0.48554000
v 1.87820000 12.79080000 -0.48554000
v 1.97810000 12.79080000 -0.48554000
v 2.07800000 12.79080000 -0.48554000
v 1.57850000 12.79410000 -0.38846600
v 1.67840000 12.79410000 -0.38846600
v 1.77830000 12.79410000 -0.38846600
v 1.87820000 12.79410000 -0.38846600
v 1.97810000 12.79410000 -0.38846600
v 2.07800000 12.79410000 -0.38846600
v 1.57850000 12.79670000 -0.29136900
v 1.67840000 12.79670000 -0.29136900
v 1.77830000 12.79670000 -0.29136900
v 1.87820000 12.79670000 -0.29136900
v 1.97810000 12.79670000 -0.29136900
v 2.07800000 12.79670015 -0.29136900
v 1.57849889 12.79848909 -0.19425489
v 1.67840002 12.79850099 -0.19425503
v 1.77830000 12.79848669 -0.19425500
v 1.87819994 12.79848539 -0.19425508
v 1.97810008 12.79850465 -0.19425514
v 2.07800001 12.79849707 -0.19425496
v 1.57727454 12.78810780 -0.09707585
v 1.67816457 12.80968186 -0.09681840
v 1.77815697 12.79209415 -0.09713415
v 1.87809646 12.79192902 -0.09715980
v 1.97850088 12.78840161 -0.09751638
v 2.07806783 12.81081199 -0.09715641
v 1.31712523 12.86787731 -2.16839046
v 1.33718369 12.77011576 -2.15205748
v 1.39354305 12.68685200 -2.13808128
v 1.47764977 12.63106469 -2.12867916
v 1.32848135 12.88469833 -2.07080944
v 1.34398531 12.78904002 -2.05524185
v 1.39700180 12.70627256 -2.04179902
v 1.47965490 12.65164789 -2.03306840
v 1.32850000 12.90000000 -1.97298000
v 1.34744885 12.80559954 -1.95853992
v 1.40137679 12.72559686 -1.94629945
v 1.48187763 12.67209439 -1.93811903
v 1.32850000 12.91460000 -1.87503000
v 1.34745000 12.82010000 -1.86131000
v 1.40138000 12.74000000 -1.84968000
v 1.48188000 12.68640000 -1.84190000
v 1.32850000 12.92840000 -1.77698000
v 1.34745000 12.83390000 -1.76397000
v 1.40137000 12.75370000 -1.75295000
v 1.48187000 12.70000000 -1.74558000
v 1.32850000 12.94160000 -1.67882000
v 1.34746000 12.84690000 -1.66653000
v 1.40137000 12.76660000 -1.65612000
v 1.48187000 12.71290000 -1.64916000
v 1.32850000 12.95390000 -1.58056000
v 1.34746000 12.85910000 -1.56900000
v 1.40137000 12.77880000 -1.55920000
v 1.48186000 12.72510000 -1.55264000
v 1.32850000 12.96560000 -1.48222000
v 1.34746000 12.87070000 -1.47137000
v 1.40137000 12.79030000 -1.46218000
v 1.48186000 12.73650000 -1.45603000
v 1.32850000 12.97640000 -1.38379000
v 1.34746000 12.88140000 -1.37366000
v 1.40136000 12.80100000 -1.36509000
v 1.48185000 12.74720000 -1.35934000
v 1.32850000 12.98660000 -1.28528000
v 1.34747000 12.89150000 -1.27588000
v 1.40136000 12.81100000 -1.26791000
v 1.48185000 12.75710000 -1.26258000
v 1.32850000 12.99590000 -1.18670000
v 1.34747000 12.90080000 -1.17801000
v 1.40136000 12.82020000 -1.17066000
v 1.48184000 12.76630000 -1.16573000
v 1.32850000 13.00460000 -1.08805000
v 1.34747000 12.90940000 -1.08008000
v 1.40136000 12.82880000 -1.07334000
v 1.48184000 12.77480000 -1.06883000
v 1.32850000 13.01240000 -0.98933500
v 1.34747000 12.91720000 -0.98209200
v 1.40135000 12.83650000 -0.97596100
v 1.48184000 12.78250000 -0.97185600
v 1.32850000 13.01960000 -0.89056300
v 1.34748000 12.92430000 -0.88404300
v 1.40135000 12.84360000 -0.87852500
v 1.48183000 12.78960000 -0.87483000
v 1.32850000 13.02600000 -0.79174100
v 1.34748000 12.93060000 -0.78594400
v 1.40135000 12.84990000 -0.78103900
v 1.48183000 12.79580000 -0.77775300
v 1.32850000 13.03160000 -0.69287300
v 1.34748000 12.93620000 -0.68780000
v 1.40135000 12.85540000 -0.68350800
v 1.48182000 12.80140000 -0.68063200
v 1.32850000 13.03650000 -0.59396500
v 1.34748000 12.94100000 -0.58961600
v 1.40135000 12.86030000 -0.58593700
v 1.48182000 12.80620000 -0.58347200
v 1.32850000 13.04060000 -0.49502300
v 1.34749000 12.94510000 -0.49139800
v 1.40134000 12.86430000 -0.48833200
v 1.48181000 12.81020000 -0.48627800
v 1.32850000 13.04400000 -0.39605300
v 1.34749000 12.94850000 -0.39315200
v 1.40134000 12.86770000 -0.39070000
v 1.48181000 12.81350000 -0.38905600
v 1.32849925 13.04659993 -0.29706000
v 1.34748586 12.95109830 -0.29488401
v 1.40133646 12.87029647 -0.29304500
v 1.48179953 12.81609886 -0.29181198
v 1.32871595 13.04851310 -0.19803964
v 1.34506615 12.95190345 -0.19671139
v 1.39665107 12.86744037 -0.19564769
v 1.48034871 12.81447705 -0.19470077
v 1.31712241 13.04862964 -0.09897688
v 1.33755429 12.95034092 -0.09822627
v 1.39298261 12.86591390 -0.09743685
v 1.47685188 12.80917984 -0.09701916
v 1.32850000 13.68460000 -0.10382600
v 1.32850000 13.68340000 -0.20764500
v 1.32850000 13.68150000 -0.31145300
v 1.32850000 13.67870000 -0.41524200
v 1.32850000 13.67520000 -0.51900800
v 1.32850000 13.67080000 -0.62274400
v 1.32850000 13.66570000 -0.72644400
v 1.32850000 13.65980000 -0.83010200
v 1.32850000 13.65310000 -0.93371300
v 1.32850000 13.64560000 -1.03727000
v 1.32850000 13.63740000 -1.14077000
v 1.32850000 13.62830000 -1.24420000
v 1.32850000 13.61850000 -1.34756000
v 1.32850000 13.60790000 -1.45084000
v 1.32850000 13.59650000 -1.55422000
v 1.32850000 13.58430000 -1.65733000
v 1.32850000 13.57130000 -1.76034000
v 1.32850000 13.55760000 -1.86326000
v 1.32850000 13.54300000 -1.96606000
v 1.32850000 13.52770000 -2.06875000
v 1.32850000 13.51170000 -2.17133000
v 1.32850000 13.49480000 -2.27377000
v 1.32850000 13.57880000 -0.10303600
v 1.32850000 13.57760000 -0.20606600
v 1.32850000 13.57570000 -0.30908400
v 1.32850000 13.57290000 -0.41208500
v 1.32850000 13.56940000 -0.51506100
v 1.32850000 13.56510000 -0.61800800
v 1.32850000 13.56000000 -0.72091900
v 1.32850000 13.55420000 -0.82378900
v 1.32850000 13.54750000 -0.92661200
v 1.32850000 13.54010000 -1.02938000
v 1.32850000 13.53190000 -1.13209000
v 1.32850000 13.52290000 -1.23477000
v 1.32850000 13.51320000 -1.33739000
v 1.32850000 13.50260000 -1.43995000
v 1.32850000 13.49130000 -1.54252000
v 1.32850000 13.47920000 -1.64484000
v 1.32850000 13.46630000 -1.74707000
v 1.32850000 13.45270000 -1.84920000
v 1.32850000 13.43820000 -1.95122000
v 1.32850000 13.42310000 -2.05313000
v 1.32850000 13.40710000 -2.15493000
v 1.32850000 13.39040000 -2.25659000
v 1.32850000 13.47290000 -0.10224800
v 1.32850000 13.47180000 -0.20449000
v 1.32850000 13.46980000 -0.30672000
v 1.32850000 13.46710000 -0.40893300
v 1.32850000 13.46360000 -0.51112200
v 1.32850000 13.45940000 -0.61328100
v 1.32850000 13.45430000 -0.71540500
v 1.32850000 13.44850000 -0.81748800
v 1.32850000 13.44190000 -0.91952300
v 1.32850000 13.43460000 -1.02151000
v 1.32850000 13.42640000 -1.12343000
v 1.32850000 13.41750000 -1.22536000
v 1.32850000 13.40780000 -1.32724000
v 1.32850000 13.39730000 -1.42904000
v 1.32850000 13.38610000 -1.53079000
v 1.32850000 13.37410000 -1.63234000
v 1.32850000 13.36130000 -1.73378000
v 1.32850000 13.34780000 -1.83513000
v 1.32850000 13.33350000 -1.93637000
v 1.32850000 13.31840000 -2.03750000
v 1.32850000 13.30250000 -2.13852000
v 1.32850000 13.28590000 -2.23941000
v 1.32850000 13.36710000 -0.10146100
v 1.32850000 13.36600000 -0.20291700
v 1.32850000 13.36400000 -0.30436000
v 1.32850000 13.36140000 -0.40578600
v 1.32850000 13.35790000 -0.50718900
v 1.32850000 13.35370000 -0.60856200
v 1.32850000 13.34860000 -0.70990100
v 1.32850000 13.34290000 -0.81119700
v 1.32850000 13.33630000 -0.91244800
v 1.32850000 13.32900000 -1.01365000
v 1.32850000 13.32090000 -1.11479000
v 1.32850000 13.31210000 -1.21597000
v 1.32850000 13.30250000 -1.31708000
v 1.32850000 13.29210000 -1.41811000
v 1.32850000 13.28090000 -1.51905000
v 1.32850000 13.26900000 -1.61981000
v 1.32850000 13.25630000 -1.72048000
v 1.32850000 13.24290000 -1.82105000
v 1.32850000 13.22870000 -1.92151000
v 1.32850000 13.21370000 -2.02186000
v 1.32850000 13.19800000 -2.12210000
v 1.32850000 13.18150000 -2.22221000
v 1.32818194 13.26129586 -0.10068309
v 1.32850787 13.26010007 -0.20134608
v 1.32850000 13.25820000 -0.30200500
v 1.32850000 13.25560000 -0.40264600
v 1.32850000 13.25210000 -0.50326300
v 1.32850000 13.24790000 -0.60385200
v 1.32850000 13.24300000 -0.70440600
v 1.32850000 13.23720000 -0.80491900
v 1.32850000 13.23070000 -0.90538600
v 1.32850000 13.22350000 -1.00580000
v 1.32850000 13.21550000 -1.10616000
v 1.32850000 13.20670000 -1.20661000
v 1.32850000 13.19710000 -1.30693000
v 1.32850000 13.18680000 -1.40717000
v 1.32850000 13.17570000 -1.50730000
v 1.32850000 13.16390000 -1.60728000
v 1.32850000 13.15130000 -1.70717000
v 1.32850000 13.13800000 -1.80695000
v 1.32850000 13.12390000 -1.90664000
v 1.32850000 13.10900000 -2.00621000
v 1.32850000 13.09340000 -2.10567000
v 1.32837424 13.07709646 -2.20500908
v 1.34060777 13.15511309 -0.09947626
v 1.32850836 13.15430000 -0.19977817
v 1.32850000 13.15240000 -0.29965300
v 1.32850000 13.14980000 -0.39951100
v 1.32850000 13.14640000 -0.49934500
v 1.32850000 13.14220000 -0.59915100
v 1.32850000 13.13730000 -0.69892200
v 1.32850000 13.13160000 -0.79865300
v 1.32850000 13.12510000 -0.89833700
v 1.32850000 13.11790000 -0.99797100
v 1.32850000 13.11000000 -1.09755000
v 1.32850000 13.10120000 -1.19728000
v 1.32850000 13.09180000 -1.29678000
v 1.32850000 13.08150000 -1.39620000
v 1.32850000 13.07060000 -1.49552000
v 1.32850000 13.05880000 -1.59473000
v 1.32850000 13.04630000 -1.69384000
v 1.32850000 13.03310000 -1.79285000
v 1.32850000 13.01910000 -1.89176000
v 1.32850000 13.00440000 -1.99056000
v 1.32849690 12.98890000 -2.08924000
v 1.34013794 12.97244344 -2.18782099
v 0.32850000 14.68460000 -0.11143400
v 0.32850000 14.68330000 -0.22286200
v 0.32850000 14.68120000 -0.33427800
v 0.32850000 14.67820000 -0.44567300
v 0.32850000 14.67440000 -0.55704400
v 0.32850000 14.66980000 -0.66838200
v 0.32850000 14.66430000 -0.77968200
v 0.32850000 14.65800000 -0.89093600
v 0.32850000 14.65080000 -1.00214000
v 0.32850000 14.64270000 -1.11329000
v 0.32850000 14.63390000 -1.22437000
v 0.32850000 14.62420000 -1.33538000
v 0.32850000 14.61360000 -1.44631000
v 0.32850000 14.60220000 -1.55716000
v 0.32850000 14.59000000 -1.66793000
v 0.32850000 14.57690000 -1.77859000
v 0.32850000 14.56300000 -1.88915000
v 0.32850000 14.54820000 -1.99961000
v 0.32850000 14.53260000 -2.10995000
v 0.32850000 14.51620000 -2.22016000
v 0.32850000 14.49890000 -2.33025000
v 0.32850000 14.48080000 -2.44021000
v 0.42651700 14.67980000 -0.11139800
v 0.42651700 14.67850000 -0.22278900
v 0.42651700 14.67640000 -0.33416800
v 0.42651700 14.67340000 -0.44552700
v 0.42651700 14.66960000 -0.55686100
v 0.42651700 14.66500000 -0.66816300
v 0.42651700 14.65950000 -0.77942600
v 0.42651700 14.65310000 -0.89064400
v 0.42651700 14.64600000 -1.00181000
v 0.42651700 14.63790000 -1.11292000
v 0.42651700 14.62910000 -1.22397000
v 0.42651700 14.61940000 -1.33494000
v 0.42651700 14.60880000 -1.44584000
v 0.42651700 14.59740000 -1.55665000
v 0.42651700 14.58520000 -1.66738000
v 0.42651700 14.57210000 -1.77801000
v 0.42651700 14.55820000 -1.88853000
v 0.42651700 14.54350000 -1.99895000
v 0.42651700 14.52790000 -2.10925000
v 0.42651700 14.51140000 -2.21943000
v 0.42651700 14.49420000 -2.32949000
v 0.42651700 14.47610000 -2.43941000
v 0.52359000 14.66540000 -0.11128900
v 0.52359100 14.66410000 -0.22257100
v 0.52359000 14.66200000 -0.33384000
v 0.52359000 14.65900000 -0.44509000
v 0.52359000 14.65520000 -0.55631500
v 0.52359000 14.65060000 -0.66750700
v 0.52359000 14.64510000 -0.77866100
v 0.52359000 14.63880000 -0.88977100
v 0.52359000 14.63160000 -1.00083000
v 0.52359000 14.62360000 -1.11183000
v 0.52359000 14.61470000 -1.22276000
v 0.52359000 14.60500000 -1.33363000
v 0.52359000 14.59450000 -1.44442000
v 0.52359000 14.58310000 -1.55513000
v 0.52359000 14.57090000 -1.66574000
v 0.52359000 14.55780000 -1.77626000
v 0.52359000 14.54390000 -1.88668000
v 0.52359000 14.52920000 -1.99699000
v 0.52359000 14.51360000 -2.10718000
v 0.52359000 14.49720000 -2.21726000
v 0.52359000 14.48000000 -2.32720000
v 0.52359000 14.46190000 -2.43702000
v 0.61878500 14.64150000 -0.11110800
v 0.61878500 14.64030000 -0.22220900
v 0.61878500 14.63820000 -0.33329700
v 0.61878500 14.63520000 -0.44436700
v 0.61878500 14.63140000 -0.55541000
v 0.61878500 14.62680000 -0.66642200
v 0.61878500 14.62130000 -0.77739500
v 0.61878500 14.61500000 -0.88832400
v 0.61878500 14.60780000 -0.99920100
v 0.61878400 14.59980000 -1.11002000
v 0.61878500 14.59100000 -1.22078000
v 0.61878400 14.58130000 -1.33146000
v 0.61878500 14.57080000 -1.44207000
v 0.61878400 14.55940000 -1.55260000
v 0.61878500 14.54720000 -1.66303000
v 0.61878500 14.53420000 -1.77338000
v 0.61878500 14.52030000 -1.88361000
v 0.61878400 14.50560000 -1.99374000
v 0.61878400 14.49000000 -2.10376000
v 0.61878400 14.47360000 -2.21365000
v 0.61878500 14.45640000 -2.32342000
v 0.61878500 14.43840000 -2.43305000
v 0.71118300 14.60850000 -0.11085700
v 0.71118300 14.60720000 -0.22170700
v 0.71118300 14.60510000 -0.33254500
v 0.71118300 14.60210000 -0.44336300
v 0.71118300 14.59840000 -0.55415600
v 0.71118300 14.59370000 -0.66491700
v 0.71118300 14.58830000 -0.77564000
v 0.71118300 14.58200000 -0.88631800
v 0.71118300 14.57480000 -0.99694500
v 0.71118300 14.56680000 -1.10751000
v 0.71118300 14.55800000 -1.21802000
v 0.71118400 14.54840000 -1.32846000
v 0.71118300 14.53790000 -1.43882000
v 0.71118300 14.52650000 -1.54909000
v 0.71118300 14.51430000 -1.65928000
v 0.71118400 14.50130000 -1.76937000
v 0.71118300 14.48750000 -1.87936000
v 0.71118300 14.47280000 -1.98924000
v 0.71118300 14.45730000 -2.09901000
v 0.71118300 14.44100000 -2.20866000
v 0.71118300 14.42380000 -2.31817000
v 0.71118300 14.40580000 -2.42756000
v 0.79989700 14.56650000 -0.11053800
v 0.79989700 14.56520000 -0.22107000
v 0.79989700 14.56320000 -0.33159000
v 0.79989700 14.56020000 -0.44209000
v 0.79989600 14.55640000 -0.55256500
v 0.79989700 14.55180000 -0.66300800
v 0.79989700 14.54640000 -0.77341200
v 0.79989700 14.54010000 -0.88377300
v 0.79989700 14.53300000 -0.99408200
v 0.79989700 14.52500000 -1.10433000
v 0.79989700 14.51620000 -1.21452000
v 0.79989700 14.50660000 -1.32464000
v 0.79989700 14.49610000 -1.43468000
v 0.79989700 14.48480000 -1.54464000
v 0.79989700 14.47270000 -1.65451000
v 0.79989700 14.45970000 -1.76429000
v 0.79989700 14.44590000 -1.87396000
v 0.79989700 14.43120000 -1.98353000
v 0.79989700 14.41580000 -2.09298000
v 0.79989700 14.39950000 -2.20231000
v 0.79989700 14.38230000 -2.31152000
v 0.79989700 14.36440000 -2.42059000
v 0.88407000 14.51610000 -0.11015600
v 0.88407000 14.51480000 -0.22030500
v 0.88407000 14.51270000 -0.33044100
v 0.88407000 14.50980000 -0.44055900
v 0.88407000 14.50600000 -0.55065100
v 0.88407000 14.50140000 -0.66071100
v 0.88407000 14.49600000 -0.77073400
v 0.88407000 14.48970000 -0.88071200
v 0.88407000 14.48260000 -0.99063900
v 0.88407000 14.47470000 -1.10051000
v 0.88407000 14.46590000 -1.21032000
v 0.88407000 14.45630000 -1.32005000
v 0.88407000 14.44590000 -1.42971000
v 0.88407000 14.43460000 -1.53929000
v 0.88407000 14.42250000 -1.64878000
v 0.88407000 14.40960000 -1.75818000
v 0.88407000 14.39590000 -1.86747000
v 0.88407000 14.38130000 -1.97666000
v 0.88407000 14.36590000 -2.08573000
v 0.88407000 14.34960000 -2.19468000
v 0.88407000 14.33250000 -2.30351000
v 0.88407000 14.31460000 -2.41220000
v 0.96289400 14.45760000 -0.10971200
v 0.96289400 14.45640000 -0.21941800
v 0.96289400 14.45430000 -0.32911100
v 0.96289400 14.45140000 -0.43878500
v 0.96289400 14.44760000 -0.54843300
v 0.96289400 14.44300000 -0.65805000
v 0.96289400 14.43760000 -0.76763000
v 0.96289400 14.43140000 -0.87716500
v 0.96289400 14.42430000 -0.98665000
v 0.96289400 14.41640000 -1.09608000
v 0.96289400 14.40770000 -1.20544000
v 0.96289400 14.39810000 -1.31474000
v 0.96289400 14.38770000 -1.42396000
v 0.96289400 14.37650000 -1.53309000
v 0.96289400 14.36450000 -1.64214000
v 0.96289400 14.35160000 -1.75110000
v 0.96289400 14.33790000 -1.85995000
v 0.96289400 14.32330000 -1.96870000
v 0.96289400 14.30800000 -2.07733000
v 0.96289400 14.29180000 -2.18585000
v 0.96289400 14.27480000 -2.29423000
v 0.96289400 14.25700000 -2.40249000
v 1.03561000 14.39170000 -0.10921200
v 1.03561000 14.39040000 -0.21841700
v 1.03561000 14.38840000 -0.32761000
v 1.03561000 14.38550000 -0.43678500
v 1.03561000 14.38180000 -0.54593300
v 1.03561000 14.37720000 -0.65505100
v 1.03561000 14.37180000 -0.76413100
v 1.03561000 14.36560000 -0.87316700
v 1.03561000 14.35860000 -0.98215200
v 1.03561000 14.35070000 -1.09108000
v 1.03561000 14.34200000 -1.19995000
v 1.03561000 14.33250000 -1.30874000
v 1.03561000 14.32210000 -1.41747000
v 1.03561000 14.31100000 -1.52611000
v 1.03561000 14.29900000 -1.63466000
v 1.03561000 14.28620000 -1.74312000
v 1.03561000 14.27250000 -1.85147000
v 1.03561000 14.25810000 -1.95973000
v 1.03561000 14.24280000 -2.06786000
v 1.03561000 14.22670000 -2.17588000
v 1.03561000 14.20980000 -2.28378000
v 1.03561000 14.19200000 -2.39154000
v 1.10151000 14.31900000 -0.10866000
v 1.10151000 14.31770000 -0.21731400
v 1.10151000 14.31570000 -0.32595500
v 1.10151000 14.31280000 -0.43457800
v 1.10151000 14.30910000 -0.54317500
v 1.10151000 14.30460000 -0.65174200
v 1.10151000 14.29920000 -0.76027000
v 1.10151000 14.29300000 -0.86875500
v 1.10151000 14.28600000 -0.97719000
v 1.10151000 14.27820000 -1.08557000
v 1.10151000 14.26950000 -1.19388000
v 1.10151000 14.26010000 -1.30213000
v 1.10151000 14.24980000 -1.41031000
v 1.10151000 14.23870000 -1.51840000
v 1.10151000 14.22670000 -1.62640000
v 1.10151000 14.21400000 -1.73431000
v 1.10151000 14.20040000 -1.84212000
v 1.10151000 14.18600000 -1.94982000
v 1.10151000 14.17080000 -2.05742000
v 1.10151000 14.15480000 -2.16489000
v 1.10151000 14.13800000 -2.27224000
v 1.10151000 14.12030000 -2.37946000
v 1.15997000 14.24020000 -0.10806200
v 1.15997000 14.23890000 -0.21611800
v 1.15997000 14.23690000 -0.32416100
v 1.15997000 14.23400000 -0.43218600
v 1.15997000 14.23030000 -0.54018500
v 1.15997000 14.22580000 -0.64815400
v 1.15997000 14.22050000 -0.75608500
v 1.15997000 14.21430000 -0.86397300
v 1.15997000 14.20740000 -0.97181100
v 1.15997000 14.19960000 -1.07959000
v 1.15997000 14.19100000 -1.18731000
v 1.15997000 14.18160000 -1.29496000
v 1.15997000 14.17130000 -1.40254000
v 1.15997000 14.16030000 -1.51004000
v 1.15997000 14.14840000 -1.61745000
v 1.15997000 14.13570000 -1.72476000
v 1.15997000 14.12220000 -1.83198000
v 1.15997000 14.10790000 -1.93909000
v 1.15997000 14.09280000 -2.04609000
v 1.15997000 14.07690000 -2.15297000
v 1.15997000 14.06010000 -2.25973000
v 1.15997000 14.04260000 -2.36636000
v 1.21042000 14.15600000 -0.10742300
v 1.21042000 14.15480000 -0.21484000
v 1.21042000 14.15270000 -0.32224500
v 1.21042000 14.14990000 -0.42963100
v 1.21042000 14.14620000 -0.53699200
v 1.21042000 14.14170000 -0.64432300
v 1.21042000 14.13640000 -0.75161600
v 1.21042000 14.13030000 -0.85886600
v 1.21042000 14.12340000 -0.96606700
v 1.21042000 14.11570000 -1.07321000
v 1.21042000 14.10710000 -1.18029000
v 1.21042000 14.09770000 -1.28731000
v 1.21042000 14.08760000 -1.39425000
v 1.21042000 14.07660000 -1.50111000
v 1.21042000 14.06480000 -1.60789000
v 1.21042000 14.05220000 -1.71457000
v 1.21042000 14.03880000 -1.82115000
v 1.21042000 14.02450000 -1.92763000
v 1.21042000 14.00950000 -2.03400000
v 1.21042000 13.99370000 -2.14025000
v 1.21042000 13.97700000 -2.24637000
v 1.21042000 13.95960000 -2.35237000
v 1.25238000 14.06730000 -0.10675000
v 1.25238000 14.06610000 -0.21349400
v 1.25238000 14.06400000 -0.32022600
v 1.25238000 14.06120000 -0.42693900
v 1.25238000 14.05760000 -0.53362700
v 1.25238000 14.05310000 -0.64028500
v 1.25238000 14.04780000 -0.74690600
v 1.25238000 14.04180000 -0.85348400
v 1.25238000 14.03490000 -0.96001300
v 1.25238000 14.02720000 -1.06649000
v 1.25238000 14.01870000 -1.17290000
v 1.25238000 14.00940000 -1.27924000
v 1.25238000 13.99930000 -1.38551000
v 1.25238000 13.98840000 -1.49170000
v 1.25238000 13.97670000 -1.59781000
v 1.25238000 13.96410000 -1.70382000
v 1.25238000 13.95080000 -1.80974000
v 1.25238000 13.93670000 -1.91555000
v 1.25238000 13.92170000 -2.02125000
v 1.25238000 13.90600000 -2.12683000
v 1.25238000 13.88940000 -2.23230000
v 1.25238000 13.87210000 -2.33763000
v 1.28544000 13.97490000 -0.10604900
v 1.28544000 13.97370000 -0.21209200
v 1.28544000 13.97170000 -0.31812200
v 1.28544000 13.96890000 -0.42413400
v 1.28544000 13.96520000 -0.53012200
v 1.28544000 13.96080000 -0.63607900
v 1.28544000 13.95560000 -0.74200000
v 1.28544000 13.94950000 -0.84787800
v 1.28544000 13.94270000 -0.95370700
v 1.28544000 13.93510000 -1.05948000
v 1.28544000 13.92660000 -1.16519000
v 1.28544000 13.91740000 -1.27084000
v 1.28544000 13.90730000 -1.37641000
v 1.28544000 13.89650000 -1.48191000
v 1.28544000 13.88480000 -1.58732000
v 1.28544000 13.87240000 -1.69263000
v 1.28544000 13.85920000 -1.79785000
v 1.28544000 13.84510000 -1.90297000
v 1.28544000 13.83030000 -2.00797000
v 1.28544000 13.81460000 -2.11286000
v 1.28544000 13.79820000 -2.21763000
v 1.28544000 13.78100000 -2.32227000
v 1.30929000 13.87970000 -0.10532700
v 1.30929000 13.87850000 -0.21064700
v 1.30929000 13.87650000 -0.31595500
v 1.30929000 13.87370000 -0.42124500
v 1.30929000 13.87010000 -0.52651100
v 1.30929000 13.86570000 -0.63174700
v 1.30929000 13.86050000 -0.73694600
v 1.30929000 13.85450000 -0.84210300
v 1.30929000 13.84770000 -0.94721100
v 1.30929000 13.84010000 -1.05227000
v 1.30929000 13.83180000 -1.15726000
v 1.30929000 13.82260000 -1.26218000
v 1.30929000 13.81260000 -1.36704000
v 1.30929000 13.80180000 -1.47181000
v 1.30929000 13.79030000 -1.57650000
v 1.30929000 13.77790000 -1.68110000
v 1.30929000 13.76480000 -1.78561000
v 1.30929000 13.75080000 -1.89001000
v 1.30929000 13.73610000 -1.99430000
v 1.30929000 13.72050000 -2.09847000
v 1.30929000 13.70420000 -2.20253000
v 1.30929000 13.68710000 -2.30646000
v 1.32369000 13.78260000 -0.10459000
v 1.32369000 13.78140000 -0.20917400
v 1.32369000 13.77950000 -0.31374600
v 1.32369000 13.77670000 -0.41829900
v 1.32369000 13.77310000 -0.52282900
v 1.32369000 13.76870000 -0.62732900
v 1.32369000 13.76360000 -0.73179200
v 1.32369000 13.75760000 -0.83621300
v 1.32369000 13.75090000 -0.94058700
v 1.32369000 13.74340000 -1.04491000
v 1.32369000 13.73500000 -1.14916000
v 1.32369000 13.72590000 -1.25336000
v 1.32369000 13.71600000 -1.35748000
v 1.32369000 13.70530000 -1.46152000
v 1.32369000 13.69380000 -1.56548000
v 1.32369000 13.68160000 -1.66935000
v 1.32369000 13.66850000 -1.77312000
v 1.32369000 13.65460000 -1.87679000
v 1.32369000 13.64000000 -1.98035000
v 1.32369000 13.62460000 -2.08380000
v 1.32369000 13.60840000 -2.18712000
v 1.32369000 13.59140000 -2.29033000
v 0.08945200 14.47840000 -2.45454000
v 0.17240500 14.47920000 -2.44994000
v 0.23705400 14.48220000 -2.43237000
v 0.07577100 14.49350000 -2.36367000
v 0.14389200 14.49310000 -2.36611000
v 0.19191100 14.49270000 -2.36901000
v 0.25519100 14.49340000 -2.36420000
v 0.19466400 14.50200000 -2.31128000
v 0.13523400 14.50590000 -2.28676000
v 0.06956900 14.50770000 -2.27474000
v 0.26049400 14.50780000 -2.27466000
v 0.19616300 14.51470000 -2.22987000
v 0.13261400 14.51910000 -2.20094000
v 0.06712400 14.52160000 -2.18428000
v 0.26209400 14.52290000 -2.17609000
v 0.19678100 14.52860000 -2.13776000
v 0.13180700 14.53270000 -2.10964000
v 0.06621700 14.53520000 -2.09179000
v 0.26258600 14.53790000 -2.07356000
v 0.19700400 14.54250000 -2.04063000
v 0.13154800 14.54610000 -2.01500000
v 0.06588900 14.54850000 -1.99785000
v 0.26273800 14.55240000 -1.96921000
v 0.19707700 14.55610000 -1.94111000
v 0.13145800 14.55910000 -1.91859000
v 0.06577000 14.56120000 -1.90303000
v 0.26278400 14.56620000 -1.86399000
v 0.19709900 14.56920000 -1.84045000
v 0.13142500 14.57160000 -1.82125000
v 0.06572700 14.57330000 -1.80773000
v 0.26279800 14.57940000 -1.75833000
v 0.19710400 14.58160000 -1.73923000
v 0.13141300 14.58350000 -1.72345000
v 0.06571100 14.58480000 -1.71217000
v 0.26280300 14.59170000 -1.65243000
v 0.19710600 14.59340000 -1.63771000
v 0.13140700 14.59480000 -1.62540000
v 0.06570500 14.59580000 -1.61644000
v 0.26280400 14.60330000 -1.54637000
v 0.19710600 14.60450000 -1.53602000
v 0.13140500 14.60540000 -1.52720000
v 0.06570400 14.60610000 -1.52061000
v 0.26280400 14.61420000 -1.44020000
v 0.06570400 14.61570000 -1.42470000
v 0.19710600 14.61480000 -1.43422000
v 0.13140500 14.61530000 -1.42890000
v 0.06570400 14.62480000 -1.32871000
v 0.13140500 14.62460000 -1.33052000
v 0.19710600 14.62440000 -1.33233000
v 0.26280400 14.62430000 -1.33395000
v 0.06570100 14.63320000 -1.23275000
v 0.13140400 14.63320000 -1.23210000
v 0.19710600 14.63340000 -1.23038000
v 0.26280400 14.63360000 -1.22763000
v 0.06570200 14.64100000 -1.13661000
v 0.13140500 14.64120000 -1.13359000
v 0.19710600 14.64160000 -1.12836000
v 0.26280400 14.64210000 -1.12123000
v 0.06570400 14.64810000 -1.04046000
v 0.13140500 14.64850000 -1.03504000
v 0.19710600 14.64910000 -1.02628000
v 0.26280400 14.64990000 -1.01478000
v 0.06570400 14.65460000 -0.94427200
v 0.13140500 14.65510000 -0.93644300
v 0.19710600 14.65590000 -0.92415500
v 0.26280400 14.65690000 -0.90826600
v 0.06570400 14.66050000 -0.84804600
v 0.13140500 14.66110000 -0.83780300
v 0.19710600 14.66200000 -0.82198500
v 0.26280400 14.66310000 -0.80170900
v 0.06570400 14.66570000 -0.75178300
v 0.13140500 14.66640000 -0.73912500
v 0.19710600 14.66730000 -0.71977400
v 0.26279800 14.66850000 -0.69511500
v 0.06570800 14.67040000 -0.65548800
v 0.13142300 14.67100000 -0.64041400
v 0.19710400 14.67200000 -0.61757800
v 0.26277400 14.67320000 -0.58856200
v 0.06580500 14.67430000 -0.55916500
v 0.13156200 14.67500000 -0.54183500
v 0.19711600 14.67590000 -0.51579000
v 0.26268000 14.67710000 -0.48241200
v 0.06625100 14.67770000 -0.46308300
v 0.13202100 14.67830000 -0.44430300
v 0.19706600 14.67910000 -0.41581100
v 0.06737600 14.68040000 -0.36826100
v 0.26227400 14.68010000 -0.37773900
v 0.13307000 14.68080000 -0.35003000
v 0.19660800 14.68150000 -0.32086900
v 0.06994200 14.68240000 -0.27594600
v 0.26073400 14.68240000 -0.27697900
v 0.13577700 14.68270000 -0.26203500
v 0.19513500 14.68310000 -0.23731700
v 0.07607900 14.68380000 -0.18602400
v 0.14430800 14.68390000 -0.18174300
v 0.25539900 14.68380000 -0.18539500
v 0.19228600 14.68390000 -0.17857400
v 0.23722900 14.68450000 -0.11584000
v 0.08958800 14.68470000 -0.09498300
v 0.17257800 14.68470000 -0.09834700
v 2.88384000 15.34700000 -1.64573000
v 2.93122017 15.35604982 -1.55959518
v 2.83956000 15.33730000 -1.73347000
v 2.79886000 15.32700000 -1.82290000
v 2.76197000 15.31590000 -1.91397000
v 2.72903000 15.30400000 -2.00664000
v 2.70013000 15.29140000 -2.10054000
v 2.67520000 15.27810000 -2.19555000
v 2.65408000 15.26400000 -2.29150000
v 2.63658000 15.24910000 -2.38818000
v 2.62248000 15.23360000 -2.48536000
v 2.61139000 15.21740000 -2.58281000
v 2.74898000 15.33710000 -1.73575000
v 2.79092000 15.34680000 -1.64763000
v 2.71018000 15.32670000 -1.82530000
v 2.83538000 15.35590000 -1.56074000
v 2.67485000 15.31560000 -1.91631000
v 2.64315000 15.30370000 -2.00874000
v 2.61508000 15.29110000 -2.10242000
v 2.59046000 15.27780000 -2.19717000
v 2.56896000 15.26380000 -2.29283000
v 2.55023000 15.24900000 -2.38919000
v 2.53386000 15.23350000 -2.48603000
v 2.51941000 15.21730000 -2.58313000
v 2.65665000 15.33690000 -1.73717000
v 2.61958000 15.32650000 -1.82684000
v 2.69653000 15.34670000 -1.64876000
v 2.58570000 15.31540000 -1.91785000
v 2.73863000 15.35580000 -1.56138000
v 2.55515000 15.30350000 -2.01017000
v 2.52785000 15.29100000 -2.10370000
v 2.50349000 15.27770000 -2.19829000
v 2.48162000 15.26360000 -2.29376000
v 2.46175000 15.24890000 -2.38990000
v 2.44344000 15.23340000 -2.48651000
v 2.42627000 15.21730000 -2.58337000
v 2.56321000 15.33680000 -1.73805000
v 2.52773000 15.32640000 -1.82783000
v 2.60128000 15.34660000 -1.64944000
v 2.49521000 15.31530000 -1.91886000
v 2.46574000 15.30340000 -2.01113000
v 2.64137000 15.35580000 -1.56175000
v 2.43916000 15.29080000 -2.10458000
v 2.41504000 15.27750000 -2.19906000
v 2.39281000 15.26350000 -2.29439000
v 2.37191000 15.24880000 -2.39040000
v 2.35190000 15.23330000 -2.48685000
v 2.33246000 15.21720000 -2.58354000
v 2.46909000 15.33680000 -1.73862000
v 2.43510000 15.32630000 -1.82847000
v 2.50552000 15.34660000 -1.64986000
v 2.40386000 15.31520000 -1.91953000
v 2.37542000 15.30330000 -2.01178000
v 2.54385000 15.35580000 -1.56198000
v 2.34952000 15.29080000 -2.10518000
v 2.32562000 15.27750000 -2.19959000
v 2.30306000 15.26340000 -2.29484000
v 2.28122000 15.24870000 -2.39075000
v 2.25968000 15.23330000 -2.48710000
v 2.23827000 15.21720000 -2.58367000
v 2.37458000 15.33670000 -1.73900000
v 2.34199000 15.32630000 -1.82891000
v 2.31197000 15.31510000 -1.91999000
v 2.40947000 15.34650000 -1.65014000
v 2.28452000 15.30330000 -2.01224000
v 2.44617000 15.35580000 -1.56213000
v 2.25928000 15.29070000 -2.10561000
v 2.23561000 15.27740000 -2.19998000
v 2.21273000 15.26340000 -2.29517000
v 2.19000000 15.24870000 -2.39101000
v 2.16704000 15.23330000 -2.48727000
v 2.14384000 15.21720000 -2.58376000
v 2.27984000 15.33670000 -1.73927000
v 2.24861000 15.32620000 -1.82923000
v 2.21978000 15.31510000 -1.92034000
v 2.31327000 15.34650000 -1.65034000
v 2.19329000 15.30320000 -2.01258000
v 2.34840000 15.35570000 -1.56224000
v 2.16869000 15.29070000 -2.10593000
v 2.14523000 15.27740000 -2.20026000
v 2.12205000 15.26340000 -2.29542000
v 2.09846000 15.24860000 -2.39120000
v 2.07417000 15.23320000 -2.48741000
v 2.04928000 15.21720000 -2.58383000
v 2.18498000 15.33670000 -1.73949000
v 2.15507000 15.32620000 -1.82949000
v 2.21697000 15.34650000 -1.65050000
v 2.12741000 15.31500000 -1.92061000
v 2.25060000 15.35570000 -1.56232000
v 2.10186000 15.30320000 -2.01285000
v 2.07790000 15.29060000 -2.10619000
v 2.05464000 15.27730000 -2.20050000
v 2.03116000 15.26330000 -2.29562000
v 2.00674000 15.24860000 -2.39136000
v 1.98115000 15.23320000 -2.48752000
v 1.95464000 15.21720000 -2.58389000
v 2.09005000 15.33660000 -1.73968000
v 2.06144000 15.32620000 -1.82971000
v 2.12063000 15.34650000 -1.65064000
v 2.03493000 15.31500000 -1.92084000
v 2.15277000 15.35570000 -1.56240000
v 2.01033000 15.30320000 -2.01308000
v 1.98698000 15.29060000 -2.10641000
v 1.96393000 15.27730000 -2.20070000
v 1.94016000 15.26330000 -2.29579000
v 1.91492000 15.24860000 -2.39149000
v 1.88805000 15.23320000 -2.48761000
v 1.99509000 15.33660000 -1.73985000
v 1.96777000 15.32610000 -1.82990000
v 2.02426000 15.34650000 -1.65077000
v 1.94241000 15.31500000 -1.92105000
v 1.85996000 15.21720000 -2.58394000
v 2.05493000 15.35570000 -1.56246000
v 1.91873000 15.30310000 -2.01329000
v 1.89600000 15.29060000 -2.10661000
v 1.87316000 15.27730000 -2.20088000
v 1.84909000 15.26330000 -2.29594000
v 1.82304000 15.24860000 -2.39161000
v 1.79491000 15.23320000 -2.48770000
v 1.90011000 15.33660000 -1.74001000
v 1.87407000 15.32610000 -1.83009000
v 1.92789000 15.34650000 -1.65089000
v 1.84985000 15.31500000 -1.92125000
v 1.95709000 15.35570000 -1.56253000
v 1.82710000 15.30310000 -2.01349000
v 1.76525000 15.21720000 -2.58398000
v 1.80499000 15.29050000 -2.10680000
v 1.78235000 15.27730000 -2.20105000
v 1.75798000 15.26330000 -2.29609000
v 1.73113000 15.24860000 -2.39173000
v 1.70175000 15.23320000 -2.48778000
v 1.80511000 15.33660000 -1.74017000
v 1.78037000 15.32610000 -1.83027000
v 1.83150000 15.34640000 -1.65101000
v 1.75728000 15.31490000 -1.92144000
v 1.85924000 15.35570000 -1.56260000
v 1.73545000 15.30310000 -2.01369000
v 1.71396000 15.29050000 -2.10698000
v 1.67052000 15.21720000 -2.58402000
v 1.69152000 15.27720000 -2.20121000
v 1.66686000 15.26320000 -2.29623000
v 1.63920000 15.24860000 -2.39184000
v 1.60856000 15.23320000 -2.48785000
v 1.71012000 15.33660000 -1.74032000
v 1.73512000 15.34640000 -1.65112000
v 1.68665000 15.32610000 -1.83045000
v 1.66470000 15.31490000 -1.92163000
v 1.76139000 15.35570000 -1.56266000
v 1.64379000 15.30310000 -2.01388000
v 1.62291000 15.29050000 -2.10716000
v 1.60068000 15.27720000 -2.20138000
v 1.57579000 15.21720000 -2.58406000
v 1.57573000 15.26320000 -2.29637000
v 1.54727000 15.24850000 -2.39195000
v 1.51538000 15.23320000 -2.48793000
v 1.61512000 15.33660000 -1.74048000
v 1.63873000 15.34640000 -1.65124000
v 1.59294000 15.32610000 -1.83063000
v 1.66354000 15.35570000 -1.56272000
v 1.57212000 15.31490000 -1.92182000
v 1.55213000 15.30300000 -2.01406000
v 1.53187000 15.29050000 -2.10734000
v 1.50983000 15.27720000 -2.20154000
v 1.48105000 15.21710000 -2.58410000
v 1.48459000 15.26320000 -2.29650000
v 1.45532000 15.24850000 -2.39206000
v 1.52012000 15.33650000 -1.74063000
v 1.54235000 15.34640000 -1.65136000
v 1.49922000 15.32600000 -1.83081000
v 1.56569000 15.35570000 -1.56279000
v 1.42219000 15.23320000 -2.48800000
v 1.47954000 15.31490000 -1.92200000
v 1.46047000 15.30300000 -2.01425000
v 1.44082000 15.29040000 -2.10752000
v 1.41899000 15.27720000 -2.20170000
v 1.38632000 15.21710000 -2.58414000
v 1.39346000 15.26320000 -2.29664000
v 1.36338000 15.24850000 -2.39216000
v 1.44596000 15.34640000 -1.65147000
v 1.42512000 15.33650000 -1.74079000
v 1.40550000 15.32600000 -1.83098000
v 1.46784000 15.35570000 -1.56285000
v 1.38696000 15.31480000 -1.92219000
v 1.36881000 15.30300000 -2.01444000
v 1.32899000 15.23310000 -2.48807000
v 1.34977000 15.29040000 -2.10769000
v 1.32814000 15.27710000 -2.20185000
v 1.30231000 15.26320000 -2.29677000
v 1.29158000 15.21710000 -2.58417000
v 1.27144000 15.24850000 -2.39227000
v 1.34957000 15.34640000 -1.65159000
v 1.33012000 15.33650000 -1.74094000
v 1.36998000 15.35570000 -1.56291000
v 1.31178000 15.32600000 -1.83116000
v 1.29437000 15.31480000 -1.92238000
v 1.27714000 15.30300000 -2.01462000
v 1.23580000 15.23310000 -2.48815000
v 1.25872000 15.29040000 -2.10787000
v 1.23729000 15.27710000 -2.20201000
v 1.21117000 15.26310000 -2.29691000
v 1.19684000 15.21710000 -2.58421000
v 1.17949000 15.24850000 -2.39237000
v 1.25318000 15.34640000 -1.65170000
v 1.23512000 15.33650000 -1.74109000
v 1.27213000 15.35570000 -1.56298000
v 1.21806000 15.32600000 -1.83134000
v 1.20179000 15.31480000 -1.92256000
v 1.18548000 15.30290000 -2.01481000
v 1.16767000 15.29040000 -2.10805000
v 1.14260000 15.23310000 -2.48822000
v 1.14644000 15.27710000 -2.20217000
v 1.12003000 15.26310000 -2.29704000
v 1.10210000 15.21710000 -2.58425000
v 1.08754000 15.24850000 -2.39248000
v 1.15679000 15.34640000 -1.65182000
v 1.17428000 15.35560000 -1.56304000
v 1.14012000 15.33650000 -1.74125000
v 1.12435000 15.32590000 -1.83151000
v 1.10920000 15.31480000 -1.92275000
v 1.09382000 15.30290000 -2.01500000
v 1.07662000 15.29030000 -2.10822000
v 1.04941000 15.23310000 -2.48829000
v 1.05559000 15.27710000 -2.20233000
v 1.02889000 15.26310000 -2.29718000
v 1.00735000 15.21710000 -2.58428000
v 0.99559700 15.24840000 -2.39259000
v 1.06041000 15.34630000 -1.65194000
v 1.07643000 15.35560000 -1.56310000
v 1.04512000 15.33640000 -1.74140000
v 1.03063000 15.32590000 -1.83169000
v 1.01662000 15.31470000 -1.92294000
v 1.00215000 15.30290000 -2.01518000
v 0.98556700 15.29030000 -2.10840000
v 0.95621400 15.23310000 -2.48836000
v 0.96474100 15.27710000 -2.20249000
v 0.93774900 15.26310000 -2.29732000
v 0.91261500 15.21710000 -2.58432000
v 0.90365200 15.24840000 -2.39269000
v 0.97858100 15.35560000 -1.56317000
v 0.96401600 15.34630000 -1.65206000
v 0.95011600 15.33640000 -1.74156000
v 0.93690800 15.32590000 -1.83188000
v 0.92403400 15.31470000 -1.92314000
v 0.91048800 15.30290000 -2.01538000
v 0.89451600 15.29030000 -2.10859000
v 0.87389200 15.27700000 -2.20267000
v 0.86302200 15.23310000 -2.48844000
v 0.84660900 15.26310000 -2.29747000
v 0.81787700 15.21710000 -2.58436000
v 0.81171700 15.24840000 -2.39281000
v 0.88073100 15.35560000 -1.56324000
v 0.86762800 15.34630000 -1.65219000
v 0.85511500 15.33640000 -1.74174000
v 0.84318900 15.32590000 -1.83210000
v 0.83144900 15.31470000 -1.92339000
v 0.81882300 15.30280000 -2.01565000
v 0.80346400 15.29030000 -2.10886000
v 0.78304800 15.27700000 -2.20293000
v 0.76984800 15.23310000 -2.48851000
v 0.75549800 15.26300000 -2.29769000
v 0.72315700 15.21710000 -2.58439000
v 0.78288000 15.35560000 -1.56333000
v 0.77123900 15.34630000 -1.65238000
v 0.76011300 15.33640000 -1.74203000
v 0.71984600 15.24840000 -2.39297000
v 0.74946900 15.32580000 -1.83246000
v 0.73886300 15.31460000 -1.92382000
v 0.72715800 15.30280000 -2.01613000
v 0.71242200 15.29020000 -2.10938000
v 0.69225400 15.27690000 -2.20342000
v 0.67676300 15.23310000 -2.48859000
v 0.66452500 15.26300000 -2.29809000
v 0.68502800 15.35560000 -1.56351000
v 0.67484900 15.34630000 -1.65275000
v 0.66510900 15.33630000 -1.74259000
v 0.65574700 15.32580000 -1.83320000
v 0.64627500 15.31450000 -1.92472000
v 0.62850700 15.21710000 -2.58442000
v 0.62821800 15.24830000 -2.39320000
v 0.63550100 15.30260000 -2.01717000
v 0.62144200 15.29000000 -2.11047000
v 0.60166700 15.27680000 -2.20444000
v 0.58397300 15.23310000 -2.48867000
v 0.57399400 15.26280000 -2.29886000
v 0.58717600 15.35560000 -1.56388000
v 0.57845700 15.34620000 -1.65351000
v 0.57010400 15.33620000 -1.74375000
v 0.56202300 15.32560000 -1.83475000
v 0.55369300 15.31430000 -1.92660000
v 0.53728300 15.24830000 -2.39358000
v 0.54390100 15.30230000 -2.01930000
v 0.53407200 15.21710000 -2.58440000
v 0.53068200 15.28970000 -2.11268000
v 0.51163400 15.27650000 -2.20644000
v 0.49196800 15.23310000 -2.48867000
v 0.48452300 15.26260000 -2.30027000
v 0.48932200 15.35550000 -1.56459000
v 0.48206400 15.34600000 -1.65497000
v 0.47509600 15.33590000 -1.74594000
v 0.46830000 15.32520000 -1.83762000
v 0.46114700 15.31390000 -1.93008000
v 0.44793300 15.24820000 -2.39413000
v 0.45246600 15.30180000 -2.02319000
v 0.44018900 15.21710000 -2.58427000
v 0.44041000 15.28920000 -2.11666000
v 0.42270600 15.27600000 -2.20999000
v 0.40175700 15.23310000 -2.48841000
v 0.39708900 15.26230000 -2.30274000
v 0.39146700 15.35540000 -1.56581000
v 0.38566800 15.34580000 -1.65741000
v 0.38008600 15.33550000 -1.74955000
v 0.37459100 15.32470000 -1.84232000
v 0.36868700 15.31310000 -1.93570000
v 0.36168600 15.24810000 -2.39489000
v 0.36133200 15.30100000 -2.02945000
v 0.35092500 15.28830000 -2.12309000
v 0.34758400 15.21720000 -2.58375000
v 0.33548700 15.27510000 -2.21586000
v 0.31526400 15.23330000 -2.48735000
v 0.31287800 15.26160000 -2.30695000
v 0.29361100 15.35520000 -1.56763000
v 0.28926800 15.34540000 -1.66098000
v 0.28077600 15.24790000 -2.39599000
v 0.28507600 15.33490000 -1.75478000
v 0.28090800 15.32380000 -1.84907000
v 0.27635000 15.31210000 -1.94374000
v 0.27057800 15.29980000 -2.03846000
v 0.26237600 15.28700000 -2.13259000
v 0.25779800 15.21750000 -2.58208000
v 0.25028900 15.27380000 -2.22504000
v 0.23607800 15.23380000 -2.48431000
v 0.23274600 15.26050000 -2.31427000
v 0.20775600 15.24750000 -2.39846000
v 0.19574900 15.35490000 -1.56999000
v 0.19286100 15.34490000 -1.66558000
v 0.19006200 15.33420000 -1.76148000
v 0.18725200 15.32280000 -1.85767000
v 0.18414700 15.31080000 -1.95400000
v 0.18017000 15.29820000 -2.05019000
v 0.17460100 15.28510000 -2.14552000
v 0.17433800 15.21840000 -2.57700000
v 0.17082900 15.23490000 -2.47721000
v 0.16668200 15.27180000 -2.23874000
v 0.15598300 15.25850000 -2.32751000
v 0.14305100 15.24620000 -2.40695000
v 0.13096500 15.23690000 -2.46500000
v 0.09788000 15.35470000 -1.57272000
v 0.09643900 15.34430000 -1.67089000
v 0.10606200 15.22100000 -2.56136000
v 0.09503500 15.33330000 -1.76918000
v 0.09360700 15.32160000 -1.86757000
v 0.09200700 15.30930000 -1.96595000
v 0.08996400 15.29640000 -2.06412000
v 0.08716000 15.28290000 -2.16164000
v 0.08336900 15.26900000 -2.25767000
v 0.07880700 15.25500000 -2.35060000
v 0.07821400 15.22940000 -2.51095000
v 0.07501900 15.24140000 -2.43722000
v 2.70517000 14.09980000 -2.38652000
v 2.71197000 14.11680000 -2.29008000
v 2.72328000 14.13370000 -2.19405000
v 2.73908000 14.15050000 -2.09863000
v 2.75934000 14.16720000 -2.00404000
v 2.78402000 14.18370000 -1.91047000
v 2.81306000 14.20000000 -1.81812000
v 2.84640000 14.21610000 -1.72719000
v 2.88396000 14.23180000 -1.63788000
v 2.92568000 14.24720000 -1.55036000
v 2.97145000 14.26230000 -1.46484000
v 3.02119000 14.27700000 -1.38150000
v 3.07478000 14.29130000 -1.30050000
v 3.13211000 14.30510000 -1.22203000
v 3.19306000 14.31850000 -1.14624000
v 3.25751000 14.33140000 -1.07332000
v 3.32530000 14.34370000 -1.00339000
v 3.39630000 14.35540000 -0.93663300
v 3.47035000 14.36660000 -0.87317100
v 3.54730000 14.37720000 -0.81314500
v 3.62699000 14.38720000 -0.75668300
v 3.70923000 14.39650000 -0.70390500
v 3.79386000 14.40510000 -0.65492500
v 3.88071000 14.41310000 -0.60984600
v 3.96957000 14.42030000 -0.56876500
v 4.06026000 14.42680000 -0.53176900
v 4.15259000 14.43260000 -0.49893700
v 4.24637000 14.43770000 -0.47034000
v 4.34138000 14.44190000 -0.44603900
v 4.43743000 14.44550000 -0.42608500
v 4.53432000 14.44820000 -0.41052100
v 4.63183000 14.45020000 -0.39938000
v 4.72976000 14.45140000 -0.39268500
v 2.70517000 14.00620000 -2.37002000
v 2.71197000 14.02320000 -2.27358000
v 2.72328000 14.04020000 -2.17755000
v 2.73908000 14.05700000 -2.08214000
v 2.75934000 14.07370000 -1.98755000
v 2.78402000 14.09020000 -1.89398000
v 2.81306000 14.10650000 -1.80163000
v 2.84640000 14.12250000 -1.71070000
v 2.88396000 14.13830000 -1.62138000
v 2.92568000 14.15370000 -1.53387000
v 2.97145000 14.16880000 -1.44835000
v 3.02119000 14.18350000 -1.36500000
v 3.07478000 14.19770000 -1.28400000
v 3.13211000 14.21160000 -1.20553000
v 3.19306000 14.22490000 -1.12975000
v 3.25751000 14.23780000 -1.05682000
v 3.32530000 14.25010000 -0.98690000
v 3.39630000 14.26190000 -0.92013800
v 3.47035000 14.27310000 -0.85667600
v 3.54730000 14.28370000 -0.79665000
v 3.62699000 14.29360000 -0.74018800
v 3.70923000 14.30290000 -0.68741000
v 3.79386000 14.31160000 -0.63843000
v 3.88071000 14.31950000 -0.59335100
v 3.96957000 14.32680000 -0.55227000
v 4.06026000 14.33330000 -0.51527400
v 4.15259000 14.33910000 -0.48244200
v 4.24637000 14.34410000 -0.45384500
v 4.34138000 14.34840000 -0.42954400
v 4.43743000 14.35190000 -0.40959000
v 4.53432000 14.35470000 -0.39402500
v 4.63183000 14.35660000 -0.38288400
v 4.72976000 14.35780000 -0.37619000
v 2.70517000 13.91270000 -2.35353000
v 2.71197000 13.92970000 -2.25709000
v 2.72328000 13.94660000 -2.16106000
v 2.73908000 13.96350000 -2.06564000
v 2.75934000 13.98010000 -1.97105000
v 2.78402000 13.99660000 -1.87748000
v 2.81306000 14.01290000 -1.78513000
v 2.84640000 14.02890000 -1.69420000
v 2.88396000 14.04470000 -1.60489000
v 2.92568000 14.06010000 -1.51737000
v 2.97145000 14.07520000 -1.43185000
v 3.02119000 14.08990000 -1.34851000
v 3.07478000 14.10420000 -1.26751000
v 3.13211000 14.11800000 -1.18904000
v 3.19306000 14.13140000 -1.11325000
v 3.25751000 14.14420000 -1.04032000
v 3.32530000 14.15660000 -0.97040400
v 3.39630000 14.16840000 -0.90364200
v 3.47035000 14.17950000 -0.84018100
v 3.54730000 14.19010000 -0.78015500
v 3.62699000 14.20010000 -0.72369200
v 3.70923000 14.20940000 -0.67091500
v 3.79386000 14.21800000 -0.62193400
v 3.88071000 14.22600000 -0.57685500
v 3.96957000 14.23320000 -0.53577400
v 4.06026000 14.23970000 -0.49877800
v 4.15259000 14.24550000 -0.46594700
v 4.24637000 14.25060000 -0.43735000
v 4.34138000 14.25490000 -0.41304800
v 4.43743000 14.25840000 -0.39309400
v 4.53432000 14.26110000 -0.37753000
v 4.63183000 14.26310000 -0.36638900
v 4.72976000 14.26430000 -0.35969500
v 2.70517000 13.81910000 -2.33703000
v 2.71197000 13.83620000 -2.24059000
v 2.72328000 13.85310000 -2.14456000
v 2.73908000 13.86990000 -2.04915000
v 2.75934000 13.88660000 -1.95455000
v 2.78402000 13.90310000 -1.86098000
v 2.81306000 13.91940000 -1.76864000
v 2.84640000 13.93540000 -1.67771000
v 2.88396000 13.95110000 -1.58839000
v 2.92568000 13.96660000 -1.50088000
v 2.97145000 13.98170000 -1.41536000
v 3.02119000 13.99640000 -1.33201000
v 3.07478000 14.01060000 -1.25101000
v 3.13211000 14.02450000 -1.17254000
v 3.19306000 14.03780000 -1.09676000
v 3.25751000 14.05070000 -1.02383000
v 3.32530000 14.06300000 -0.95390900
v 3.39630000 14.07480000 -0.88714700
v 3.47035000 14.08600000 -0.82368500
v 3.54730000 14.09660000 -0.76365900
v 3.62699000 14.10650000 -0.70719700
v 3.70923000 14.11580000 -0.65441900
v 3.79386000 14.12450000 -0.60543900
v 3.88071000 14.13240000 -0.56036000
v 3.96957000 14.13970000 -0.51927900
v 4.06026000 14.14620000 -0.48228300
v 4.15259000 14.15200000 -0.44945100
v 4.24637000 14.15700000 -0.42085400
v 4.34138000 14.16130000 -0.39655300
v 4.43743000 14.16480000 -0.37659900
v 4.53432000 14.16760000 -0.36103500
v 4.63183000 14.16950000 -0.34989400
v 4.72976000 14.17070000 -0.34319900
v 2.70517000 13.72560000 -2.32054000
v 2.71197000 13.74260000 -2.22410000
v 2.72328000 13.75950000 -2.12807000
v 2.73908000 13.77640000 -2.03265000
v 2.75934000 13.79300000 -1.93806000
v 2.78402000 13.80950000 -1.84449000
v 2.81306000 13.82580000 -1.75214000
v 2.84640000 13.84190000 -1.66121000
v 2.88396000 13.85760000 -1.57190000
v 2.92568000 13.87300000 -1.48438000
v 2.97145000 13.88810000 -1.39886000
v 3.02119000 13.90280000 -1.31551000
v 3.07478000 13.91710000 -1.23452000
v 3.13211000 13.93090000 -1.15604000
v 3.19306000 13.94430000 -1.08026000
v 3.25751000 13.95720000 -1.00733000
v 3.32530000 13.96950000 -0.93741400
v 3.39630000 13.98120000 -0.87065200
v 3.47035000 13.99240000 -0.80719000
v 3.54730000 14.00300000 -0.74716400
v 3.62699000 14.01300000 -0.69070200
v 3.70923000 14.02230000 -0.63792400
v 3.79386000 14.03090000 -0.58894400
v 3.88071000 14.03890000 -0.54386500
v 3.96957000 14.04610000 -0.50278300
v 4.06026000 14.05260000 -0.46578800
v 4.15259000 14.05840000 -0.43295600
v 4.24637000 14.06350000 -0.40435900
v 4.34138000 14.06770000 -0.38005800
v 4.43743000 14.07130000 -0.36010400
v 4.53432000 14.07400000 -0.34453900
v 4.63183000 14.07600000 -0.33339800
v 4.72976000 14.07720000 -0.32670400
v 2.70517000 13.63200000 -2.30404000
v 2.71197000 13.64900000 -2.20760000
v 2.72328000 13.66600000 -2.11157000
v 2.73908000 13.68280000 -2.01616000
v 2.75934000 13.69950000 -1.92156000
v 2.78402000 13.71600000 -1.82799000
v 2.81306000 13.73230000 -1.73565000
v 2.84640000 13.74830000 -1.64472000
v 2.88396000 13.76400000 -1.55540000
v 2.92568000 13.77950000 -1.46789000
v 2.97145000 13.79460000 -1.38237000
v 3.02119000 13.80930000 -1.29902000
v 3.07478000 13.82350000 -1.21802000
v 3.13211000 13.83740000 -1.13955000
v 3.19306000 13.85070000 -1.06377000
v 3.25751000 13.86360000 -0.99083800
v 3.32530000 13.87590000 -0.92091800
v 3.39630000 13.88770000 -0.85415600
v 3.47035000 13.89890000 -0.79069500
v 3.54730000 13.90950000 -0.73066800
v 3.62699000 13.91940000 -0.67420600
v 3.70923000 13.92870000 -0.62142900
v 3.79386000 13.93740000 -0.57244800
v 3.88071000 13.94530000 -0.52736900
v 3.96957000 13.95260000 -0.48628800
v 4.06026000 13.95910000 -0.44929200
v 4.15259000 13.96490000 -0.41646100
v 4.24637000 13.96990000 -0.38786400
v 4.34138000 13.97420000 -0.36356200
v 4.43743000 13.97770000 -0.34360800
v 4.53432000 13.98050000 -0.32804400
v 4.63183000 13.98240000 -0.31690300
v 4.72976000 13.98360000 -0.31020900
v 2.70517000 13.53850000 -2.28755000
v 2.71197000 13.55550000 -2.19110000
v 2.72328000 13.57240000 -2.09507000
v 2.73908000 13.58930000 -1.99966000
v 2.75934000 13.60590000 -1.90507000
v 2.78402000 13.62240000 -1.81150000
v 2.81306000 13.63870000 -1.71915000
v 2.84640000 13.65470000 -1.62822000
v 2.88396000 13.67050000 -1.53891000
v 2.92568000 13.68590000 -1.45139000
v 2.97145000 13.70100000 -1.36587000
v 3.02119000 13.71570000 -1.28252000
v 3.07478000 13.73000000 -1.20153000
v 3.13211000 13.74380000 -1.12305000
v 3.19306000 13.75720000 -1.04727000
v 3.25751000 13.77010000 -0.97434300
v 3.32530000 13.78240000 -0.90442300
v 3.39630000 13.79420000 -0.83766100
v 3.47035000 13.80530000 -0.77419900
v 3.54730000 13.81590000 -0.71417300
v 3.62699000 13.82590000 -0.65771100
v 3.70923000 13.83520000 -0.60493400
v 3.79386000 13.84380000 -0.55595300
v 3.88071000 13.85180000 -0.51087400
v 3.96957000 13.85900000 -0.46979300
v 4.06026000 13.86550000 -0.43279700
v 4.15259000 13.87130000 -0.39996600
v 4.24637000 13.87640000 -0.37136800
v 4.34138000 13.88060000 -0.34706700
v 4.43743000 13.88420000 -0.32711300
v 4.53432000 13.88690000 -0.31154900
v 4.63183000 13.88890000 -0.30040800
v 4.72976000 13.89010000 -0.29371300
v 2.70517000 13.44490000 -2.27105000
v 2.71197000 13.46200000 -2.17461000
v 2.72328000 13.47890000 -2.07858000
v 2.73908000 13.49570000 -1.98317000
v 2.75934000 13.51240000 -1.88857000
v 2.78402000 13.52890000 -1.79500000
v 2.81306000 13.54520000 -1.70265000
v 2.84640000 13.56120000 -1.61172000
v 2.88396000 13.57700000 -1.52241000
v 2.92568000 13.59240000 -1.43490000
v 2.97145000 13.60750000 -1.34938000
v 3.02119000 13.62220000 -1.26603000
v 3.07478000 13.63640000 -1.18503000
v 3.13211000 13.65030000 -1.10656000
v 3.19306000 13.66360000 -1.03078000
v 3.25751000 13.67650000 -0.95784700
v 3.32530000 13.68880000 -0.88792800
v 3.39630000 13.70060000 -0.82116600
v 3.47035000 13.71180000 -0.75770400
v 3.54730000 13.72240000 -0.69767800
v 3.62699000 13.73230000 -0.64121600
v 3.70923000 13.74160000 -0.58843800
v 3.79386000 13.75030000 -0.53945800
v 3.88071000 13.75820000 -0.49437900
v 3.96957000 13.76550000 -0.45329800
v 4.06026000 13.77200000 -0.41630200
v 4.15259000 13.77780000 -0.38347000
v 4.24637000 13.78280000 -0.35487300
v 4.34138000 13.78710000 -0.33057200
v 4.43743000 13.79060000 -0.31061800
v 4.53432000 13.79340000 -0.29505400
v 4.63183000 13.79530000 -0.28391200
v 4.72976000 13.79650000 -0.27721800
v 2.70517000 13.35140000 -2.25456000
v 2.71197000 13.36840000 -2.15811000
v 2.72328000 13.38530000 -2.06208000
v 2.73908000 13.40220000 -1.96667000
v 2.75934000 13.41880000 -1.87208000
v 2.78402000 13.43530000 -1.77851000
v 2.81306000 13.45160000 -1.68616000
v 2.84640000 13.46770000 -1.59523000
v 2.88396000 13.48340000 -1.50591000
v 2.92568000 13.49880000 -1.41840000
v 2.97145000 13.51390000 -1.33288000
v 3.02119000 13.52860000 -1.24953000
v 3.07478000 13.54290000 -1.16854000
v 3.13211000 13.55670000 -1.09006000
v 3.19306000 13.57010000 -1.01428000
v 3.25751000 13.58290000 -0.94135200
v 3.32530000 13.59530000 -0.87143200
v 3.39630000 13.60700000 -0.80467000
v 3.47035000 13.61820000 -0.74120800
v 3.54730000 13.62880000 -0.68118200
v 3.62699000 13.63880000 -0.62472100
v 3.70923000 13.64810000 -0.57194300
v 3.79386000 13.65670000 -0.52296200
v 3.88071000 13.66470000 -0.47788300
v 3.96957000 13.67190000 -0.43680200
v 4.06026000 13.67840000 -0.39980600
v 4.15259000 13.68420000 -0.36697500
v 4.24637000 13.68930000 -0.33837800
v 4.34138000 13.69360000 -0.31407700
v 4.43743000 13.69710000 -0.29412200
v 4.53432000 13.69980000 -0.27855800
v 4.63183000 13.70180000 -0.26741700
v 4.72976000 13.70300000 -0.26072300
v 4.75205000 14.36750000 -0.86832700
v 4.74747000 14.38430000 -0.77320400
v 4.74292000 14.40100000 -0.67807800
v 4.73840000 14.41780000 -0.58295100
v 4.73393000 14.43460000 -0.48782200
v 4.67635000 14.36660000 -0.87350600
v 4.66718000 14.38330000 -0.77870400
v 4.65809000 14.40000000 -0.68389500
v 4.64909000 14.41670000 -0.58907800
v 4.64016000 14.43340000 -0.49425300
v 4.60092000 14.36510000 -0.88209900
v 4.58719000 14.38170000 -0.78784100
v 4.57359000 14.39830000 -0.69356500
v 4.56012000 14.41490000 -0.59927000
v 4.54677000 14.43160000 -0.50495700
v 4.52601000 14.36290000 -0.89418600
v 4.50675000 14.37940000 -0.80086800
v 4.48811000 14.39590000 -0.70742500
v 4.47016000 14.41240000 -0.61384800
v 4.45294000 14.42890000 -0.52013500
v 4.45178000 14.36020000 -0.90960500
v 4.42821000 14.37650000 -0.81726200
v 4.40514000 14.39280000 -0.72479200
v 4.38260000 14.40910000 -0.63218600
v 4.36059000 14.42550000 -0.53944300
v 4.37851000 14.35690000 -0.92833400
v 4.35038000 14.37300000 -0.83725200
v 4.32284000 14.38910000 -0.74598300
v 4.29590000 14.40520000 -0.65452900
v 4.26954000 14.42130000 -0.56289400
v 4.30603000 14.35300000 -0.95039300
v 4.27349000 14.36880000 -0.86076100
v 4.24161000 14.38470000 -0.77088600
v 4.21039000 14.40060000 -0.68077100
v 4.17982000 14.41650000 -0.59041900
v 4.09163000 14.41090000 -0.62197600
v 4.12651000 14.39530000 -0.71082200
v 4.16199000 14.37960000 -0.79941400
v 4.19806000 14.36410000 -0.88775600
v 4.23470000 14.34850000 -0.97585300
v 4.00459000 14.40460000 -0.65770600
v 4.04348000 14.38920000 -0.74491700
v 4.08312000 14.37390000 -0.83177200
v 4.12350000 14.35870000 -0.91827100
v 4.16462000 14.34350000 -1.00441000
v 3.91966000 14.39770000 -0.69721900
v 3.96263000 14.38260000 -0.78257000
v 4.00634000 14.36760000 -0.86752700
v 4.05078000 14.35270000 -0.95208300
v 4.09596000 14.33790000 -1.03623000
v 3.83659000 14.39000000 -0.74058200
v 3.88350000 14.37530000 -0.82389900
v 3.93118000 14.36070000 -0.90675400
v 3.97962000 14.34620000 -0.98914000
v 4.02884000 14.33170000 -1.07105000
v 3.75566000 14.38170000 -0.78769300
v 3.80646000 14.36740000 -0.86877900
v 3.85803000 14.35320000 -0.94934300
v 3.91037000 14.33910000 -1.02939000
v 3.96344000 14.32510000 -1.10892000
v 3.67719000 14.37280000 -0.83837000
v 3.73176000 14.35890000 -0.91703800
v 3.78707000 14.34510000 -0.99515800
v 3.84312000 14.33150000 -1.07272000
v 3.89989000 14.31790000 -1.14973000
v 3.60111000 14.36320000 -0.89257200
v 3.65939000 14.34980000 -0.96862600
v 3.71834000 14.33650000 -1.04412000
v 3.77799000 14.32330000 -1.11903000
v 3.83831000 14.31020000 -1.19337000
v 3.52763000 14.35310000 -0.95024900
v 3.58940000 14.34010000 -1.02357000
v 3.65187000 14.32730000 -1.09627000
v 3.71502000 14.31460000 -1.16834000
v 3.77886000 14.30200000 -1.23977000
v 3.45693000 14.34230000 -1.01121000
v 3.52210000 14.32990000 -1.08163000
v 3.58794000 14.31760000 -1.15138000
v 3.65446000 14.30540000 -1.22045000
v 3.72165000 14.29330000 -1.28884000
v 3.38926000 14.33100000 -1.07523000
v 3.45773000 14.31910000 -1.14256000
v 3.52682000 14.30740000 -1.20920000
v 3.59652000 14.29580000 -1.27516000
v 3.66680000 14.28420000 -1.34047000
v 3.32470000 14.31920000 -1.14223000
v 3.39631000 14.30790000 -1.20631000
v 3.46847000 14.29670000 -1.26972000
v 3.54118000 14.28570000 -1.33247000
v 3.61444000 14.27470000 -1.39454000
v 3.26329000 14.30690000 -1.21216000
v 3.33787000 14.29620000 -1.27287000
v 3.41296000 14.28560000 -1.33290000
v 3.48856000 14.27510000 -1.39226000
v 3.56466000 14.26480000 -1.45092000
v 3.20521000 14.29400000 -1.28488000
v 3.28256000 14.28390000 -1.34211000
v 3.36041000 14.27400000 -1.39863000
v 3.43874000 14.26410000 -1.45443000
v 3.51756000 14.25440000 -1.50949000
v 3.15069000 14.28080000 -1.36006000
v 3.23070000 14.27130000 -1.41362000
v 3.31114000 14.26200000 -1.46650000
v 3.39200000 14.25280000 -1.51869000
v 3.47326000 14.24370000 -1.57021000
v 3.09975000 14.26710000 -1.43759000
v 3.18224000 14.25830000 -1.48738000
v 3.26508000 14.24970000 -1.53653000
v 3.34829000 14.24110000 -1.58501000
v 3.43186000 14.23270000 -1.63282000
v 3.05255000 14.25300000 -1.51737000
v 3.13733000 14.24500000 -1.56324000
v 3.22241000 14.23700000 -1.60852000
v 3.30779000 14.22910000 -1.65319000
v 3.39347000 14.22130000 -1.69723000
v 3.00905000 14.23860000 -1.59923000
v 3.09595000 14.23120000 -1.64110000
v 3.18310000 14.22400000 -1.68240000
v 3.27050000 14.21680000 -1.72312000
v 3.35809000 14.20970000 -1.76340000
v 2.96950000 14.22380000 -1.68303000
v 3.05829000 14.21720000 -1.72084000
v 3.14731000 14.21060000 -1.75810000
v 3.23652000 14.20410000 -1.79484000
v 3.32594000 14.19770000 -1.83108000
v 3.29693000 14.18560000 -1.90011000
v 3.20596000 14.19120000 -1.86782000
v 3.11514000 14.19700000 -1.83509000
v 3.02446000 14.20290000 -1.80193000
v 2.93392000 14.20880000 -1.76834000
v 3.27126000 14.17320000 -1.97019000
v 3.17890000 14.17820000 -1.94203000
v 3.08664000 14.18320000 -1.91347000
v 2.99450000 14.18830000 -1.88454000
v 2.90245000 14.19350000 -1.85527000
v 3.24891000 14.16060000 -2.04159000
v 3.15535000 14.16490000 -2.01747000
v 3.06186000 14.16920000 -1.99309000
v 2.96843000 14.17350000 -1.96844000
v 2.87506000 14.17790000 -1.94353000
v 3.22972000 14.14780000 -2.11431000
v 3.13520000 14.15140000 -2.09415000
v 3.04071000 14.15490000 -2.07387000
v 2.94623000 14.15850000 -2.05348000
v 2.85179000 14.16210000 -2.03295000
v 3.21413000 14.13490000 -2.18736000
v 3.11877000 14.13770000 -2.17150000
v 3.02343000 14.14050000 -2.15556000
v 2.92809000 14.14330000 -2.13953000
v 2.83278000 14.14620000 -2.12341000
v 3.20198000 14.12190000 -2.26098000
v 3.10600000 14.12400000 -2.24928000
v 3.01002000 14.12600000 -2.23762000
v 2.91403000 14.12810000 -2.22601000
v 2.81804000 14.13010000 -2.21445000
v 3.19328000 14.10880000 -2.33521000
v 3.09686000 14.11010000 -2.32786000
v 3.00043000 14.11140000 -2.32059000
v 2.90399000 14.11270000 -2.31339000
v 2.80755000 14.11390000 -2.30626000
v 3.18809000 14.09570000 -2.40974000
v 3.09142000 14.09620000 -2.40680000
v 2.99476000 14.09670000 -2.40396000
v 2.89808000 14.09720000 -2.40123000
v 2.80141000 14.09770000 -2.39860000
v 4.73129000 15.24760000 -0.62804700
v 4.73596000 15.23070000 -0.72395600
v 4.74060000 15.21380000 -0.81986700
v 4.74520000 15.19680000 -0.91578000
v 4.74977000 15.17990000 -1.01170000
v 4.63473000 15.24640000 -0.63483500
v 4.64409000 15.22950000 -0.73041500
v 4.65339000 15.21270000 -0.82600000
v 4.66263000 15.19580000 -0.92159100
v 4.67182000 15.17900000 -1.01719000
v 4.53883000 15.24440000 -0.64614600
v 4.55280000 15.22760000 -0.74117600
v 4.56669000 15.21090000 -0.83621600
v 4.58049000 15.19410000 -0.93126800
v 4.59422000 15.17740000 -1.02633000
v 4.44378000 15.24160000 -0.66188100
v 4.46250000 15.22500000 -0.75612000
v 4.48097000 15.20840000 -0.85040300
v 4.49920000 15.19170000 -0.94472700
v 4.51721000 15.17510000 -1.03909000
v 4.34942000 15.23810000 -0.68208200
v 4.37269000 15.22160000 -0.77533700
v 4.39568000 15.20520000 -0.86865200
v 4.41840000 15.18870000 -0.96202200
v 4.44089000 15.17220000 -1.05544000
v 4.25602000 15.23370000 -0.70673600
v 4.28387000 15.21750000 -0.79879000
v 4.31135000 15.20120000 -0.89093700
v 4.33847000 15.18500000 -0.98317500
v 4.36521000 15.16870000 -1.07550000
v 4.29075000 15.16460000 -1.09887000
v 4.25982000 15.18060000 -1.00785000
v 4.22846000 15.19660000 -0.91694500
v 4.19662000 15.21270000 -0.82618400
v 4.16420000 15.22860000 -0.73559700
v 4.21760000 15.15980000 -1.12580000
v 4.18242000 15.17560000 -1.03628000
v 4.14670000 15.19140000 -0.94693400
v 4.11043000 15.20710000 -0.85777800
v 4.07361000 15.22280000 -0.76881300
v 4.14576000 15.15450000 -1.15610000
v 4.10649000 15.17000000 -1.06826000
v 4.06653000 15.18540000 -0.98069300
v 4.02594000 15.20080000 -0.89338000
v 3.98477000 15.21620000 -0.80629500
v 4.07542000 15.14860000 -1.18973000
v 4.03214000 15.16370000 -1.10375000
v 3.98816000 15.17880000 -1.01809000
v 3.94347000 15.19390000 -0.93273700
v 3.89806000 15.20880000 -0.84772500
v 4.00684000 15.14200000 -1.22663000
v 3.95947000 15.15680000 -1.14278000
v 3.91140000 15.17150000 -1.05929000
v 3.86262000 15.18620000 -0.97614200
v 3.81313000 15.20080000 -0.89335600
v 3.94014000 15.13500000 -1.26670000
v 3.88890000 15.14940000 -1.18510000
v 3.83689000 15.16370000 -1.10391000
v 3.78414000 15.17790000 -1.02315000
v 3.73064000 15.19210000 -0.94280600
v 3.87543000 15.12740000 -1.30984000
v 3.82043000 15.14130000 -1.23066000
v 3.76463000 15.15520000 -1.15196000
v 3.70804000 15.16900000 -1.07376000
v 3.65067000 15.18270000 -0.99605400
v 3.81291000 15.11920000 -1.35596000
v 3.75419000 15.13270000 -1.27941000
v 3.69466000 15.14610000 -1.20341000
v 3.63434000 15.15940000 -1.12795000
v 3.57323000 15.17270000 -1.05305000
v 3.75267000 15.11060000 -1.40498000
v 3.69029000 15.12360000 -1.33128000
v 3.62715000 15.13650000 -1.25816000
v 3.56326000 15.14930000 -1.18562000
v 3.49860000 15.16200000 -1.11365000
v 3.69484000 15.10150000 -1.45676000
v 3.62902000 15.11390000 -1.38604000
v 3.56244000 15.12630000 -1.31594000
v 3.49512000 15.13850000 -1.24647000
v 3.42705000 15.15070000 -1.17764000
v 3.63957000 15.09190000 -1.51120000
v 3.57052000 15.10380000 -1.44354000
v 3.50069000 15.11560000 -1.37659000
v 3.43009000 15.12730000 -1.31035000
v 3.35872000 15.13880000 -1.24484000
v 3.58701000 15.08180000 -1.56815000
v 3.51474000 15.09320000 -1.50383000
v 3.44175000 15.10440000 -1.44024000
v 3.36803000 15.11540000 -1.37740000
v 3.29360000 15.12640000 -1.31531000
v 3.53726000 15.07140000 -1.62751000
v 3.46192000 15.08210000 -1.56671000
v 3.38590000 15.09270000 -1.50665000
v 3.30923000 15.10310000 -1.44734000
v 3.23190000 15.11350000 -1.38877000
v 3.49046000 15.06050000 -1.68915000
v 3.41228000 15.07060000 -1.63190000
v 3.33347000 15.08050000 -1.57545000
v 3.25402000 15.09040000 -1.51978000
v 3.17395000 15.10000000 -1.46491000
v 3.44668000 15.04920000 -1.75291000
v 3.36575000 15.05870000 -1.69951000
v 3.28425000 15.06790000 -1.64686000
v 3.20220000 15.07710000 -1.59498000
v 3.11961000 15.08610000 -1.54385000
v 3.40601000 15.03770000 -1.81863000
v 3.32264000 15.04640000 -1.76898000
v 3.23872000 15.05500000 -1.72017000
v 3.15426000 15.06350000 -1.67220000
v 3.06926000 15.07180000 -1.62508000
v 3.36861000 15.02570000 -1.88620000
v 3.28286000 15.03380000 -1.84064000
v 3.19662000 15.04170000 -1.79589000
v 3.10992000 15.04940000 -1.75195000
v 3.02276000 15.05700000 -1.70882000
v 3.33447000 15.01350000 -1.95540000
v 3.24656000 15.02080000 -1.91401000
v 3.15825000 15.02800000 -1.87338000
v 3.06955000 15.03500000 -1.83354000
v 2.98043000 15.04190000 -1.79452000
v 3.30375000 15.00110000 -2.02617000
v 3.21382000 15.00760000 -1.98920000
v 3.12357000 15.01400000 -1.95291000
v 3.03302000 15.02030000 -1.91730000
v 2.94219000 15.02640000 -1.88232000
v 3.27637000 14.98830000 -2.09836000
v 3.18478000 14.99410000 -2.06558000
v 3.09292000 14.99980000 -2.03351000
v 3.00078000 15.00530000 -2.00215000
v 2.90837000 15.01070000 -1.97150000
v 2.87888000 14.99470000 -2.06226000
v 2.97264000 14.99010000 -2.08863000
v 3.06619000 14.98530000 -2.11566000
v 3.15952000 14.98040000 -2.14334000
v 3.25263000 14.97540000 -2.17168000
v 2.85375000 14.97840000 -2.15450000
v 2.94865000 14.97450000 -2.17658000
v 3.04341000 14.97050000 -2.19919000
v 3.13803000 14.96650000 -2.22230000
v 3.23251000 14.96230000 -2.24592000
v 2.83331000 14.96210000 -2.24689000
v 2.92918000 14.95910000 -2.26444000
v 3.02487000 14.95580000 -2.28287000
v 3.12045000 14.95250000 -2.30181000
v 3.21594000 14.94900000 -2.32114000
v 2.81709000 14.94540000 -2.34156000
v 2.91359000 14.94300000 -2.35527000
v 3.01006000 14.94060000 -2.36910000
v 3.10652000 14.93810000 -2.38304000
v 3.20296000 14.93560000 -2.39711000
v 2.80560000 14.92880000 -2.43623000
v 2.90265000 14.92710000 -2.44545000
v 2.99969000 14.92550000 -2.45473000
v 3.09673000 14.92380000 -2.46409000
v 3.19376000 14.92220000 -2.47351000
v 2.79869000 14.91200000 -2.53132000
v 2.89608000 14.91120000 -2.53602000
v 2.99346000 14.91030000 -2.54074000
v 3.09084000 14.90950000 -2.54549000
v 3.18822000 14.90870000 -2.55026000
v 4.75152000 15.07840000 -0.99371000
v 4.75277000 14.97680000 -0.97574500
v 4.75322000 14.87530000 -0.95781900
v 4.75306000 14.77370000 -0.93991800
v 4.75277000 14.67220000 -0.92202300
v 4.75254000 14.57060000 -0.90412600
v 4.75221000 14.46910000 -0.88623400
v 4.67754000 14.97590000 -0.98084700
v 4.67860000 14.87440000 -0.96284500
v 4.67508000 15.07750000 -0.99897900
v 4.67849000 14.77280000 -0.94494700
v 4.67803000 14.67130000 -0.92708100
v 4.67743000 14.56970000 -0.90922800
v 4.67683000 14.46810000 -0.89137500
v 4.60392000 14.87290000 -0.97126400
v 4.60225000 14.97440000 -0.98939800
v 4.60393000 14.77140000 -0.95335500
v 4.59876000 15.07590000 -1.00779000
v 4.60327000 14.66980000 -0.93553700
v 4.60248000 14.56820000 -0.91773800
v 4.60164000 14.46660000 -0.89994500
v 4.52914000 14.87080000 -0.98314300
v 4.52935000 14.76930000 -0.96519900
v 4.52694000 14.97230000 -1.00145000
v 4.52864000 14.66770000 -0.94742000
v 4.52267000 15.07370000 -1.02015000
v 4.52778000 14.56610000 -0.92967000
v 4.52693000 14.46450000 -0.91191900
v 4.45444000 14.86810000 -0.99853700
v 4.45487000 14.76660000 -0.98053100
v 4.45185000 14.96960000 -1.01704000
v 4.45427000 14.66500000 -0.96276100
v 4.45352000 14.56340000 -0.94502700
v 4.44701000 15.07090000 -1.03608000
v 4.45261000 14.46180000 -0.92733000
v 4.38019000 14.86480000 -1.01743000
v 4.38081000 14.76330000 -0.99935400
v 4.37727000 14.96620000 -1.03616000
v 4.38035000 14.66170000 -0.98157500
v 4.37200000 15.06750000 -1.05556000
v 4.37969000 14.56010000 -0.96385200
v 4.37903000 14.45850000 -0.94612700
v 4.30683000 14.86080000 -1.03975000
v 4.30370000 14.96220000 -1.05870000
v 4.30762000 14.75930000 -1.02158000
v 4.30725000 14.65780000 -1.00380000
v 4.29807000 15.06340000 -1.07848000
v 4.30671000 14.55620000 -0.98606900
v 4.30617000 14.45460000 -0.96834000
v 4.23479000 14.85630000 -1.06536000
v 4.23143000 14.95770000 -1.08455000
v 4.23569000 14.75480000 -1.04711000
v 4.23543000 14.65320000 -1.02930000
v 4.22541000 15.05880000 -1.10478000
v 4.23503000 14.55170000 -1.01154000
v 4.23465000 14.45010000 -0.99378100
v 4.16427000 14.85120000 -1.09415000
v 4.16063000 14.95250000 -1.11364000
v 4.16528000 14.74980000 -1.07580000
v 4.16511000 14.64820000 -1.05796000
v 4.15416000 15.05360000 -1.13440000
v 4.16471000 14.54660000 -1.04023000
v 4.16444000 14.44500000 -1.02244000
v 4.09529000 14.84560000 -1.12608000
v 4.09644000 14.74420000 -1.10760000
v 4.09132000 14.94680000 -1.14594000
v 4.09631000 14.64260000 -1.08976000
v 4.09605000 14.54100000 -1.07198000
v 4.08436000 15.04780000 -1.16731000
v 4.09570000 14.43940000 -1.05425000
v 4.02780000 14.83940000 -1.16118000
v 4.02914000 14.73800000 -1.14253000
v 4.02354000 14.94060000 -1.18143000
v 4.02913000 14.63640000 -1.12463000
v 4.02877000 14.53490000 -1.10692000
v 4.01622000 15.04140000 -1.20342000
v 4.02839000 14.43330000 -1.08922000
v 3.96186000 14.83270000 -1.19944000
v 3.96337000 14.73130000 -1.18061000
v 3.95738000 14.93380000 -1.22010000
v 3.96342000 14.62970000 -1.16267000
v 3.96322000 14.52820000 -1.14488000
v 3.94983000 15.03450000 -1.24268000
v 3.96295000 14.42660000 -1.12714000
v 3.89764000 14.82540000 -1.24080000
v 3.89931000 14.72400000 -1.22176000
v 3.89301000 14.92640000 -1.26185000
v 3.89950000 14.62250000 -1.20372000
v 3.89928000 14.52090000 -1.18597000
v 3.88534000 15.02700000 -1.28502000
v 3.89914000 14.41930000 -1.16815000
v 3.83538000 14.81760000 -1.28512000
v 3.83716000 14.71630000 -1.26588000
v 3.83069000 14.91850000 -1.30655000
v 3.83752000 14.61470000 -1.24771000
v 3.83752000 14.51320000 -1.22980000
v 3.82319000 15.01910000 -1.33013000
v 3.83753000 14.41160000 -1.21188000
v 3.77537000 14.80930000 -1.33220000
v 3.77717000 14.70800000 -1.31281000
v 3.77134000 14.91020000 -1.35344000
v 3.77754000 14.60650000 -1.29460000
v 3.76458000 15.01080000 -1.37697000
v 3.77765000 14.50490000 -1.27660000
v 3.77786000 14.40340000 -1.25853000
v 3.71652000 14.90190000 -1.40093000
v 3.71843000 14.80060000 -1.38129000
v 3.71238000 15.00280000 -1.42260000
v 3.71961000 14.69930000 -1.36232000
v 3.72005000 14.59780000 -1.34402000
v 3.72031000 14.49620000 -1.32588000
v 3.72055000 14.39470000 -1.30775000
v 3.67488000 14.99650000 -1.45791000
v 3.66738000 14.89370000 -1.44734000
v 3.66495000 14.79170000 -1.43183000
v 3.66477000 14.69010000 -1.41410000
v 3.66507000 14.58860000 -1.39590000
v 3.66537000 14.48710000 -1.37770000
v 3.66566000 14.38560000 -1.35950000
v 3.62668000 14.98790000 -1.50677000
v 3.61760000 14.88470000 -1.49854000
v 3.61338000 14.78230000 -1.48519000
v 3.61241000 14.68060000 -1.46834000
v 3.61264000 14.57900000 -1.45018000
v 3.61294000 14.47750000 -1.43195000
v 3.61323000 14.37600000 -1.41372000
v 3.57702000 14.97820000 -1.56173000
v 3.56829000 14.87490000 -1.55403000
v 3.56368000 14.77240000 -1.54158000
v 3.56243000 14.67050000 -1.52516000
v 3.56264000 14.56900000 -1.50700000
v 3.56298000 14.46750000 -1.48869000
v 3.56335000 14.36610000 -1.47034000
v 3.52883000 14.96790000 -1.62031000
v 3.52076000 14.86450000 -1.61277000
v 3.51627000 14.76190000 -1.60071000
v 3.51502000 14.66010000 -1.58444000
v 3.51529000 14.55860000 -1.56619000
v 3.51572000 14.45710000 -1.54771000
v 3.51616000 14.35570000 -1.52923000
v 3.48312000 14.95710000 -1.68150000
v 3.47579000 14.85370000 -1.67399000
v 3.47161000 14.75110000 -1.66209000
v 3.47043000 14.64930000 -1.64589000
v 3.47066000 14.54780000 -1.62764000
v 3.47122000 14.44630000 -1.60893000
v 3.47178000 14.34490000 -1.59022000
v 3.44033000 14.94590000 -1.74483000
v 3.43378000 14.84260000 -1.73720000
v 3.43001000 14.74000000 -1.72531000
v 3.42893000 14.63810000 -1.70912000
v 3.42920000 14.53660000 -1.69078000
v 3.42973000 14.43520000 -1.67203000
v 3.43033000 14.33380000 -1.65316000
v 3.40060000 14.93440000 -1.81008000
v 3.39487000 14.83110000 -1.80218000
v 3.39156000 14.72850000 -1.79014000
v 3.39061000 14.62670000 -1.77392000
v 3.39088000 14.52520000 -1.75554000
v 3.39140000 14.42380000 -1.73671000
v 3.39192000 14.32240000 -1.71788000
v 3.36402000 14.92260000 -1.87713000
v 3.35910000 14.81940000 -1.86885000
v 3.35627000 14.71680000 -1.85655000
v 3.35548000 14.61500000 -1.84021000
v 3.35572000 14.51350000 -1.82184000
v 3.35619000 14.41210000 -1.80298000
v 3.35666000 14.31070000 -1.78415000
v 3.33067000 14.91050000 -1.94582000
v 3.32651000 14.80730000 -1.93712000
v 3.32413000 14.70480000 -1.92452000
v 3.32351000 14.60300000 -1.90802000
v 3.32378000 14.50160000 -1.88950000
v 3.32419000 14.40020000 -1.87067000
v 3.32464000 14.29880000 -1.85176000
v 3.30066000 14.89810000 -2.01595000
v 3.29715000 14.79500000 -2.00689000
v 3.29518000 14.69260000 -1.99402000
v 3.29471000 14.59080000 -1.97733000
v 3.29498000 14.48940000 -1.95872000
v 3.29536000 14.38800000 -1.93984000
v 3.29574000 14.28660000 -1.92096000
v 3.27400000 14.88550000 -2.08750000
v 3.27111000 14.78250000 -2.07801000
v 3.26951000 14.68010000 -2.06485000
v 3.26914000 14.57830000 -2.04803000
v 3.26940000 14.47690000 -2.02934000
v 3.26978000 14.37560000 -2.01033000
v 3.27013000 14.27420000 -1.99138000
v 3.25083000 14.87270000 -2.16004000
v 3.24854000 14.76980000 -2.15004000
v 3.24725000 14.66740000 -2.13665000
v 3.24696000 14.56570000 -2.11975000
v 3.24716000 14.46430000 -2.10112000
v 3.24750000 14.36290000 -2.08205000
v 3.24783000 14.26160000 -2.06299000
v 3.23120000 14.85980000 -2.23340000
v 3.22947000 14.75700000 -2.22274000
v 3.22848000 14.65470000 -2.20903000
v 3.22825000 14.55290000 -2.19209000
v 3.22841000 14.45150000 -2.17351000
v 3.22868000 14.35010000 -2.15444000
v 3.22897000 14.24880000 -2.13532000
v 3.21513000 14.84680000 -2.30739000
v 3.21391000 14.74410000 -2.29589000
v 3.21320000 14.64180000 -2.28176000
v 3.21303000 14.54010000 -2.26479000
v 3.21314000 14.43870000 -2.24631000
v 3.21333000 14.33730000 -2.22735000
v 3.21353000 14.23590000 -2.20840000
v 3.20263000 14.83360000 -2.38180000
v 3.20187000 14.73110000 -2.36920000
v 3.20141000 14.62900000 -2.35457000
v 3.20129000 14.52730000 -2.33754000
v 3.20135000 14.42580000 -2.31917000
v 3.20146000 14.32440000 -2.30047000
v 3.20157000 14.22300000 -2.28180000
v 3.19367000 14.82040000 -2.45660000
v 3.19330000 14.71820000 -2.44260000
v 3.19306000 14.61620000 -2.42720000
v 3.19299000 14.51450000 -2.41013000
v 3.19301000 14.41300000 -2.39197000
v 3.19305000 14.31150000 -2.37361000
v 3.19308000 14.21000000 -2.35539000
v 3.18824000 14.80710000 -2.53197000
v 3.18814000 14.70520000 -2.51629000
v 3.18807000 14.60340000 -2.49978000
v 3.18805000 14.50170000 -2.48244000
v 3.18805000 14.40020000 -2.46452000
v 3.18805000 14.29860000 -2.44650000
v 3.18804000 14.19700000 -2.42886000
v 4.72294000 15.62840000 -0.25369700
v 4.70900000 15.61320000 -0.33985900
v 4.68813000 15.59900000 -0.42038400
v 4.62120000 15.63030000 -0.24278600
v 4.65247000 15.58710000 -0.48806900
v 4.59701000 15.61810000 -0.31209600
v 4.52517000 15.63150000 -0.23583500
v 4.56259000 15.60700000 -0.37516700
v 4.57975000 15.58130000 -0.52049800
v 4.49418000 15.62190000 -0.29018800
v 4.43906000 15.63220000 -0.23207900
v 4.51364000 15.59770000 -0.42790800
v 4.45018000 15.61320000 -0.34000800
v 4.40279000 15.62520000 -0.27170700
v 4.37527000 15.63250000 -0.23022200
v 4.49370000 15.57740000 -0.54304800
v 4.44582000 15.59100000 -0.46548000
v 4.39271000 15.60550000 -0.38348600
v 4.32647000 15.62860000 -0.25232100
v 4.34912000 15.61840000 -0.31022800
v 4.25842000 15.62360000 -0.28053200
v 4.28296000 15.61200000 -0.34637900
v 4.36654000 15.58580000 -0.49533700
v 4.32305000 15.59910000 -0.41993700
v 4.40226000 15.57360000 -0.56413900
v 4.18130000 15.61840000 -0.31051800
v 4.20839000 15.60610000 -0.38016900
v 4.24517000 15.59340000 -0.45229300
v 4.28069000 15.58090000 -0.52270200
v 4.30845000 15.56960000 -0.58680700
v 4.09961000 15.61290000 -0.34141400
v 4.12830000 15.60030000 -0.41267500
v 4.16136000 15.58790000 -0.48298800
v 4.19073000 15.57610000 -0.55023400
v 4.01555000 15.60730000 -0.37343800
v 4.21362000 15.56510000 -0.61237700
v 4.04393000 15.59470000 -0.44490500
v 4.07323000 15.58250000 -0.51376400
v 4.09877000 15.57090000 -0.57962800
v 3.92969000 15.60140000 -0.40677400
v 3.95657000 15.58880000 -0.47803500
v 4.11915000 15.56000000 -0.64159100
v 3.98336000 15.57680000 -0.54633000
v 3.84302000 15.59510000 -0.44236200
v 4.00700000 15.56520000 -0.61221400
v 3.86875000 15.58250000 -0.51363200
v 4.02609000 15.55410000 -0.67484600
v 3.89426000 15.57050000 -0.58213200
v 3.75705000 15.58830000 -0.48083000
v 3.91671000 15.55870000 -0.64863600
v 3.78212000 15.57570000 -0.55247200
v 3.67258000 15.58100000 -0.52245100
v 3.80667000 15.56350000 -0.62159200
v 3.93457000 15.54750000 -0.71227800
v 3.69718000 15.56820000 -0.59470400
v 3.82817000 15.55160000 -0.68889100
v 3.58988000 15.57310000 -0.56721700
v 3.72096000 15.55590000 -0.66456000
v 3.84490000 15.54020000 -0.75375400
v 3.61412000 15.56020000 -0.64019500
v 3.74151000 15.54390000 -0.73288700
v 3.50898000 15.56460000 -0.61509500
v 3.63712000 15.54770000 -0.71101400
v 3.53282000 15.55160000 -0.68896300
v 3.75718000 15.53220000 -0.79921700
v 3.42985000 15.55570000 -0.66604000
v 3.65675000 15.53550000 -0.78062000
v 3.55522000 15.53890000 -0.76088400
v 3.45348000 15.54250000 -0.74088600
v 3.35276000 15.54620000 -0.71992900
v 3.67190000 15.52350000 -0.84835900
v 3.57442000 15.52650000 -0.83170000
v 3.47565000 15.52960000 -0.81390000
v 3.37649000 15.53280000 -0.79574400
v 3.27795000 15.53620000 -0.77662800
v 3.58911000 15.51420000 -0.90106700
v 3.49484000 15.51690000 -0.88581100
v 3.39882000 15.51980000 -0.86971800
v 3.30212000 15.52270000 -0.85325600
v 3.20555000 15.52570000 -0.83588500
v 3.50943000 15.50440000 -0.95679800
v 3.41853000 15.50690000 -0.94241200
v 3.32518000 15.50950000 -0.92778700
v 3.23060000 15.51210000 -0.91307800
v 3.13570000 15.51480000 -0.89757800
v 3.06864000 15.50360000 -0.96131400
v 3.25531000 15.49900000 -0.98724900
v 3.16234000 15.50130000 -0.97457500
v 3.34638000 15.49669997 -1.00040999
v 3.43374000 15.49420298 -1.01458052
v 3.00476000 15.49209981 -1.02650997
v 3.09800000 15.49030000 -1.03674000
v 3.19025000 15.48860000 -1.04666000
v 3.27989000 15.48660149 -1.05790026
v 3.36367000 15.48398994 -1.07253823
v 2.94414853 15.47703259 -1.09187975
v 3.03797002 15.47939763 -1.09843959
v 3.13090000 15.47840000 -1.10418000
v 3.22122000 15.47710678 -1.11175120
v 3.30371000 15.47502288 -1.12559688
v 4.73292000 17.84720000 -0.22959000
v 4.72852000 17.84790000 -0.15200100
v 4.73358000 17.84600100 -0.31210600
v 4.73291577 17.84443842 -0.39595649
v 4.71318000 17.84790000 -0.08805900
v 4.66368000 17.84600100 -0.06287800
v 4.63933000 17.84390100 -0.19332100
v 4.64099000 17.84310000 -0.26104300
v 4.64007000 17.84180100 -0.33364800
v 4.63273000 17.84400000 -0.13733700
v 4.63812000 17.84020000 -0.40733200
v 4.62027000 17.84350000 -0.10394500
v 4.59117000 17.84190000 -0.05836700
v 4.56357000 17.83970100 -0.11063400
v 4.55599000 17.83869900 -0.16125400
v 4.55286000 17.83779900 -0.21929000
v 4.54990000 17.83670000 -0.28318100
v 4.54664000 17.83530000 -0.34954800
v 4.54334000 17.83359900 -0.41600700
v 4.50576000 17.83510000 -0.05898700
v 4.48471000 17.83280000 -0.11651800
v 4.47204000 17.83099900 -0.17402500
v 4.46382000 17.82950000 -0.23414000
v 4.45778000 17.82790000 -0.29635700
v 4.45295000 17.82620000 -0.35912400
v 4.44872000 17.82440000 -0.42144400
v 4.41396000 17.82530000 -0.06021700
v 4.39601000 17.82280000 -0.12021400
v 4.38227000 17.82060100 -0.18041600
v 4.37223000 17.81860000 -0.24135600
v 4.36501000 17.81670000 -0.30265000
v 4.35945000 17.81480000 -0.36377900
v 4.35434000 17.81270000 -0.42464800
v 4.31942000 17.81279900 -0.06104500
v 4.30333000 17.80999900 -0.12208100
v 4.29002000 17.80750100 -0.18317000
v 4.27991000 17.80520100 -0.24431600
v 4.27240000 17.80299900 -0.30538500
v 4.26620000 17.80090000 -0.36631400
v 4.26027000 17.79850000 -0.42712800
v 4.22416000 17.79740000 -0.06154800
v 4.20973000 17.79450000 -0.12306500
v 4.19745000 17.79180000 -0.18455700
v 4.18772000 17.78920000 -0.24601100
v 4.17994000 17.78680000 -0.30739800
v 4.17311000 17.78440100 -0.36867600
v 4.16653000 17.78170000 -0.42978300
v 4.12908000 17.77940000 -0.06197800
v 4.11625000 17.77640000 -0.12393600
v 4.10502000 17.77360000 -0.18586000
v 4.09566000 17.77080000 -0.24774300
v 4.08769000 17.76810100 -0.30956200
v 4.08037000 17.76540000 -0.37126000
v 4.07318000 17.76240000 -0.43278900
v 4.03438000 17.75880100 -0.06246000
v 4.02303000 17.75580000 -0.12491400
v 4.01278000 17.75280000 -0.18732700
v 4.00379000 17.74980000 -0.24968500
v 3.99568000 17.74690100 -0.31200600
v 3.98797000 17.74379900 -0.37417000
v 3.98035000 17.74049900 -0.43613100
v 3.94012000 17.73539900 -0.06297000
v 3.93017000 17.73250000 -0.12599700
v 3.92083000 17.72940100 -0.18894900
v 3.91221000 17.72629900 -0.25179800
v 3.90402000 17.72310100 -0.31472800
v 3.89601000 17.71960100 -0.37743400
v 3.88800000 17.71600000 -0.43996600
v 3.84658000 17.70949900 -0.06360900
v 3.83779000 17.70660000 -0.12719800
v 3.82929000 17.70350100 -0.19077500
v 3.82103000 17.70019900 -0.25430600
v 3.81285000 17.69669900 -0.31773800
v 3.80462000 17.69300100 -0.38105200
v 3.79633000 17.68890000 -0.44418900
v 3.75364000 17.68090100 -0.06426900
v 3.74601000 17.67810100 -0.12853200
v 3.73833000 17.67499900 -0.19276900
v 3.73048000 17.67160000 -0.25693700
v 3.72234000 17.66790000 -0.32102500
v 3.71395000 17.66379900 -0.38500400
v 3.70544000 17.65940100 -0.44880200
v 3.66146000 17.64979900 -0.06500600
v 3.65496000 17.64710000 -0.12998100
v 3.64811000 17.64410000 -0.19491400
v 3.64067000 17.64060000 -0.25978800
v 3.63260000 17.63660000 -0.32459000
v 3.62408000 17.63220000 -0.38928900
v 3.61539000 17.62739900 -0.45379500
v 3.57017000 17.61610000 -0.06578100
v 3.56477000 17.61360000 -0.13152800
v 3.55873000 17.61070100 -0.19722800
v 3.55170000 17.60710000 -0.26287200
v 3.54371000 17.60280000 -0.32844000
v 3.53510000 17.59810100 -0.39390500
v 3.52626000 17.59300000 -0.45917800
v 3.47025000 17.57480000 -0.19970500
v 3.47551000 17.57770000 -0.13318300
v 3.46364000 17.57110000 -0.26617300
v 3.47985000 17.57980000 -0.06660900
v 3.45575000 17.56670000 -0.33256600
v 3.44708000 17.56160000 -0.39884300
v 3.43813000 17.55610100 -0.46493300
v 3.38274000 17.53650100 -0.20235600
v 3.37655000 17.53280100 -0.26969800
v 3.38723000 17.53920000 -0.13494900
v 3.36880000 17.52809900 -0.33696100
v 3.39054000 17.54110000 -0.06749100
v 3.36010000 17.52269900 -0.40410800
v 3.35106000 17.51680000 -0.47105900
v 3.29049000 17.49210000 -0.27343500
v 3.29625000 17.49589900 -0.20516600
v 3.28290000 17.48720000 -0.34163000
v 3.29999000 17.49840000 -0.13682500
v 3.27420000 17.48140000 -0.40969800
v 3.30230000 17.49990100 -0.06843000
v 3.26512000 17.47520100 -0.47755600
v 3.20546000 17.44899900 -0.27738500
v 3.21078000 17.45280100 -0.20812700
v 3.19805000 17.44389900 -0.34656200
v 3.21381000 17.45500000 -0.13880000
v 3.18940000 17.43779900 -0.41561400
v 3.18032000 17.43120000 -0.48449200
v 3.21520000 17.45620000 -0.06942000
v 3.12142000 17.40350000 -0.28152500
v 3.11424000 17.39819900 -0.35173700
v 3.12632000 17.40730100 -0.21123300
v 3.10570000 17.39189900 -0.42183200
v 3.12870000 17.40930000 -0.14087300
v 3.09668000 17.38489900 -0.49175200
v 3.12926000 17.41000000 -0.07045700
v 3.03830000 17.35549900 -0.28584300
v 3.03141000 17.35010000 -0.35712400
v 3.04279000 17.35920000 -0.21447500
v 3.02312000 17.34350000 -0.42829100
v 3.01433000 17.33630000 -0.49929000
v 3.04461000 17.36100000 -0.14303600
v 3.04450000 17.36140100 -0.07153900
v 2.95597000 17.30489900 -0.29033700
v 2.94945000 17.29940000 -0.36273600
v 2.96009000 17.30859900 -0.21784800
v 2.94157000 17.29270000 -0.43502700
v 2.93327000 17.28540000 -0.50714800
v 2.96148000 17.31020000 -0.14528400
v 2.96092000 17.31030100 -0.07266200
v 2.87435000 17.25160000 -0.29499600
v 2.86829000 17.24600000 -0.36856400
v 2.87815000 17.25519900 -0.22134400
v 2.86099000 17.23940100 -0.44202500
v 2.87931000 17.25680000 -0.14761700
v 2.85333000 17.23210000 -0.51533200
v 2.87855000 17.25670100 -0.07382800
v 2.79353000 17.19540000 -0.29982200
v 2.79703000 17.19910000 -0.22496700
v 2.78803000 17.19000100 -0.37459500
v 2.79813000 17.20070100 -0.15003200
v 2.78149000 17.18350000 -0.44927000
v 2.77467000 17.17650000 -0.52381100
v 2.79744000 17.20070100 -0.07504000
v 2.71697000 17.14020000 -0.22871800
v 2.71378000 17.13660000 -0.30482100
v 2.71814000 17.14200000 -0.15253700
v 2.70895000 17.13150000 -0.38083300
v 2.70331000 17.12529900 -0.45674300
v 2.71772000 17.14220000 -0.07628400
v 2.69745000 17.11860100 -0.53258000
v 2.63837000 17.07900000 -0.23260000
v 2.63960000 17.08079900 -0.15512500
v 2.63552000 17.07550000 -0.30999600
v 2.63955000 17.08130100 -0.07758200
v 2.63141000 17.07060100 -0.38728400
v 2.62672000 17.06489900 -0.46443300
v 2.62183000 17.05859900 -0.54164900
v 2.56282000 17.01750000 -0.15779900
v 2.56155000 17.01549900 -0.23662100
v 2.56311000 17.01829900 -0.07891800
v 2.55907000 17.01210000 -0.31536500
v 2.55566000 17.00760100 -0.39400800
v 2.55182000 17.00230000 -0.47253700
v 2.54791000 16.99659900 -0.55112700
v 2.48854000 16.95310000 -0.08029800
v 2.48799000 16.95210100 -0.16056000
v 2.48674000 16.95000100 -0.24077100
v 2.48463000 16.94680000 -0.32091100
v 2.48188000 16.94260000 -0.40093300
v 2.47884000 16.93779900 -0.48101600
v 2.47582000 16.93260000 -0.56101900
v 2.41593000 16.88600000 -0.08171100
v 2.41523000 16.88480000 -0.16339200
v 2.41406000 16.88270000 -0.24503900
v 2.41232000 16.87960100 -0.32665600
v 2.41020000 16.87579900 -0.40821700
v 2.40792000 16.87150000 -0.48973000
v 2.40563000 16.86669900 -0.57108500
v 2.34536000 16.81699900 -0.08315700
v 2.34464000 16.81559900 -0.16628800
v 2.34363000 16.81360100 -0.24937700
v 2.34227000 16.81080100 -0.33251200
v 2.34077000 16.80740000 -0.41561000
v 2.33913000 16.80349900 -0.49860200
v 2.33748000 16.79920000 -0.58149000
v 2.27688000 16.74609900 -0.08463100
v 2.27625000 16.74480100 -0.16926000
v 2.27554000 16.74300000 -0.25390700
v 2.27470000 16.74060100 -0.33854200
v 2.27368000 16.73760000 -0.42312100
v 2.27258000 16.73399900 -0.50763500
v 2.27142000 16.73000000 -0.59206700
v 2.21068000 16.67359900 -0.08614900
v 2.21033000 16.67250100 -0.17230700
v 2.20997000 16.67100000 -0.25845700
v 2.20950000 16.66890000 -0.34459100
v 2.20899000 16.66630000 -0.43069500
v 2.20842000 16.66330000 -0.51677500
v 2.20768000 16.65950000 -0.60281700
f 5845 6037 6042
f 6260 278 280
f 2 4 3
f 3 1 2
f 5 6 4
f 4 2 5
f 10 11 6
f 6 5 10
f 15 27 11
f 11 10 15
f 16 33 27
f 27 15 16
f 17 34 33
f 33 16 17
f 18 35 34
f 34 17 18
f 19 36 35
f 35 18 19
f 20 37 36
f 36 19 20
f 21 38 37
f 37 20 21
f 22 39 38
f 38 21 22
f 23 40 39
f 39 22 23
f 24 41 40
f 40 23 24
f 25 42 24
f 41 24 42
f 43 42 25
f 25 26 43
f 60 59 42
f 42 43 60
f 77 76 60
f 59 60 76
f 92 91 77
f 76 77 91
f 93 107 92
f 91 92 107
f 108 109 93
f 107 93 109
f 121 122 108
f 109 108 122
f 132 133 121
f 122 121 133
f 143 144 132
f 133 132 144
f 148 155 143
f 144 143 155
f 160 161 155
f 155 148 160
f 170 171 161
f 161 160 170
f 180 181 171
f 171 170 180
f 190 191 180
f 181 180 191
f 200 201 190
f 191 190 201
f 210 211 200
f 201 200 211
f 220 221 210
f 211 210 221
f 230 231 220
f 221 220 231
f 233 245 230
f 231 230 245
f 234 246 233
f 245 233 246
f 235 247 246
f 246 234 235
f 236 248 247
f 247 235 236
f 249 248 236
f 236 237 249
f 259 258 249
f 248 249 258
f 267 266 259
f 258 259 266
f 273 269 267
f 266 267 269
f 274 268 273
f 269 273 268
f 275 270 274
f 268 274 270
f 276 271 270
f 270 275 276
f 272 271 277
f 276 277 271
f 265 263 272
f 271 272 263
f 255 253 265
f 263 265 253
f 243 241 255
f 253 255 241
f 229 227 243
f 241 243 227
f 219 218 227
f 227 229 219
f 209 208 218
f 218 219 209
f 199 198 208
f 208 209 199
f 189 188 198
f 198 199 189
f 178 177 189
f 188 189 177
f 166 165 178
f 177 178 165
f 154 153 166
f 165 166 153
f 142 141 154
f 153 154 141
f 129 127 142
f 141 142 127
f 115 113 129
f 127 129 113
f 99 97 115
f 113 115 97
f 82 81 97
f 97 99 82
f 66 65 81
f 81 82 66
f 49 47 65
f 65 66 49
f 32 30 49
f 47 49 30
f 13 14 32
f 30 32 14
f 7 8 13
f 14 13 8
f 4 8 7
f 7 3 4
f 6 9 4
f 8 4 9
f 11 12 9
f 9 6 11
f 27 28 12
f 12 11 27
f 33 44 28
f 28 27 33
f 34 51 44
f 44 33 34
f 35 52 51
f 51 34 35
f 36 53 52
f 52 35 36
f 37 54 53
f 53 36 37
f 38 55 54
f 54 37 38
f 39 56 55
f 55 38 39
f 40 57 56
f 56 39 40
f 41 58 40
f 57 40 58
f 59 58 41
f 41 42 59
f 76 75 58
f 58 59 76
f 91 90 75
f 75 76 91
f 107 106 91
f 90 91 106
f 109 120 107
f 106 107 120
f 122 123 109
f 120 109 123
f 133 134 122
f 123 122 134
f 144 145 134
f 134 133 144
f 155 156 144
f 145 144 156
f 161 167 156
f 156 155 161
f 171 172 167
f 167 161 171
f 181 182 172
f 172 171 181
f 191 192 181
f 182 181 192
f 201 202 192
f 192 191 201
f 211 212 201
f 202 201 212
f 221 222 211
f 212 211 222
f 231 232 221
f 222 221 232
f 245 244 231
f 232 231 244
f 246 256 245
f 244 245 256
f 247 257 246
f 256 246 257
f 258 257 248
f 247 248 257
f 266 264 258
f 257 258 264
f 269 261 266
f 264 266 261
f 268 260 269
f 261 269 260
f 270 262 260
f 260 268 270
f 263 262 271
f 270 271 262
f 253 251 263
f 262 263 251
f 241 239 253
f 251 253 239
f 227 225 241
f 239 241 225
f 218 216 225
f 225 227 218
f 208 207 216
f 216 218 208
f 198 197 208
f 207 208 197
f 188 187 197
f 197 198 188
f 177 176 188
f 187 188 176
f 165 164 177
f 176 177 164
f 153 152 165
f 164 165 152
f 141 140 153
f 152 153 140
f 127 126 141
f 140 141 126
f 113 112 127
f 126 127 112
f 97 96 113
f 112 113 96
f 81 80 96
f 96 97 81
f 65 64 81
f 80 81 64
f 47 46 64
f 64 65 47
f 30 29 47
f 46 47 29
f 12 29 30
f 30 14 12
f 28 31 29
f 29 12 28
f 44 45 31
f 31 28 44
f 51 61 45
f 45 44 51
f 52 69 61
f 61 51 52
f 53 70 69
f 69 52 53
f 54 71 70
f 70 53 54
f 55 72 71
f 71 54 55
f 56 73 72
f 72 55 56
f 57 74 56
f 73 56 74
f 75 74 57
f 57 58 75
f 9 12 14
f 14 8 9
f 31 48 46
f 46 29 31
f 45 50 48
f 48 31 45
f 61 62 50
f 50 45 61
f 69 78 62
f 62 61 69
f 70 85 78
f 78 69 70
f 71 86 70
f 85 70 86
f 72 87 86
f 86 71 72
f 73 88 87
f 87 72 73
f 74 89 88
f 88 73 74
f 90 89 74
f 74 75 90
f 106 105 89
f 89 90 106
f 120 119 105
f 105 106 120
f 123 131 119
f 119 120 123
f 134 135 123
f 131 123 135
f 145 146 135
f 135 134 145
f 156 157 145
f 146 145 157
f 167 168 157
f 157 156 167
f 172 179 168
f 168 167 172
f 182 183 179
f 179 172 182
f 192 193 182
f 183 182 193
f 202 203 193
f 193 192 202
f 212 213 202
f 203 202 213
f 222 223 212
f 213 212 223
f 232 228 222
f 223 222 228
f 244 242 232
f 228 232 242
f 256 254 242
f 242 244 256
f 264 254 257
f 256 257 254
f 48 63 46
f 64 46 63
f 50 67 63
f 63 48 50
f 62 68 67
f 67 50 62
f 78 79 68
f 68 62 78
f 85 94 79
f 79 78 85
f 86 102 85
f 94 85 102
f 87 103 102
f 102 86 87
f 88 104 87
f 103 87 104
f 105 104 88
f 88 89 105
f 261 252 264
f 254 264 252
f 260 250 252
f 252 261 260
f 251 250 262
f 260 262 250
f 239 238 251
f 250 251 238
f 225 224 239
f 238 239 224
f 216 215 225
f 224 225 215
f 207 206 215
f 215 216 207
f 197 196 207
f 206 207 196
f 187 185 197
f 196 197 185
f 176 174 187
f 185 187 174
f 164 163 176
f 174 176 163
f 152 151 164
f 163 164 151
f 140 139 152
f 151 152 139
f 126 128 140
f 139 140 128
f 112 114 126
f 128 126 114
f 96 98 112
f 114 112 98
f 64 63 67
f 67 80 64
f 80 83 96
f 98 96 83
f 68 83 80
f 80 67 68
f 79 84 83
f 83 68 79
f 94 95 84
f 84 79 94
f 102 110 94
f 95 94 110
f 103 117 102
f 110 102 117
f 104 118 103
f 117 103 118
f 119 118 104
f 104 105 119
f 131 130 118
f 118 119 131
f 135 136 131
f 130 131 136
f 146 147 136
f 136 135 146
f 157 158 146
f 147 146 158
f 168 169 157
f 158 157 169
f 179 175 168
f 169 168 175
f 183 186 175
f 175 179 183
f 193 194 186
f 186 183 193
f 203 204 194
f 194 193 203
f 213 214 203
f 204 203 214
f 223 217 213
f 214 213 217
f 228 226 223
f 217 223 226
f 242 240 228
f 226 228 240
f 252 240 254
f 242 254 240
f 84 100 98
f 98 83 84
f 95 101 84
f 100 84 101
f 110 111 101
f 101 95 110
f 117 124 111
f 111 110 117
f 130 124 117
f 117 118 130
f 238 240 250
f 252 250 240
f 224 226 238
f 240 238 226
f 215 217 224
f 226 224 217
f 206 214 215
f 217 215 214
f 196 195 205
f 205 206 196
f 185 184 196
f 195 196 184
f 174 173 185
f 184 185 173
f 163 162 173
f 173 174 163
f 151 150 163
f 162 163 150
f 139 138 151
f 150 151 138
f 128 125 139
f 138 139 125
f 116 125 128
f 128 114 116
f 205 204 214
f 214 206 205
f 195 194 205
f 204 205 194
f 184 186 194
f 194 195 184
f 173 175 186
f 186 184 173
f 162 169 173
f 175 173 169
f 150 149 159
f 159 162 150
f 138 137 150
f 149 150 137
f 136 137 130
f 124 130 137
f 159 158 169
f 169 162 159
f 149 147 159
f 158 159 147
f 149 137 136
f 136 147 149
f 100 116 114
f 114 98 100
f 124 125 111
f 116 111 125
f 124 137 138
f 138 125 124
f 116 100 101
f 101 111 116
f 279 281 280
f 280 278 279
f 282 286 281
f 281 279 282
f 283 288 286
f 286 282 283
f 289 288 284
f 283 284 288
f 290 292 291
f 291 285 290
f 294 300 292
f 292 290 294
f 304 305 300
f 300 294 304
f 316 317 305
f 305 304 316
f 319 329 317
f 317 316 319
f 332 333 329
f 329 319 332
f 334 336 333
f 333 332 334
f 320 335 334
f 336 334 335
f 320 321 335
f 337 335 321
f 320 307 321
f 311 321 307
f 315 306 307
f 307 320 315
f 302 303 306
f 306 315 302
f 293 295 302
f 303 302 295
f 3 546 545
f 545 1 3
f 297 298 289
f 288 289 298
f 308 309 298
f 298 297 308
f 322 323 309
f 309 308 322
f 339 340 323
f 323 322 339
f 352 353 339
f 340 339 353
f 365 366 353
f 353 352 365
f 374 383 365
f 366 365 383
f 391 392 374
f 383 374 392
f 406 407 391
f 392 391 407
f 421 422 406
f 407 406 422
f 436 437 421
f 422 421 437
f 448 449 436
f 437 436 449
f 460 461 448
f 449 448 461
f 470 471 460
f 461 460 471
f 480 481 470
f 471 470 481
f 490 491 481
f 481 480 490
f 500 499 491
f 491 490 500
f 506 505 499
f 499 500 506
f 512 511 505
f 505 506 512
f 518 513 511
f 511 512 518
f 519 520 518
f 513 518 520
f 525 526 519
f 520 519 526
f 529 530 525
f 526 525 530
f 533 534 529
f 530 529 534
f 537 538 534
f 534 533 537
f 539 540 537
f 538 537 540
f 541 542 540
f 540 539 541
f 32 540 13
f 542 13 540
f 49 538 540
f 540 32 49
f 66 536 49
f 538 49 536
f 82 532 536
f 536 66 82
f 99 528 532
f 532 82 99
f 115 524 528
f 528 99 115
f 129 517 524
f 524 115 129
f 142 510 129
f 517 129 510
f 154 504 142
f 510 142 504
f 166 498 154
f 504 154 498
f 178 492 166
f 498 166 492
f 189 484 178
f 492 178 484
f 199 476 189
f 484 189 476
f 209 468 199
f 476 199 468
f 219 458 468
f 468 209 219
f 229 445 219
f 458 219 445
f 429 430 445
f 445 229 429
f 413 414 430
f 430 429 413
f 397 398 414
f 414 413 397
f 379 396 398
f 398 397 379
f 378 395 396
f 396 379 378
f 377 394 395
f 395 378 377
f 376 393 394
f 394 377 376
f 375 384 393
f 393 376 375
f 367 368 384
f 384 375 367
f 355 356 368
f 368 367 355
f 341 342 356
f 356 355 341
f 325 326 341
f 342 341 326
f 312 313 325
f 326 325 313
f 301 300 313
f 313 312 301
f 292 300 301
f 301 291 292
f 305 314 313
f 313 300 305
f 317 318 314
f 314 305 317
f 329 330 318
f 318 317 329
f 333 346 330
f 330 329 333
f 336 347 346
f 346 333 336
f 335 348 347
f 347 336 335
f 337 349 348
f 348 335 337
f 337 338 349
f 350 349 338
f 321 324 337
f 338 337 324
f 287 286 293
f 295 293 286
f 287 280 281
f 281 286 287
f 536 535 534
f 534 538 536
f 532 531 535
f 535 536 532
f 528 527 531
f 531 532 528
f 524 523 527
f 527 528 524
f 517 516 523
f 523 524 517
f 510 509 516
f 516 517 510
f 504 502 509
f 509 510 504
f 498 496 502
f 502 504 498
f 492 488 496
f 496 498 492
f 484 483 488
f 488 492 484
f 476 475 483
f 483 484 476
f 468 467 475
f 475 476 468
f 458 457 467
f 467 468 458
f 445 446 457
f 457 458 445
f 430 431 446
f 446 445 430
f 414 415 431
f 431 430 414
f 398 412 415
f 415 414 398
f 396 411 412
f 412 398 396
f 395 410 411
f 411 396 395
f 394 409 410
f 410 395 394
f 393 401 409
f 409 394 393
f 384 385 401
f 401 393 384
f 368 369 385
f 385 384 368
f 356 357 369
f 369 368 356
f 342 343 356
f 357 356 343
f 326 327 342
f 343 342 327
f 314 327 326
f 326 313 314
f 318 328 327
f 327 314 318
f 330 331 318
f 328 318 331
f 346 345 331
f 331 330 346
f 347 359 345
f 345 346 347
f 348 360 359
f 359 347 348
f 349 361 360
f 360 348 349
f 350 362 361
f 361 349 350
f 350 351 362
f 363 362 351
f 338 340 351
f 351 350 338
f 353 354 351
f 351 340 353
f 366 364 354
f 354 353 366
f 383 382 366
f 364 366 382
f 392 400 382
f 382 383 392
f 407 408 400
f 400 392 407
f 422 423 408
f 408 407 422
f 437 438 423
f 423 422 437
f 449 450 438
f 438 437 449
f 461 462 450
f 450 449 461
f 471 472 462
f 462 461 471
f 481 482 472
f 472 471 481
f 491 489 482
f 482 481 491
f 499 497 489
f 489 491 499
f 505 503 497
f 497 499 505
f 511 507 503
f 503 505 511
f 513 514 507
f 507 511 513
f 520 521 513
f 514 513 521
f 311 310 324
f 324 321 311
f 323 324 310
f 310 309 323
f 543 545 546
f 546 544 543
f 328 344 343
f 343 327 328
f 345 359 358
f 358 344 345
f 360 372 371
f 371 359 360
f 361 373 372
f 372 360 361
f 362 380 373
f 373 361 362
f 363 381 380
f 380 362 363
f 400 399 381
f 381 382 400
f 408 416 400
f 399 400 416
f 423 424 408
f 416 408 424
f 438 439 423
f 424 423 439
f 450 451 438
f 439 438 451
f 462 463 450
f 451 450 463
f 472 473 462
f 463 462 473
f 482 479 472
f 473 472 479
f 489 487 482
f 479 482 487
f 497 495 489
f 487 489 495
f 503 501 495
f 495 497 503
f 507 508 503
f 501 503 508
f 514 515 507
f 508 507 515
f 509 508 515
f 515 516 509
f 502 501 508
f 508 509 502
f 496 494 501
f 501 502 496
f 488 486 494
f 494 496 488
f 483 478 488
f 486 488 478
f 475 474 483
f 478 483 474
f 467 466 474
f 474 475 467
f 457 456 466
f 466 467 457
f 446 444 456
f 456 457 446
f 412 427 428
f 428 415 412
f 411 426 412
f 427 412 426
f 410 425 411
f 426 411 425
f 409 418 410
f 425 410 418
f 401 402 409
f 418 409 402
f 385 386 401
f 402 401 386
f 369 370 385
f 386 385 370
f 357 358 370
f 370 369 357
f 344 358 357
f 357 343 344
f 527 526 531
f 530 531 526
f 527 521 520
f 520 526 527
f 324 323 338
f 340 338 323
f 288 296 295
f 295 286 288
f 306 296 299
f 299 307 306
f 306 303 296
f 295 296 303
f 544 542 541
f 541 543 544
f 544 7 542
f 13 542 7
f 494 493 495
f 495 501 494
f 486 485 493
f 493 494 486
f 478 477 486
f 485 486 477
f 474 469 477
f 477 478 474
f 466 465 474
f 469 474 465
f 456 455 466
f 465 466 455
f 444 443 456
f 455 456 443
f 428 443 432
f 444 432 443
f 371 370 358
f 358 359 371
f 373 389 388
f 388 372 373
f 380 390 389
f 389 373 380
f 399 390 381
f 380 381 390
f 431 432 444
f 444 446 431
f 522 521 523
f 527 523 521
f 522 515 514
f 514 521 522
f 364 363 354
f 351 354 363
f 364 382 381
f 381 363 364
f 535 531 530
f 530 534 535
f 307 299 311
f 310 311 299
f 298 299 296
f 296 288 298
f 371 387 386
f 386 370 371
f 389 403 387
f 387 388 389
f 390 404 403
f 403 389 390
f 399 405 390
f 404 390 405
f 416 417 405
f 405 399 416
f 424 433 416
f 417 416 433
f 439 440 424
f 433 424 440
f 451 452 439
f 440 439 452
f 463 464 452
f 452 451 463
f 473 469 464
f 464 463 473
f 487 485 479
f 477 479 485
f 477 469 473
f 473 479 477
f 465 459 464
f 464 469 465
f 455 454 465
f 459 465 454
f 443 442 455
f 454 455 442
f 427 442 443
f 443 428 427
f 459 453 464
f 452 464 453
f 454 447 453
f 453 459 454
f 442 441 454
f 447 454 441
f 426 441 427
f 442 427 441
f 425 435 426
f 441 426 435
f 418 419 425
f 435 425 419
f 493 485 487
f 487 495 493
f 402 403 419
f 419 418 402
f 402 386 387
f 387 403 402
f 404 420 419
f 419 403 404
f 417 420 405
f 404 405 420
f 433 434 417
f 420 417 434
f 447 434 440
f 433 440 434
f 434 435 420
f 419 420 435
f 434 447 441
f 441 435 434
f 453 447 440
f 440 452 453
f 7 544 546
f 546 3 7
f 309 310 299
f 299 298 309
f 516 515 522
f 522 523 516
f 415 428 432
f 432 431 415
f 344 328 331
f 331 345 344
f 371 372 388
f 388 387 371
f 1073 1071 1074
f 1072 1074 1071
f 1064 1063 1073
f 1071 1073 1063
f 1055 1054 1064
f 1063 1064 1054
f 1046 1045 1055
f 1054 1055 1045
f 1037 1036 1046
f 1045 1046 1036
f 1028 1027 1037
f 1036 1037 1027
f 1017 1016 1028
f 1027 1028 1016
f 1006 1005 1017
f 1016 1017 1005
f 995 994 1006
f 1005 1006 994
f 982 993 995
f 994 995 993
f 981 983 993
f 993 982 981
f 970 971 983
f 983 981 970
f 959 961 971
f 971 970 959
f 947 946 961
f 961 959 947
f 929 930 946
f 946 947 929
f 908 909 930
f 930 929 908
f 885 886 909
f 909 908 885
f 860 863 886
f 886 885 860
f 835 836 863
f 863 860 835
f 804 834 836
f 836 835 804
f 803 833 834
f 834 804 803
f 802 810 833
f 833 803 802
f 776 778 810
f 810 802 776
f 744 745 778
f 778 776 744
f 709 743 745
f 745 744 709
f 708 738 743
f 743 709 708
f 703 705 738
f 738 708 703
f 668 705 667
f 703 667 705
f 595 597 572
f 573 572 597
f 618 620 595
f 597 595 620
f 641 643 618
f 620 618 643
f 649 673 641
f 643 641 673
f 685 684 649
f 673 649 684
f 685 721 684
f 723 684 721
f 683 720 685
f 721 685 720
f 682 719 683
f 720 683 719
f 681 718 682
f 719 682 718
f 680 717 681
f 718 681 717
f 679 711 680
f 717 680 711
f 671 686 679
f 711 679 686
f 650 653 671
f 686 671 653
f 627 652 653
f 653 650 627
f 651 652 626
f 627 626 652
f 1066 1057 1065
f 1056 1065 1057
f 1067 1058 1066
f 1057 1066 1058
f 1068 1059 1067
f 1058 1067 1059
f 1069 1060 1068
f 1059 1068 1060
f 1070 1062 1069
f 1060 1069 1062
f 1071 1062 1070
f 1070 1072 1071
f 654 687 651
f 652 651 687
f 691 690 654
f 687 654 690
f 691 692 729
f 729 690 691
f 655 657 692
f 692 691 655
f 629 628 657
f 657 655 629
f 603 604 629
f 628 629 604
f 580 581 603
f 604 603 581
f 557 558 580
f 581 580 558
f 547 559 558
f 558 557 547
f 548 560 559
f 559 547 548
f 549 561 560
f 560 548 549
f 550 562 561
f 561 549 550
f 551 563 562
f 562 550 551
f 552 564 563
f 563 551 552
f 553 565 552
f 564 552 565
f 554 566 553
f 565 553 566
f 555 568 554
f 566 554 568
f 556 569 568
f 568 555 556
f 567 570 569
f 569 556 567
f 590 592 570
f 570 567 590
f 613 615 590
f 592 590 615
f 636 638 613
f 615 613 638
f 663 665 636
f 638 636 665
f 699 701 665
f 665 663 699
f 734 736 701
f 701 699 734
f 767 769 736
f 736 734 767
f 798 800 769
f 769 767 798
f 829 831 798
f 800 798 831
f 856 858 829
f 831 829 858
f 881 883 856
f 858 856 883
f 904 906 881
f 883 881 906
f 925 927 904
f 906 904 927
f 942 944 925
f 927 925 944
f 955 957 942
f 944 942 957
f 966 968 955
f 957 955 968
f 977 979 966
f 968 966 979
f 989 991 977
f 979 977 991
f 999 1001 989
f 991 989 1001
f 1009 1011 999
f 1001 999 1011
f 1018 1021 1009
f 1011 1009 1021
f 1029 1030 1018
f 1021 1018 1030
f 1038 1039 1029
f 1030 1029 1039
f 1047 1048 1039
f 1039 1038 1047
f 1057 1048 1056
f 1047 1056 1048
f 574 596 594
f 594 571 574
f 576 599 596
f 596 574 576
f 578 601 599
f 599 576 578
f 579 602 601
f 601 578 579
f 577 600 602
f 602 579 577
f 575 598 577
f 600 577 598
f 597 598 575
f 575 573 597
f 669 706 668
f 705 668 706
f 704 707 706
f 706 669 704
f 704 710 707
f 739 707 710
f 670 672 704
f 710 704 672
f 640 642 670
f 672 670 642
f 617 619 642
f 642 640 617
f 596 619 594
f 617 594 619
f 1063 1061 1071
f 1062 1071 1061
f 1054 1053 1063
f 1061 1063 1053
f 1045 1044 1054
f 1053 1054 1044
f 1036 1035 1044
f 1044 1045 1036
f 1027 1026 1035
f 1035 1036 1027
f 1016 1015 1027
f 1026 1027 1015
f 1005 1004 1016
f 1015 1016 1004
f 994 1003 1005
f 1004 1005 1003
f 993 996 994
f 1003 994 996
f 983 984 996
f 996 993 983
f 971 973 984
f 984 983 971
f 961 960 973
f 973 971 961
f 946 948 960
f 960 961 946
f 930 931 948
f 948 946 930
f 909 910 931
f 931 930 909
f 886 889 910
f 910 909 886
f 863 864 889
f 889 886 863
f 836 862 864
f 864 863 836
f 834 861 862
f 862 836 834
f 833 842 861
f 861 834 833
f 810 812 842
f 842 833 810
f 778 779 812
f 812 810 778
f 745 777 779
f 779 778 745
f 743 771 777
f 777 745 743
f 738 741 771
f 771 743 738
f 706 741 705
f 738 705 741
f 620 622 597
f 598 597 622
f 643 645 620
f 622 620 645
f 673 675 643
f 645 643 675
f 684 713 673
f 675 673 713
f 723 722 684
f 713 684 722
f 723 757 722
f 756 722 757
f 721 755 723
f 757 723 755
f 720 753 721
f 755 721 753
f 719 752 720
f 753 720 752
f 718 751 719
f 752 719 751
f 717 747 718
f 751 718 747
f 711 724 717
f 747 717 724
f 686 689 711
f 724 711 689
f 653 688 689
f 689 686 653
f 687 688 652
f 653 652 688
f 1058 1049 1057
f 1048 1057 1049
f 1059 1050 1058
f 1049 1058 1050
f 1060 1052 1059
f 1050 1059 1052
f 1061 1052 1060
f 1060 1062 1061
f 690 725 687
f 688 687 725
f 729 728 690
f 725 690 728
f 729 730 728
f 763 728 730
f 692 694 730
f 730 729 692
f 657 656 694
f 694 692 657
f 628 630 656
f 656 657 628
f 604 605 630
f 630 628 604
f 581 582 605
f 605 604 581
f 558 559 582
f 582 581 558
f 561 584 583
f 583 560 561
f 562 585 584
f 584 561 562
f 563 586 585
f 585 562 563
f 564 587 563
f 586 563 587
f 565 588 564
f 587 564 588
f 566 589 565
f 588 565 589
f 568 591 566
f 589 566 591
f 569 593 591
f 591 568 569
f 615 616 592
f 593 592 616
f 638 639 615
f 616 615 639
f 665 666 638
f 639 638 666
f 701 702 665
f 666 665 702
f 736 737 701
f 702 701 737
f 769 770 736
f 737 736 770
f 800 801 769
f 770 769 801
f 831 832 800
f 801 800 832
f 858 859 831
f 832 831 859
f 883 884 858
f 859 858 884
f 906 907 883
f 884 883 907
f 927 928 906
f 907 906 928
f 944 945 927
f 928 927 945
f 957 958 944
f 945 944 958
f 968 969 957
f 958 957 969
f 979 980 968
f 969 968 980
f 991 992 979
f 980 979 992
f 1001 1002 991
f 992 991 1002
f 1011 1012 1001
f 1002 1001 1012
f 1021 1022 1011
f 1012 1011 1022
f 1030 1032 1022
f 1022 1021 1030
f 1039 1040 1030
f 1032 1030 1040
f 1049 1040 1039
f 1039 1048 1049
f 599 621 619
f 619 596 599
f 601 624 621
f 621 599 601
f 602 625 624
f 624 601 602
f 600 623 602
f 625 602 623
f 622 623 600
f 600 598 622
f 1053 1051 1052
f 1052 1061 1053
f 1044 1043 1051
f 1051 1053 1044
f 1035 1034 1043
f 1043 1044 1035
f 1026 1025 1034
f 1034 1035 1026
f 1015 1014 1026
f 1025 1026 1014
f 1004 1013 1015
f 1014 1015 1013
f 1003 1007 1004
f 1013 1004 1007
f 996 997 1003
f 1007 1003 997
f 984 986 997
f 997 996 984
f 973 972 986
f 986 984 973
f 960 962 972
f 972 973 960
f 948 949 962
f 962 960 948
f 931 932 949
f 949 948 931
f 910 913 932
f 932 931 910
f 889 890 913
f 913 910 889
f 864 888 890
f 890 889 864
f 862 887 888
f 888 864 862
f 861 870 887
f 887 862 861
f 842 844 870
f 870 861 842
f 812 813 844
f 844 842 812
f 779 811 813
f 813 812 779
f 777 805 811
f 811 779 777
f 771 774 777
f 805 777 774
f 741 740 771
f 774 771 740
f 707 740 706
f 741 706 740
f 739 742 707
f 740 707 742
f 739 746 742
f 772 742 746
f 710 712 739
f 746 739 712
f 672 674 710
f 712 710 674
f 642 644 672
f 674 672 644
f 621 644 619
f 642 619 644
f 570 592 593
f 593 569 570
f 645 647 622
f 623 622 647
f 675 677 645
f 647 645 677
f 713 715 675
f 677 675 715
f 722 749 713
f 715 713 749
f 756 754 749
f 749 722 756
f 756 788 754
f 786 754 788
f 757 789 756
f 788 756 789
f 755 787 789
f 789 757 755
f 753 785 755
f 787 755 785
f 752 783 753
f 785 753 783
f 751 781 752
f 783 752 781
f 747 758 751
f 781 751 758
f 724 727 747
f 758 747 727
f 689 726 727
f 727 724 689
f 725 726 688
f 689 688 726
f 1050 1042 1040
f 1040 1049 1050
f 1051 1042 1052
f 1050 1052 1042
f 1043 1041 1051
f 1042 1051 1041
f 1034 1033 1041
f 1041 1043 1034
f 1025 1024 1034
f 1033 1034 1024
f 1014 1023 1024
f 1024 1025 1014
f 1013 1019 1014
f 1023 1014 1019
f 1007 1008 1013
f 1019 1013 1008
f 997 998 1008
f 1008 1007 997
f 986 985 997
f 998 997 985
f 972 974 985
f 985 986 972
f 962 963 974
f 974 972 962
f 949 950 963
f 963 962 949
f 932 935 949
f 950 949 935
f 913 914 935
f 935 932 913
f 890 912 914
f 914 913 890
f 888 911 912
f 912 890 888
f 887 896 911
f 911 888 887
f 870 872 896
f 896 887 870
f 844 845 872
f 872 870 844
f 813 843 845
f 845 844 813
f 811 837 843
f 843 813 811
f 805 808 837
f 837 811 805
f 774 773 808
f 808 805 774
f 742 773 740
f 774 740 773
f 616 614 593
f 591 593 614
f 639 637 616
f 614 616 637
f 666 664 639
f 637 639 664
f 702 700 666
f 664 666 700
f 737 735 702
f 700 702 735
f 770 768 737
f 735 737 768
f 801 799 770
f 768 770 799
f 832 830 801
f 799 801 830
f 859 857 832
f 830 832 857
f 884 882 859
f 857 859 882
f 907 905 884
f 882 884 905
f 928 926 907
f 905 907 926
f 945 943 928
f 926 928 943
f 958 956 945
f 943 945 956
f 969 967 958
f 956 958 967
f 980 978 969
f 967 969 978
f 992 990 980
f 978 980 990
f 1002 1000 992
f 990 992 1000
f 1012 1010 1002
f 1000 1002 1010
f 1022 1020 1012
f 1010 1012 1020
f 1040 1042 1041
f 1041 1032 1040
f 614 612 591
f 589 591 612
f 637 635 612
f 612 614 637
f 664 662 637
f 635 637 662
f 700 698 664
f 662 664 698
f 735 733 700
f 698 700 733
f 768 766 735
f 733 735 766
f 799 797 768
f 766 768 797
f 830 828 799
f 797 799 828
f 857 855 830
f 828 830 855
f 882 880 857
f 855 857 880
f 905 903 882
f 880 882 903
f 926 924 905
f 903 905 924
f 943 941 926
f 924 926 941
f 956 954 943
f 941 943 954
f 967 965 954
f 954 956 967
f 978 976 967
f 965 967 976
f 990 988 978
f 976 978 988
f 1000 998 988
f 988 990 1000
f 985 987 988
f 988 998 985
f 974 975 987
f 987 985 974
f 963 964 975
f 975 974 963
f 950 952 964
f 964 963 950
f 935 936 950
f 952 950 936
f 914 934 936
f 936 935 914
f 912 933 934
f 934 914 912
f 911 918 933
f 933 912 911
f 896 898 918
f 918 911 896
f 872 873 898
f 898 896 872
f 845 871 873
f 873 872 845
f 843 865 871
f 871 845 843
f 837 840 865
f 865 843 837
f 808 807 837
f 840 837 807
f 773 775 807
f 807 808 773
f 772 775 742
f 773 742 775
f 583 582 560
f 559 560 582
f 583 606 605
f 605 582 583
f 584 607 606
f 606 583 584
f 585 608 607
f 607 584 585
f 586 610 608
f 608 585 586
f 587 609 586
f 610 586 609
f 662 661 634
f 634 635 662
f 698 697 662
f 661 662 697
f 733 732 698
f 697 698 732
f 766 765 733
f 732 733 765
f 797 796 766
f 765 766 796
f 828 827 797
f 796 797 827
f 855 854 828
f 827 828 854
f 880 879 855
f 854 855 879
f 903 902 880
f 879 880 902
f 924 923 903
f 902 903 923
f 941 940 924
f 923 924 940
f 954 953 941
f 940 941 953
f 965 951 954
f 953 954 951
f 988 987 976
f 975 976 987
f 728 759 726
f 726 725 728
f 763 762 759
f 759 728 763
f 763 764 762
f 795 762 764
f 730 731 764
f 764 763 730
f 694 693 730
f 731 730 693
f 656 658 693
f 693 694 656
f 630 631 658
f 658 656 630
f 606 631 605
f 630 605 631
f 624 646 644
f 644 621 624
f 625 648 646
f 646 624 625
f 647 648 623
f 625 623 648
f 677 678 647
f 648 647 678
f 715 716 677
f 678 677 716
f 749 750 716
f 716 715 749
f 754 782 750
f 750 749 754
f 786 784 754
f 782 754 784
f 786 818 784
f 816 784 818
f 788 820 786
f 818 786 820
f 789 821 820
f 820 788 789
f 787 819 821
f 821 789 787
f 785 817 787
f 819 787 817
f 783 815 785
f 817 785 815
f 781 790 815
f 815 783 781
f 758 761 781
f 790 781 761
f 727 760 758
f 761 758 760
f 759 760 727
f 727 726 759
f 634 610 609
f 609 635 634
f 634 633 610
f 608 610 633
f 661 660 634
f 633 634 660
f 697 696 661
f 660 661 696
f 732 731 697
f 696 697 731
f 765 764 732
f 731 732 764
f 796 795 764
f 764 765 796
f 827 826 796
f 795 796 826
f 854 853 826
f 826 827 854
f 879 878 854
f 853 854 878
f 902 901 878
f 878 879 902
f 923 922 902
f 901 902 922
f 940 937 923
f 922 923 937
f 953 939 940
f 937 940 939
f 951 938 953
f 939 953 938
f 918 920 938
f 938 933 918
f 898 899 920
f 920 918 898
f 873 897 899
f 899 898 873
f 871 891 897
f 897 873 871
f 865 868 891
f 891 871 865
f 840 839 868
f 868 865 840
f 807 809 840
f 839 840 809
f 775 806 809
f 809 807 775
f 772 780 806
f 806 775 772
f 746 748 772
f 780 772 748
f 712 714 748
f 748 746 712
f 674 676 712
f 714 712 676
f 646 676 674
f 674 644 646
f 607 632 606
f 631 606 632
f 633 632 608
f 607 608 632
f 660 659 633
f 632 633 659
f 696 695 660
f 659 660 695
f 658 659 695
f 695 693 658
f 658 631 659
f 632 659 631
f 612 611 589
f 588 589 611
f 612 635 611
f 609 611 635
f 1032 1031 1022
f 1020 1022 1031
f 1033 1031 1041
f 1032 1041 1031
f 1010 1008 1000
f 998 1000 1008
f 1020 1019 1010
f 1008 1010 1019
f 920 921 938
f 939 938 921
f 899 919 921
f 921 920 899
f 897 915 919
f 919 899 897
f 891 894 915
f 915 897 891
f 868 867 894
f 894 891 868
f 839 841 868
f 867 868 841
f 809 838 839
f 841 839 838
f 806 814 809
f 838 809 814
f 780 782 814
f 814 806 780
f 748 750 780
f 782 780 750
f 784 816 814
f 814 782 784
f 818 848 846
f 846 816 818
f 820 850 848
f 848 818 820
f 821 851 820
f 850 820 851
f 819 849 821
f 851 821 849
f 817 847 819
f 849 819 847
f 815 822 817
f 847 817 822
f 790 793 822
f 822 815 790
f 761 792 790
f 793 790 792
f 760 791 761
f 792 761 791
f 762 791 760
f 760 759 762
f 951 934 938
f 933 938 934
f 951 952 934
f 936 934 952
f 965 964 952
f 952 951 965
f 975 964 976
f 965 976 964
f 1024 1023 1031
f 1031 1033 1024
f 846 838 814
f 814 816 846
f 846 866 841
f 841 838 846
f 848 874 866
f 866 846 848
f 850 876 874
f 874 848 850
f 851 877 850
f 876 850 877
f 849 875 851
f 877 851 875
f 847 852 849
f 875 849 852
f 822 825 847
f 852 847 825
f 793 824 825
f 825 822 793
f 792 823 793
f 824 793 823
f 791 794 792
f 823 792 794
f 795 794 762
f 791 762 794
f 866 869 867
f 867 841 866
f 874 892 866
f 869 866 892
f 876 900 874
f 892 874 900
f 877 901 900
f 900 876 877
f 875 878 877
f 901 877 878
f 922 916 900
f 900 901 922
f 937 917 922
f 916 922 917
f 915 917 919
f 937 919 917
f 894 893 917
f 917 915 894
f 869 893 867
f 894 867 893
f 895 893 869
f 869 892 895
f 895 916 917
f 917 893 895
f 921 919 939
f 937 939 919
f 714 716 750
f 750 748 714
f 676 678 714
f 716 714 678
f 676 646 648
f 648 678 676
f 696 731 693
f 693 695 696
f 826 823 794
f 794 795 826
f 878 875 852
f 852 853 878
f 853 824 826
f 823 826 824
f 853 852 825
f 825 824 853
f 1020 1031 1023
f 1023 1019 1020
f 587 588 611
f 611 609 587
f 900 916 895
f 895 892 900
f 1075 1076 1065
f 1066 1065 1076
f 1083 1084 1075
f 1076 1075 1084
f 1091 1092 1083
f 1084 1083 1092
f 1099 1100 1091
f 1092 1091 1100
f 1107 1108 1099
f 1100 1099 1108
f 1115 1116 1107
f 1108 1107 1116
f 1123 1124 1115
f 1116 1115 1124
f 1131 1132 1123
f 1124 1123 1132
f 1139 1140 1131
f 1132 1131 1140
f 1147 1148 1139
f 1140 1139 1148
f 1155 1156 1148
f 1148 1147 1155
f 1163 1164 1156
f 1156 1155 1163
f 1170 1171 1164
f 1164 1163 1170
f 1177 1178 1171
f 1171 1170 1177
f 1184 1185 1178
f 1178 1177 1184
f 1191 1192 1185
f 1185 1184 1191
f 1198 1199 1192
f 1192 1191 1198
f 1205 1206 1199
f 1199 1198 1205
f 1212 1213 1206
f 1206 1205 1212
f 1219 1220 1213
f 1213 1212 1219
f 1226 1227 1220
f 1220 1219 1226
f 1233 1234 1227
f 1227 1226 1233
f 1240 1241 1234
f 1234 1233 1240
f 1247 1248 1241
f 1241 1240 1247
f 1254 1255 1247
f 1248 1247 1255
f 1261 1262 1255
f 1255 1254 1261
f 1269 1262 1268
f 1261 1268 1262
f 25 1267 26
f 1274 26 1267
f 24 1260 25
f 1267 25 1260
f 23 1253 24
f 1260 24 1253
f 22 1246 23
f 1253 23 1246
f 21 1239 22
f 1246 22 1239
f 20 1232 21
f 1239 21 1232
f 19 1225 20
f 1232 20 1225
f 18 1218 19
f 1225 19 1218
f 17 1211 18
f 1218 18 1211
f 16 1204 17
f 1211 17 1204
f 15 1197 1204
f 1204 16 15
f 10 1190 1197
f 1197 15 10
f 5 1183 1190
f 1190 10 5
f 2 1176 1183
f 1183 5 2
f 1 1169 1176
f 1176 2 1
f 1162 1161 1169
f 1169 1 1162
f 1154 1153 1161
f 1161 1162 1154
f 1146 1145 1153
f 1153 1154 1146
f 1138 1137 1145
f 1145 1146 1138
f 1130 1129 1137
f 1137 1138 1130
f 1122 1121 1129
f 1129 1130 1122
f 1114 1113 1121
f 1121 1122 1114
f 1106 1105 1113
f 1113 1114 1106
f 1098 1097 1105
f 1105 1106 1098
f 1090 1089 1097
f 1097 1098 1090
f 1082 1081 1089
f 1089 1090 1082
f 1072 1081 1074
f 1082 1074 1081
f 1070 1080 1072
f 1081 1072 1080
f 1069 1079 1070
f 1080 1070 1079
f 1068 1078 1069
f 1079 1069 1078
f 1067 1077 1068
f 1078 1068 1077
f 1076 1077 1067
f 1067 1066 1076
f 1270 1263 1269
f 1262 1269 1263
f 1271 1264 1270
f 1263 1270 1264
f 1272 1265 1271
f 1264 1271 1265
f 1273 1266 1272
f 1265 1272 1266
f 1267 1266 1273
f 1273 1274 1267
f 1084 1085 1076
f 1077 1076 1085
f 1092 1093 1084
f 1085 1084 1093
f 1100 1101 1092
f 1093 1092 1101
f 1108 1109 1100
f 1101 1100 1109
f 1116 1117 1108
f 1109 1108 1117
f 1124 1125 1116
f 1117 1116 1125
f 1132 1133 1124
f 1125 1124 1133
f 1140 1141 1132
f 1133 1132 1141
f 1148 1149 1141
f 1141 1140 1148
f 1156 1157 1149
f 1149 1148 1156
f 1164 1165 1157
f 1157 1156 1164
f 1171 1172 1165
f 1165 1164 1171
f 1178 1179 1172
f 1172 1171 1178
f 1185 1186 1179
f 1179 1178 1185
f 1192 1193 1186
f 1186 1185 1192
f 1199 1200 1193
f 1193 1192 1199
f 1206 1207 1200
f 1200 1199 1206
f 1213 1214 1207
f 1207 1206 1213
f 1220 1221 1214
f 1214 1213 1220
f 1227 1228 1221
f 1221 1220 1227
f 1234 1235 1228
f 1228 1227 1234
f 1241 1242 1235
f 1235 1234 1241
f 1248 1249 1242
f 1242 1241 1248
f 1255 1256 1249
f 1249 1248 1255
f 1263 1256 1262
f 1255 1262 1256
f 1260 1259 1266
f 1266 1267 1260
f 1253 1252 1260
f 1259 1260 1252
f 1246 1245 1253
f 1252 1253 1245
f 1239 1238 1246
f 1245 1246 1238
f 1232 1231 1239
f 1238 1239 1231
f 1225 1224 1232
f 1231 1232 1224
f 1218 1217 1225
f 1224 1225 1217
f 1211 1210 1218
f 1217 1218 1210
f 1204 1203 1211
f 1210 1211 1203
f 1197 1196 1203
f 1203 1204 1197
f 1190 1189 1196
f 1196 1197 1190
f 1183 1182 1189
f 1189 1190 1183
f 1176 1175 1182
f 1182 1183 1176
f 1169 1168 1176
f 1175 1176 1168
f 1161 1160 1168
f 1168 1169 1161
f 1153 1152 1160
f 1160 1161 1153
f 1145 1144 1152
f 1152 1153 1145
f 1137 1136 1144
f 1144 1145 1137
f 1129 1128 1136
f 1136 1137 1129
f 1121 1120 1128
f 1128 1129 1121
f 1113 1112 1120
f 1120 1121 1113
f 1105 1104 1112
f 1112 1113 1105
f 1097 1096 1104
f 1104 1105 1097
f 1089 1088 1096
f 1096 1097 1089
f 1080 1088 1081
f 1089 1081 1088
f 1079 1087 1080
f 1088 1080 1087
f 1078 1086 1079
f 1087 1079 1086
f 1085 1086 1077
f 1078 1077 1086
f 1093 1094 1085
f 1086 1085 1094
f 1101 1102 1094
f 1094 1093 1101
f 1109 1110 1102
f 1102 1101 1109
f 1117 1118 1110
f 1110 1109 1117
f 1125 1126 1118
f 1118 1117 1125
f 1133 1134 1126
f 1126 1125 1133
f 1141 1142 1134
f 1134 1133 1141
f 1149 1150 1142
f 1142 1141 1149
f 1157 1158 1150
f 1150 1149 1157
f 1165 1166 1158
f 1158 1157 1165
f 1172 1173 1166
f 1166 1165 1172
f 1179 1180 1172
f 1173 1172 1180
f 1186 1187 1179
f 1180 1179 1187
f 1193 1194 1186
f 1187 1186 1194
f 1200 1201 1193
f 1194 1193 1201
f 1207 1208 1200
f 1201 1200 1208
f 1214 1215 1207
f 1208 1207 1215
f 1221 1222 1214
f 1215 1214 1222
f 1228 1229 1221
f 1222 1221 1229
f 1235 1236 1228
f 1229 1228 1236
f 1242 1243 1235
f 1236 1235 1243
f 1249 1250 1242
f 1243 1242 1250
f 1256 1257 1249
f 1250 1249 1257
f 1264 1257 1263
f 1256 1263 1257
f 1265 1258 1264
f 1257 1264 1258
f 1259 1258 1265
f 1265 1266 1259
f 1252 1251 1258
f 1258 1259 1252
f 1245 1244 1251
f 1251 1252 1245
f 1238 1237 1244
f 1244 1245 1238
f 1231 1230 1237
f 1237 1238 1231
f 1224 1223 1230
f 1230 1231 1224
f 1217 1216 1223
f 1223 1224 1217
f 1210 1209 1216
f 1216 1217 1210
f 1203 1202 1209
f 1209 1210 1203
f 1196 1195 1202
f 1202 1203 1196
f 1189 1188 1195
f 1195 1196 1189
f 1182 1181 1188
f 1188 1189 1182
f 1175 1174 1181
f 1181 1182 1175
f 1168 1167 1174
f 1174 1175 1168
f 1160 1159 1167
f 1167 1168 1160
f 1152 1151 1159
f 1159 1160 1152
f 1144 1143 1151
f 1151 1152 1144
f 1136 1135 1143
f 1143 1144 1136
f 1128 1127 1135
f 1135 1136 1128
f 1120 1119 1128
f 1127 1128 1119
f 1112 1111 1120
f 1119 1120 1111
f 1104 1103 1112
f 1111 1112 1103
f 1096 1095 1104
f 1103 1104 1095
f 1087 1095 1096
f 1096 1088 1087
f 1094 1095 1086
f 1087 1086 1095
f 1102 1103 1094
f 1095 1094 1103
f 1110 1111 1103
f 1103 1102 1110
f 1118 1119 1111
f 1111 1110 1118
f 1126 1127 1119
f 1119 1118 1126
f 1134 1135 1127
f 1127 1126 1134
f 1142 1143 1135
f 1135 1134 1142
f 1150 1151 1143
f 1143 1142 1150
f 1158 1159 1151
f 1151 1150 1158
f 1166 1167 1159
f 1159 1158 1166
f 1173 1174 1167
f 1167 1166 1173
f 1180 1181 1174
f 1174 1173 1180
f 1187 1188 1181
f 1181 1180 1187
f 1194 1195 1188
f 1188 1187 1194
f 1201 1202 1195
f 1195 1194 1201
f 1208 1209 1202
f 1202 1201 1208
f 1215 1216 1209
f 1209 1208 1215
f 1222 1223 1216
f 1216 1215 1222
f 1229 1230 1223
f 1223 1222 1229
f 1236 1237 1229
f 1230 1229 1237
f 1243 1244 1236
f 1237 1236 1244
f 1250 1251 1243
f 1244 1243 1251
f 1250 1257 1251
f 1258 1251 1257
f 1537 1536 1539
f 1539 1540 1537
f 1534 1533 1537
f 1536 1537 1533
f 1529 1528 1533
f 1533 1534 1529
f 1524 1523 1529
f 1528 1529 1523
f 1519 1518 1524
f 1523 1524 1518
f 1514 1513 1518
f 1518 1519 1514
f 1509 1508 1514
f 1513 1514 1508
f 1504 1503 1509
f 1508 1509 1503
f 1499 1498 1504
f 1503 1504 1498
f 1499 1492 1498
f 1491 1498 1492
f 1493 1490 1492
f 1492 1499 1493
f 1485 1484 1490
f 1490 1493 1485
f 1475 1474 1484
f 1484 1485 1475
f 1463 1462 1474
f 1474 1475 1463
f 1448 1462 1449
f 1463 1449 1462
f 1406 1416 1401
f 1414 1401 1416
f 1408 1419 1406
f 1416 1406 1419
f 1410 1421 1408
f 1419 1408 1421
f 1411 1422 1410
f 1421 1410 1422
f 1409 1420 1411
f 1422 1411 1420
f 1409 1407 1418
f 1418 1420 1409
f 1398 1397 1407
f 1407 1409 1398
f 1390 1392 1397
f 1397 1398 1390
f 1386 1392 1383
f 1390 1383 1392
f 1286 1285 1279
f 1279 1280 1286
f 1292 1291 1285
f 1285 1286 1292
f 1298 1297 1291
f 1291 1292 1298
f 1304 1303 1297
f 1297 1298 1304
f 1310 1309 1303
f 1303 1304 1310
f 1316 1315 1309
f 1309 1310 1316
f 1322 1321 1315
f 1315 1316 1322
f 1328 1327 1321
f 1321 1322 1328
f 1334 1333 1327
f 1327 1328 1334
f 1340 1339 1334
f 1333 1334 1339
f 1344 1343 1340
f 1339 1340 1343
f 1348 1347 1344
f 1343 1344 1347
f 1352 1351 1347
f 1347 1348 1352
f 1356 1355 1351
f 1351 1352 1356
f 1360 1359 1355
f 1355 1356 1360
f 1364 1363 1359
f 1359 1360 1364
f 1368 1367 1364
f 1363 1364 1367
f 1372 1371 1367
f 1367 1368 1372
f 1376 1375 1372
f 1371 1372 1375
f 1378 1377 1375
f 1375 1376 1378
f 1379 1381 1377
f 1377 1378 1379
f 1380 1382 1379
f 1381 1379 1382
f 1384 1385 1382
f 1382 1380 1384
f 1391 1393 1384
f 1385 1384 1393
f 1399 1400 1391
f 1393 1391 1400
f 1413 1412 1400
f 1400 1399 1413
f 1425 1424 1412
f 1412 1413 1425
f 1437 1436 1424
f 1424 1425 1437
f 1454 1453 1436
f 1436 1437 1454
f 1467 1466 1453
f 1453 1454 1467
f 1478 1477 1466
f 1466 1467 1478
f 1487 1486 1477
f 1477 1478 1487
f 1494 1488 1486
f 1486 1487 1494
f 1495 1496 1488
f 1488 1494 1495
f 1500 1501 1496
f 1496 1495 1500
f 1505 1506 1501
f 1501 1500 1505
f 1510 1511 1505
f 1506 1505 1511
f 1515 1516 1510
f 1511 1510 1516
f 1520 1521 1515
f 1516 1515 1521
f 1538 1539 1535
f 1536 1535 1539
f 1536 1530 1532
f 1532 1535 1536
f 1533 1531 1530
f 1530 1536 1533
f 1523 1522 1528
f 1527 1528 1522
f 1518 1517 1522
f 1522 1523 1518
f 1513 1512 1517
f 1517 1518 1513
f 1508 1507 1512
f 1512 1513 1508
f 1503 1502 1507
f 1507 1508 1503
f 1498 1497 1502
f 1502 1503 1498
f 1491 1489 1497
f 1497 1498 1491
f 1491 1482 1489
f 1480 1489 1482
f 1492 1483 1491
f 1482 1491 1483
f 1490 1481 1492
f 1483 1492 1481
f 1484 1479 1481
f 1481 1490 1484
f 1474 1473 1484
f 1479 1484 1473
f 1462 1461 1473
f 1473 1474 1462
f 1447 1461 1448
f 1462 1448 1461
f 1388 1395 1386
f 1392 1386 1395
f 1389 1396 1388
f 1395 1388 1396
f 1387 1394 1389
f 1396 1389 1394
f 1400 1403 1393
f 1394 1393 1403
f 1412 1415 1403
f 1403 1400 1412
f 1424 1423 1415
f 1415 1412 1424
f 1436 1435 1423
f 1423 1424 1436
f 1453 1452 1435
f 1435 1436 1453
f 1466 1465 1453
f 1452 1453 1465
f 1477 1476 1465
f 1465 1466 1477
f 1486 1480 1476
f 1476 1477 1486
f 1488 1489 1480
f 1480 1486 1488
f 1446 1460 1447
f 1461 1447 1460
f 1445 1455 1460
f 1460 1446 1445
f 1438 1439 1455
f 1455 1445 1438
f 1426 1427 1438
f 1439 1438 1427
f 1416 1427 1426
f 1426 1414 1416
f 1482 1471 1480
f 1476 1480 1471
f 1483 1472 1482
f 1471 1482 1472
f 1481 1470 1483
f 1472 1483 1470
f 1479 1469 1481
f 1470 1481 1469
f 1473 1468 1479
f 1469 1479 1468
f 1460 1468 1461
f 1473 1461 1468
f 1525 1521 1520
f 1520 1526 1525
f 1527 1531 1528
f 1533 1528 1531
f 1530 1525 1526
f 1526 1532 1530
f 1276 1282 1275
f 1281 1275 1282
f 1277 1283 1276
f 1282 1276 1283
f 1278 1284 1277
f 1283 1277 1284
f 1285 1284 1278
f 1278 1279 1285
f 1282 1288 1281
f 1287 1281 1288
f 1419 1429 1416
f 1427 1416 1429
f 1421 1432 1419
f 1429 1419 1432
f 1422 1433 1421
f 1432 1421 1433
f 1420 1431 1422
f 1433 1422 1431
f 1418 1430 1420
f 1431 1420 1430
f 1418 1417 1428
f 1428 1430 1418
f 1407 1405 1418
f 1417 1418 1405
f 1397 1402 1405
f 1405 1407 1397
f 1395 1402 1397
f 1397 1392 1395
f 1396 1404 1395
f 1402 1395 1404
f 1396 1394 1403
f 1403 1404 1396
f 1496 1497 1489
f 1489 1488 1496
f 1501 1502 1497
f 1497 1496 1501
f 1506 1507 1501
f 1502 1501 1507
f 1511 1512 1506
f 1507 1506 1512
f 1516 1517 1512
f 1512 1511 1516
f 1521 1522 1516
f 1517 1516 1522
f 1521 1525 1527
f 1527 1522 1521
f 1393 1394 1385
f 1387 1385 1394
f 1415 1417 1404
f 1404 1403 1415
f 1405 1402 1404
f 1404 1417 1405
f 1382 1385 1387
f 1387 1381 1382
f 1423 1428 1415
f 1417 1415 1428
f 1435 1434 1428
f 1428 1423 1435
f 1452 1451 1434
f 1434 1435 1452
f 1465 1464 1451
f 1451 1452 1465
f 1471 1464 1476
f 1465 1476 1464
f 1455 1456 1460
f 1468 1460 1456
f 1439 1440 1456
f 1456 1455 1439
f 1429 1440 1439
f 1439 1427 1429
f 1472 1458 1471
f 1464 1471 1458
f 1470 1459 1472
f 1458 1472 1459
f 1469 1457 1470
f 1459 1470 1457
f 1456 1457 1469
f 1469 1468 1456
f 1432 1442 1429
f 1440 1429 1442
f 1433 1444 1432
f 1442 1432 1444
f 1431 1443 1433
f 1444 1433 1443
f 1430 1441 1431
f 1443 1431 1441
f 1434 1441 1428
f 1430 1428 1441
f 1374 1373 1375
f 1375 1377 1374
f 1369 1370 1373
f 1373 1374 1369
f 1365 1366 1370
f 1370 1369 1365
f 1361 1362 1366
f 1366 1365 1361
f 1357 1358 1362
f 1362 1361 1357
f 1353 1354 1358
f 1358 1357 1353
f 1349 1350 1354
f 1354 1353 1349
f 1345 1346 1350
f 1350 1349 1345
f 1341 1342 1346
f 1346 1345 1341
f 1337 1335 1342
f 1342 1341 1337
f 1330 1329 1335
f 1335 1337 1330
f 1323 1324 1329
f 1329 1330 1323
f 1317 1318 1324
f 1324 1323 1317
f 1311 1312 1318
f 1318 1317 1311
f 1305 1306 1312
f 1312 1311 1305
f 1299 1300 1306
f 1306 1305 1299
f 1293 1294 1300
f 1300 1299 1293
f 1288 1294 1293
f 1293 1287 1288
f 1291 1290 1284
f 1284 1285 1291
f 1297 1296 1290
f 1290 1291 1297
f 1303 1302 1296
f 1296 1297 1303
f 1309 1308 1302
f 1302 1303 1309
f 1315 1314 1309
f 1308 1309 1314
f 1321 1320 1314
f 1314 1315 1321
f 1327 1326 1321
f 1320 1321 1326
f 1339 1338 1333
f 1332 1333 1338
f 1343 1342 1338
f 1338 1339 1343
f 1347 1346 1343
f 1342 1343 1346
f 1351 1350 1347
f 1346 1347 1350
f 1451 1450 1434
f 1441 1434 1450
f 1458 1450 1464
f 1451 1464 1450
f 1458 1443 1450
f 1441 1450 1443
f 1459 1444 1443
f 1443 1458 1459
f 1457 1442 1459
f 1444 1459 1442
f 1457 1456 1440
f 1440 1442 1457
f 1335 1336 1338
f 1338 1342 1335
f 1329 1331 1336
f 1336 1335 1329
f 1324 1325 1331
f 1331 1329 1324
f 1318 1319 1325
f 1325 1324 1318
f 1312 1313 1319
f 1319 1318 1312
f 1306 1307 1312
f 1313 1312 1307
f 1300 1301 1306
f 1307 1306 1301
f 1294 1295 1300
f 1301 1300 1295
f 1288 1289 1295
f 1295 1294 1288
f 1283 1289 1282
f 1288 1282 1289
f 1332 1326 1327
f 1327 1333 1332
f 1355 1354 1350
f 1350 1351 1355
f 1359 1358 1354
f 1354 1355 1359
f 1363 1362 1358
f 1358 1359 1363
f 1367 1366 1362
f 1362 1363 1367
f 1371 1370 1366
f 1366 1367 1371
f 1371 1375 1373
f 1373 1370 1371
f 1290 1289 1283
f 1283 1284 1290
f 1296 1295 1290
f 1289 1290 1295
f 1302 1301 1296
f 1295 1296 1301
f 1308 1307 1302
f 1301 1302 1307
f 1314 1313 1308
f 1307 1308 1313
f 1320 1319 1313
f 1313 1314 1320
f 1326 1325 1320
f 1319 1320 1325
f 1326 1332 1331
f 1331 1325 1326
f 1527 1525 1531
f 1530 1531 1525
f 1332 1338 1336
f 1336 1331 1332
f 1541 1542 1539
f 1539 1538 1541
f 1544 1545 1541
f 1542 1541 1545
f 1547 1548 1545
f 1545 1544 1547
f 1550 1551 1548
f 1548 1547 1550
f 1555 1556 1551
f 1551 1550 1555
f 1560 1561 1556
f 1556 1555 1560
f 1565 1566 1561
f 1561 1560 1565
f 1570 1571 1565
f 1566 1565 1571
f 1575 1576 1570
f 1571 1570 1576
f 1580 1581 1576
f 1576 1575 1580
f 1585 1586 1581
f 1581 1580 1585
f 1592 1594 1586
f 1586 1585 1592
f 1593 1600 1594
f 1594 1592 1593
f 1601 1602 1600
f 1600 1593 1601
f 1609 1610 1602
f 1602 1601 1609
f 1612 1628 1610
f 1610 1609 1612
f 1613 1631 1628
f 1628 1612 1613
f 1614 1632 1631
f 1631 1613 1614
f 1615 1633 1614
f 1632 1614 1633
f 1616 1634 1615
f 1633 1615 1634
f 1617 1635 1616
f 1634 1616 1635
f 1618 1636 1617
f 1635 1617 1636
f 1619 1637 1636
f 1636 1618 1619
f 1638 1637 1620
f 1619 1620 1637
f 654 1782 691
f 1783 691 1782
f 651 1781 654
f 1782 654 1781
f 1780 1781 626
f 651 626 1781
f 1654 1653 1638
f 1637 1638 1653
f 1655 1668 1653
f 1653 1654 1655
f 1669 1670 1668
f 1668 1655 1669
f 1681 1682 1670
f 1670 1669 1681
f 1691 1692 1682
f 1682 1681 1691
f 1701 1702 1692
f 1692 1691 1701
f 1711 1712 1702
f 1702 1701 1711
f 1721 1720 1711
f 1712 1711 1720
f 1728 1727 1720
f 1720 1721 1728
f 1735 1733 1727
f 1727 1728 1735
f 1742 1740 1733
f 1733 1735 1742
f 1747 1745 1740
f 1740 1742 1747
f 1752 1750 1745
f 1745 1747 1752
f 1757 1754 1750
f 1750 1752 1757
f 1759 1758 1754
f 1754 1757 1759
f 1763 1762 1758
f 1758 1759 1763
f 1767 1766 1763
f 1762 1763 1766
f 1771 1770 1766
f 1766 1767 1771
f 1775 1774 1770
f 1770 1771 1775
f 1779 1778 1775
f 1774 1775 1778
f 1782 1778 1779
f 1779 1783 1782
f 1776 1777 1780
f 1781 1780 1777
f 1772 1773 1777
f 1777 1776 1772
f 1768 1769 1773
f 1773 1772 1768
f 1764 1765 1768
f 1769 1768 1765
f 1760 1761 1764
f 1765 1764 1761
f 1756 1755 1761
f 1761 1760 1756
f 1751 1749 1756
f 1755 1756 1749
f 1746 1744 1749
f 1749 1751 1746
f 1741 1739 1744
f 1744 1746 1741
f 1734 1732 1739
f 1739 1741 1734
f 1726 1725 1734
f 1732 1734 1725
f 1718 1716 1725
f 1725 1726 1718
f 1709 1707 1716
f 1716 1718 1709
f 1700 1698 1707
f 1707 1709 1700
f 1689 1687 1698
f 1698 1700 1689
f 1675 1674 1687
f 1687 1689 1675
f 1659 1658 1674
f 1674 1675 1659
f 1643 1642 1658
f 1658 1659 1643
f 1626 1625 1642
f 1642 1643 1626
f 1607 1606 1625
f 1625 1626 1607
f 1599 1598 1606
f 1606 1607 1599
f 1591 1590 1598
f 1598 1599 1591
f 1584 1583 1591
f 1590 1591 1583
f 1579 1578 1583
f 1583 1584 1579
f 1574 1573 1578
f 1578 1579 1574
f 1569 1568 1573
f 1573 1574 1569
f 1564 1563 1568
f 1568 1569 1564
f 1558 1559 1563
f 1563 1564 1558
f 1552 1554 1558
f 1559 1558 1554
f 1549 1548 1552
f 1554 1552 1548
f 1546 1545 1549
f 1548 1549 1545
f 1540 1539 1542
f 1542 1543 1540
f 1545 1546 1543
f 1543 1542 1545
f 1551 1553 1554
f 1554 1548 1551
f 1556 1557 1553
f 1553 1551 1556
f 1561 1562 1557
f 1557 1556 1561
f 1566 1567 1562
f 1562 1561 1566
f 1571 1572 1567
f 1567 1566 1571
f 1576 1577 1572
f 1572 1571 1576
f 1581 1582 1577
f 1577 1576 1581
f 1586 1587 1581
f 1582 1581 1587
f 1594 1595 1587
f 1587 1586 1594
f 1600 1603 1595
f 1595 1594 1600
f 1602 1608 1603
f 1603 1600 1602
f 1610 1611 1608
f 1608 1602 1610
f 1628 1629 1611
f 1611 1610 1628
f 1631 1645 1629
f 1629 1628 1631
f 1632 1648 1645
f 1645 1631 1632
f 1633 1649 1648
f 1648 1632 1633
f 1634 1650 1649
f 1649 1633 1634
f 1635 1651 1634
f 1650 1634 1651
f 1636 1652 1651
f 1651 1635 1636
f 1653 1652 1637
f 1636 1637 1652
f 1777 1778 1781
f 1782 1781 1778
f 1773 1774 1777
f 1778 1777 1774
f 1769 1770 1773
f 1774 1773 1770
f 1765 1766 1770
f 1770 1769 1765
f 1761 1762 1765
f 1766 1765 1762
f 1755 1758 1761
f 1762 1761 1758
f 1749 1748 1753
f 1753 1755 1749
f 1744 1743 1748
f 1748 1749 1744
f 1739 1737 1744
f 1743 1744 1737
f 1732 1730 1737
f 1737 1739 1732
f 1725 1723 1730
f 1730 1732 1725
f 1716 1714 1723
f 1723 1725 1716
f 1707 1705 1714
f 1714 1716 1707
f 1698 1696 1705
f 1705 1707 1698
f 1687 1685 1696
f 1696 1698 1687
f 1674 1672 1685
f 1685 1687 1674
f 1658 1657 1672
f 1672 1674 1658
f 1642 1641 1657
f 1657 1658 1642
f 1625 1624 1641
f 1641 1642 1625
f 1606 1605 1624
f 1624 1625 1606
f 1598 1597 1605
f 1605 1606 1598
f 1590 1589 1597
f 1597 1598 1590
f 1583 1582 1589
f 1589 1590 1583
f 1578 1577 1583
f 1582 1583 1577
f 1587 1588 1589
f 1589 1582 1587
f 1595 1596 1588
f 1588 1587 1595
f 1603 1604 1596
f 1596 1595 1603
f 1608 1621 1604
f 1604 1603 1608
f 1611 1627 1621
f 1621 1608 1611
f 1629 1630 1627
f 1627 1611 1629
f 1645 1646 1630
f 1630 1629 1645
f 1648 1661 1646
f 1646 1645 1648
f 1649 1664 1661
f 1661 1648 1649
f 1650 1665 1664
f 1664 1649 1650
f 1651 1666 1650
f 1665 1650 1666
f 1652 1667 1651
f 1666 1651 1667
f 1668 1667 1653
f 1652 1653 1667
f 1753 1754 1758
f 1758 1755 1753
f 1748 1750 1753
f 1754 1753 1750
f 1743 1745 1748
f 1750 1748 1745
f 1670 1680 1668
f 1667 1668 1680
f 1682 1683 1670
f 1680 1670 1683
f 1692 1693 1682
f 1683 1682 1693
f 1702 1703 1692
f 1693 1692 1703
f 1712 1710 1702
f 1703 1702 1710
f 1720 1719 1712
f 1710 1712 1719
f 1727 1724 1719
f 1719 1720 1727
f 1733 1731 1727
f 1724 1727 1731
f 1740 1738 1731
f 1731 1733 1740
f 1743 1738 1745
f 1740 1745 1738
f 1737 1736 1743
f 1738 1743 1736
f 1730 1729 1736
f 1736 1737 1730
f 1723 1722 1729
f 1729 1730 1723
f 1714 1713 1722
f 1722 1723 1714
f 1705 1704 1714
f 1713 1714 1704
f 1696 1695 1705
f 1704 1705 1695
f 1685 1684 1695
f 1695 1696 1685
f 1672 1671 1684
f 1684 1685 1672
f 1657 1656 1671
f 1671 1672 1657
f 1641 1640 1656
f 1656 1657 1641
f 1624 1623 1640
f 1640 1641 1624
f 1605 1604 1623
f 1623 1624 1605
f 1589 1588 1597
f 1596 1597 1588
f 1596 1604 1597
f 1605 1597 1604
f 1621 1622 1623
f 1623 1604 1621
f 1627 1639 1622
f 1622 1621 1627
f 1630 1644 1639
f 1639 1627 1630
f 1646 1647 1644
f 1644 1630 1646
f 1661 1662 1647
f 1647 1646 1661
f 1664 1677 1661
f 1662 1661 1677
f 1665 1678 1664
f 1677 1664 1678
f 1666 1679 1678
f 1678 1665 1666
f 1680 1679 1667
f 1666 1667 1679
f 1729 1731 1736
f 1738 1736 1731
f 1722 1724 1731
f 1731 1729 1722
f 1713 1715 1722
f 1724 1722 1715
f 1704 1706 1713
f 1715 1713 1706
f 1695 1697 1704
f 1706 1704 1697
f 1684 1686 1695
f 1697 1695 1686
f 1671 1673 1684
f 1686 1684 1673
f 1656 1660 1671
f 1673 1671 1660
f 1623 1622 1640
f 1639 1640 1622
f 1573 1572 1577
f 1577 1578 1573
f 1568 1567 1572
f 1572 1573 1568
f 1563 1562 1567
f 1567 1568 1563
f 1563 1559 1562
f 1557 1562 1559
f 1553 1557 1559
f 1559 1554 1553
f 1683 1690 1680
f 1679 1680 1690
f 1693 1694 1683
f 1690 1683 1694
f 1703 1699 1694
f 1694 1693 1703
f 1710 1708 1703
f 1699 1703 1708
f 1697 1699 1708
f 1708 1706 1697
f 1686 1688 1697
f 1699 1697 1688
f 1673 1676 1686
f 1688 1686 1676
f 1678 1688 1676
f 1676 1677 1678
f 1690 1688 1678
f 1678 1679 1690
f 1699 1688 1690
f 1690 1694 1699
f 1676 1663 1677
f 1662 1677 1663
f 1660 1663 1673
f 1676 1673 1663
f 1660 1647 1663
f 1662 1663 1647
f 1656 1644 1660
f 1647 1660 1644
f 1656 1640 1644
f 1639 1644 1640
f 1715 1717 1719
f 1719 1724 1715
f 1715 1706 1717
f 1708 1717 1706
f 1710 1719 1717
f 1717 1708 1710
f 1784 1785 667
f 668 667 1785
f 1788 1789 1784
f 1785 1784 1789
f 1792 1793 1788
f 1789 1788 1793
f 1796 1797 1792
f 1793 1792 1797
f 1800 1801 1796
f 1797 1796 1801
f 1804 1805 1800
f 1801 1800 1805
f 1808 1809 1805
f 1805 1804 1808
f 1812 1813 1809
f 1809 1808 1812
f 1816 1817 1813
f 1813 1812 1816
f 1820 1821 1816
f 1817 1816 1821
f 1824 1825 1821
f 1821 1820 1824
f 1828 1829 1825
f 1825 1824 1828
f 284 1832 1829
f 1829 1828 284
f 283 1835 1832
f 1832 284 283
f 282 1838 283
f 1835 283 1838
f 279 1841 282
f 1838 282 1841
f 278 1844 279
f 1841 279 1844
f 1847 1848 278
f 1844 278 1848
f 1851 1852 1847
f 1848 1847 1852
f 1855 1856 1852
f 1852 1851 1855
f 1859 1860 1856
f 1856 1855 1859
f 1863 1864 1860
f 1860 1859 1863
f 1867 1868 1863
f 1864 1863 1868
f 1871 1872 1867
f 1868 1867 1872
f 1875 1876 1872
f 1872 1871 1875
f 1879 1880 1876
f 1876 1875 1879
f 1883 1884 1879
f 1880 1879 1884
f 1887 1888 1883
f 1884 1883 1888
f 1891 1892 1887
f 1888 1887 1892
f 1895 1896 1891
f 1892 1891 1896
f 1899 1900 1895
f 1896 1895 1900
f 1903 1904 1900
f 1900 1899 1903
f 1390 1904 1383
f 1903 1383 1904
f 1906 1905 1409
f 1398 1409 1905
f 1902 1901 1906
f 1905 1906 1901
f 1898 1897 1902
f 1901 1902 1897
f 1894 1893 1898
f 1897 1898 1893
f 1890 1889 1894
f 1893 1894 1889
f 1886 1885 1890
f 1889 1890 1885
f 1882 1881 1886
f 1885 1886 1881
f 1878 1877 1882
f 1881 1882 1877
f 1874 1873 1878
f 1877 1878 1873
f 1870 1869 1874
f 1873 1874 1869
f 1866 1865 1870
f 1869 1870 1865
f 1862 1861 1866
f 1865 1866 1861
f 1858 1857 1862
f 1861 1862 1857
f 1854 1853 1858
f 1857 1858 1853
f 1850 1849 1854
f 1853 1854 1849
f 1846 1845 1850
f 1849 1850 1845
f 1843 1842 1846
f 1845 1846 1842
f 1840 1839 1843
f 1842 1843 1839
f 1837 1836 1839
f 1839 1840 1837
f 1834 1833 1836
f 1836 1837 1834
f 1831 1830 1833
f 1833 1834 1831
f 1827 1826 1830
f 1830 1831 1827
f 1823 1822 1826
f 1826 1827 1823
f 1819 1818 1822
f 1822 1823 1819
f 1815 1814 1818
f 1818 1819 1815
f 1811 1810 1815
f 1814 1815 1810
f 1807 1806 1811
f 1810 1811 1806
f 1803 1802 1807
f 1806 1807 1802
f 1799 1798 1803
f 1802 1803 1798
f 1795 1794 1799
f 1798 1799 1794
f 1791 1790 1795
f 1794 1795 1790
f 1787 1786 1790
f 1790 1791 1787
f 669 1786 704
f 1787 704 1786
f 1905 1904 1390
f 1390 1398 1905
f 1901 1900 1904
f 1904 1905 1901
f 1897 1896 1901
f 1900 1901 1896
f 1893 1892 1897
f 1896 1897 1892
f 1889 1888 1893
f 1892 1893 1888
f 1885 1884 1889
f 1888 1889 1884
f 1881 1880 1885
f 1884 1885 1880
f 1877 1876 1881
f 1880 1881 1876
f 1873 1872 1877
f 1876 1877 1872
f 1869 1868 1873
f 1872 1873 1868
f 1865 1864 1869
f 1868 1869 1864
f 1861 1860 1865
f 1864 1865 1860
f 1857 1856 1861
f 1860 1861 1856
f 1853 1852 1857
f 1856 1857 1852
f 1849 1848 1853
f 1852 1853 1848
f 1845 1844 1849
f 1848 1849 1844
f 1842 1841 1845
f 1844 1845 1841
f 1839 1838 1842
f 1841 1842 1838
f 1836 1835 1838
f 1838 1839 1836
f 1833 1832 1835
f 1835 1836 1833
f 1830 1829 1832
f 1832 1833 1830
f 1826 1825 1829
f 1829 1830 1826
f 1822 1821 1825
f 1825 1826 1822
f 1818 1817 1821
f 1821 1822 1818
f 1814 1813 1817
f 1817 1818 1814
f 1810 1809 1813
f 1813 1814 1810
f 1806 1805 1809
f 1809 1810 1806
f 1802 1801 1805
f 1805 1806 1802
f 1798 1797 1801
f 1801 1802 1798
f 1794 1793 1797
f 1797 1798 1794
f 1790 1789 1793
f 1793 1794 1790
f 1786 1785 1789
f 1789 1790 1786
f 1786 669 1785
f 668 1785 669
f 1535 3127 1538
f 1541 1538 3127
f 1532 3128 1535
f 3127 1535 3128
f 1526 3129 1532
f 3128 1532 3129
f 1520 3130 1526
f 3129 1526 3130
f 1515 3131 1520
f 3130 1520 3131
f 1510 3132 1515
f 3131 1515 3132
f 1505 3133 1510
f 3132 1510 3133
f 1500 3134 3133
f 3133 1505 1500
f 1495 3135 3134
f 3134 1500 1495
f 1494 3136 3135
f 3135 1495 1494
f 1487 3137 3136
f 3136 1494 1487
f 1478 3138 3137
f 3137 1487 1478
f 1467 3139 3138
f 3138 1478 1467
f 1454 3140 3139
f 3139 1467 1454
f 1437 3141 3140
f 3140 1454 1437
f 1425 3142 3141
f 3141 1437 1425
f 1413 3143 3142
f 3142 1425 1413
f 1399 3144 3143
f 3143 1413 1399
f 1391 3145 3144
f 3144 1399 1391
f 1384 3146 3145
f 3145 1391 1384
f 1380 3149 3146
f 3146 1384 1380
f 1379 3183 3149
f 3149 1380 1379
f 1378 3215 3183
f 3183 1379 1378
f 1376 3216 3215
f 3215 1378 1376
f 1372 3217 3216
f 3216 1376 1372
f 1368 3218 3217
f 3217 1372 1368
f 1364 3219 3218
f 3218 1368 1364
f 1360 3220 3219
f 3219 1364 1360
f 1356 3227 3220
f 3220 1360 1356
f 1352 3251 3227
f 3227 1356 1352
f 1348 3273 3251
f 3251 1352 1348
f 1344 3295 3273
f 3273 1348 1344
f 1340 3315 3295
f 3295 1344 1340
f 1334 3333 3315
f 3315 1340 1334
f 1328 3349 3333
f 3333 1334 1328
f 1322 3356 3349
f 3349 1328 1322
f 1316 3369 3356
f 3356 1322 1316
f 1310 3380 3369
f 3369 1316 1310
f 1304 3389 3380
f 3380 1310 1304
f 1298 3396 3389
f 3389 1304 1298
f 1292 3401 3396
f 3396 1298 1292
f 1286 3404 3401
f 3401 1292 1286
f 3405 3404 1286
f 1286 1280 3405
f 3403 3402 3404
f 3404 3405 3403
f 3399 3398 3402
f 3402 3403 3399
f 3393 3392 3398
f 3398 3399 3393
f 3385 3384 3392
f 3392 3393 3385
f 3375 3374 3384
f 3384 3385 3375
f 3363 3362 3374
f 3374 3375 3363
f 3348 3347 3363
f 3362 3363 3347
f 3331 3330 3347
f 3347 3348 3331
f 3312 3311 3330
f 3330 3331 3312
f 3291 3290 3311
f 3311 3312 3291
f 3268 3267 3290
f 3290 3291 3268
f 3245 3244 3268
f 3267 3268 3244
f 3214 3213 3245
f 3244 3245 3213
f 3181 3180 3213
f 3213 3214 3181
f 3126 3125 3180
f 3180 3181 3126
f 3073 3072 3125
f 3125 3126 3073
f 3020 3019 3072
f 3072 3073 3020
f 2969 2968 3020
f 3019 3020 2968
f 2920 2919 2969
f 2968 2969 2919
f 2871 2870 2919
f 2919 2920 2871
f 2822 2869 2870
f 2870 2871 2822
f 2821 2820 2822
f 2869 2822 2820
f 2773 2772 2821
f 2820 2821 2772
f 2725 2724 2772
f 2772 2773 2725
f 2677 2676 2725
f 2724 2725 2676
f 2635 2634 2676
f 2676 2677 2635
f 2593 2592 2634
f 2634 2635 2593
f 2549 2548 2592
f 2592 2593 2549
f 2509 2508 2549
f 2548 2549 2508
f 2471 2470 2508
f 2508 2509 2471
f 2433 2432 2471
f 2470 2471 2432
f 2393 2392 2433
f 2432 2433 2392
f 2353 2352 2393
f 2392 2393 2352
f 237 2315 2352
f 2352 2353 237
f 236 2302 237
f 2315 237 2302
f 235 2277 236
f 2302 236 2277
f 234 2243 235
f 2277 235 2243
f 233 2209 234
f 2243 234 2209
f 230 2208 233
f 2209 233 2208
f 220 2207 230
f 2208 230 2207
f 210 2200 220
f 2207 220 2200
f 200 2175 210
f 2200 210 2175
f 190 2140 200
f 2175 200 2140
f 180 2100 190
f 2140 190 2100
f 170 2099 180
f 2100 180 2099
f 160 2098 170
f 2099 170 2098
f 148 2097 160
f 2098 160 2097
f 143 2095 148
f 2097 148 2095
f 132 2060 143
f 2095 143 2060
f 121 2053 132
f 2060 132 2053
f 108 2016 121
f 2053 121 2016
f 93 1983 108
f 2016 108 1983
f 92 1981 93
f 1983 93 1981
f 77 1957 92
f 1981 92 1957
f 60 1936 77
f 1957 77 1936
f 43 1929 60
f 1936 60 1929
f 1274 1929 26
f 43 26 1929
f 1930 1932 1269
f 1269 1268 1930
f 1951 1953 1932
f 1932 1930 1951
f 1975 1976 1953
f 1953 1951 1975
f 1989 2015 1975
f 1976 1975 2015
f 1990 2029 1989
f 2015 1989 2029
f 1991 2030 1990
f 2029 1990 2030
f 1994 2031 1991
f 2030 1991 2031
f 1996 2034 1994
f 2031 1994 2034
f 1998 2036 1996
f 2034 1996 2036
f 2000 2038 1998
f 2036 1998 2038
f 2002 2040 2000
f 2038 2000 2040
f 2004 2042 2002
f 2040 2002 2042
f 2005 2043 2004
f 2042 2004 2043
f 2003 2041 2005
f 2043 2005 2041
f 2001 2039 2003
f 2041 2003 2039
f 1999 2037 2001
f 2039 2001 2037
f 1997 2035 1999
f 2037 1999 2035
f 1995 2033 1997
f 2035 1997 2033
f 1993 2013 1995
f 2033 1995 2013
f 1973 1974 1993
f 2013 1993 1974
f 1950 1972 1974
f 1974 1973 1950
f 1949 1971 1972
f 1972 1950 1949
f 1948 1970 1971
f 1971 1949 1948
f 1947 1946 1970
f 1970 1948 1947
f 1928 1927 1947
f 1946 1947 1927
f 1919 1918 1928
f 1927 1928 1918
f 1912 1911 1919
f 1918 1919 1911
f 1907 1910 1911
f 1911 1912 1907
f 1908 1909 1910
f 1910 1907 1908
f 1913 1914 1909
f 1909 1908 1913
f 1920 1921 1914
f 1914 1913 1920
f 1937 1938 1921
f 1921 1920 1937
f 1959 1960 1938
f 1938 1937 1959
f 1984 1985 1960
f 1960 1959 1984
f 2023 2024 1984
f 1985 1984 2024
f 2061 2062 2023
f 2024 2023 2062
f 2102 2101 2061
f 2062 2061 2101
f 2141 2103 2101
f 2101 2102 2141
f 2142 2104 2103
f 2103 2141 2142
f 2143 2105 2104
f 2104 2142 2143
f 2144 2107 2105
f 2105 2143 2144
f 1620 2108 2107
f 2107 2144 1620
f 1620 2146 2108
f 2109 2108 2146
f 1619 2177 2146
f 2146 1620 1619
f 1618 2211 1619
f 2177 1619 2211
f 1617 2245 2211
f 2211 1618 1617
f 1616 2279 2245
f 2245 1617 1616
f 1615 2316 2279
f 2279 1616 1615
f 1614 2354 2316
f 2316 1615 1614
f 1613 2394 2354
f 2354 1614 1613
f 1612 2434 2394
f 2394 1613 1612
f 1609 2472 2434
f 2434 1612 1609
f 1601 2510 2472
f 2472 1609 1601
f 1593 2550 2510
f 2510 1601 1593
f 1592 2594 2550
f 2550 1593 1592
f 1585 2636 2594
f 2594 1592 1585
f 1580 2678 2636
f 2636 1585 1580
f 1575 2726 2678
f 2678 1580 1575
f 1570 2774 2726
f 2726 1575 1570
f 1565 2823 2774
f 2774 1570 1565
f 1560 2872 2823
f 2823 1565 1560
f 1555 2921 2872
f 2872 1560 1555
f 1550 2970 2921
f 2921 1555 1550
f 1547 3021 2970
f 2970 1550 1547
f 1544 3074 1547
f 3021 1547 3074
f 3127 3074 1544
f 1544 1541 3127
f 1273 1931 1274
f 1929 1274 1931
f 1272 1934 1273
f 1931 1273 1934
f 1271 1935 1272
f 1934 1272 1935
f 1270 1933 1935
f 1935 1271 1270
f 1932 1933 1269
f 1270 1269 1933
f 3128 3075 3127
f 3074 3127 3075
f 3129 3076 3128
f 3075 3128 3076
f 3130 3077 3129
f 3076 3129 3077
f 3131 3078 3130
f 3077 3130 3078
f 3132 3079 3131
f 3078 3131 3079
f 3133 3080 3132
f 3079 3132 3080
f 3134 3081 3133
f 3080 3133 3081
f 3135 3082 3134
f 3081 3134 3082
f 3136 3083 3082
f 3082 3135 3136
f 3137 3084 3083
f 3083 3136 3137
f 3138 3085 3084
f 3084 3137 3138
f 3139 3086 3085
f 3085 3138 3139
f 3140 3087 3086
f 3086 3139 3140
f 3141 3088 3087
f 3087 3140 3141
f 3142 3089 3088
f 3088 3141 3142
f 3143 3090 3089
f 3089 3142 3143
f 3144 3091 3090
f 3090 3143 3144
f 3145 3092 3091
f 3091 3144 3145
f 3146 3095 3092
f 3092 3145 3146
f 3149 3148 3095
f 3095 3146 3149
f 3183 3182 3148
f 3148 3149 3183
f 3215 3184 3182
f 3182 3183 3215
f 3216 3185 3184
f 3184 3215 3216
f 3217 3186 3185
f 3185 3216 3217
f 3218 3187 3186
f 3186 3217 3218
f 3219 3188 3187
f 3187 3218 3219
f 3220 3195 3188
f 3188 3219 3220
f 3227 3226 3195
f 3195 3220 3227
f 3251 3250 3226
f 3226 3227 3251
f 3273 3272 3250
f 3250 3251 3273
f 3295 3294 3272
f 3272 3273 3295
f 3315 3314 3294
f 3294 3295 3315
f 3333 3332 3314
f 3314 3315 3333
f 3349 3340 3332
f 3332 3333 3349
f 3356 3355 3340
f 3340 3349 3356
f 3369 3368 3355
f 3355 3356 3369
f 3380 3379 3368
f 3368 3369 3380
f 3389 3388 3379
f 3379 3380 3389
f 3396 3395 3388
f 3388 3389 3396
f 3401 3400 3396
f 3395 3396 3400
f 3402 3400 3401
f 3401 3404 3402
f 3398 3397 3400
f 3400 3402 3398
f 3392 3391 3397
f 3397 3398 3392
f 3384 3383 3391
f 3391 3392 3384
f 3374 3373 3383
f 3383 3384 3374
f 3362 3361 3373
f 3373 3374 3362
f 3347 3346 3361
f 3361 3362 3347
f 3330 3329 3346
f 3346 3347 3330
f 3311 3310 3329
f 3329 3330 3311
f 3290 3289 3310
f 3310 3311 3290
f 3267 3266 3289
f 3289 3290 3267
f 3244 3243 3266
f 3266 3267 3244
f 3213 3212 3243
f 3243 3244 3213
f 3180 3179 3212
f 3212 3213 3180
f 3125 3124 3179
f 3179 3180 3125
f 3072 3071 3124
f 3124 3125 3072
f 3019 3018 3071
f 3071 3072 3019
f 2968 2967 3018
f 3018 3019 2968
f 2919 2918 2967
f 2967 2968 2919
f 2870 2917 2918
f 2918 2919 2870
f 2869 2868 2917
f 2917 2870 2869
f 2820 2819 2868
f 2868 2869 2820
f 2772 2771 2819
f 2819 2820 2772
f 2724 2723 2771
f 2771 2772 2724
f 2676 2675 2723
f 2723 2724 2676
f 2634 2633 2675
f 2675 2676 2634
f 2592 2591 2633
f 2633 2634 2592
f 2548 2547 2591
f 2591 2592 2548
f 2508 2507 2547
f 2547 2548 2508
f 2470 2469 2507
f 2507 2508 2470
f 2432 2431 2470
f 2469 2470 2431
f 2392 2391 2432
f 2431 2432 2391
f 2352 2351 2392
f 2391 2392 2351
f 2315 2338 2351
f 2351 2352 2315
f 2302 2313 2338
f 2338 2315 2302
f 2277 2276 2313
f 2313 2302 2277
f 2243 2244 2276
f 2276 2277 2243
f 2209 2242 2244
f 2244 2243 2209
f 2208 2241 2242
f 2242 2209 2208
f 2207 2234 2241
f 2241 2208 2207
f 2200 2206 2207
f 2234 2207 2206
f 2175 2174 2206
f 2206 2200 2175
f 2140 2139 2174
f 2174 2175 2140
f 2100 2138 2140
f 2139 2140 2138
f 2099 2137 2138
f 2138 2100 2099
f 2098 2136 2099
f 2137 2099 2136
f 2097 2134 2098
f 2136 2098 2134
f 2095 2096 2097
f 2134 2097 2096
f 2060 2090 2095
f 2096 2095 2090
f 2053 2055 2060
f 2090 2060 2055
f 2016 2022 2055
f 2055 2053 2016
f 1983 2020 2016
f 2022 2016 2020
f 1981 1980 2020
f 2020 1983 1981
f 1957 1958 1980
f 1980 1981 1957
f 1936 1952 1958
f 1958 1957 1936
f 1931 1952 1929
f 1936 1929 1952
f 1953 1955 1933
f 1933 1932 1953
f 1976 1978 1955
f 1955 1953 1976
f 2015 2017 1978
f 1978 1976 2015
f 2029 2054 2015
f 2017 2015 2054
f 2030 2069 2029
f 2054 2029 2069
f 2031 2070 2030
f 2069 2030 2070
f 2034 2071 2031
f 2070 2031 2071
f 2036 2074 2034
f 2071 2034 2074
f 2038 2076 2036
f 2074 2036 2076
f 2040 2078 2038
f 2076 2038 2078
f 2042 2080 2040
f 2078 2040 2080
f 2043 2081 2042
f 2080 2042 2081
f 2041 2079 2043
f 2081 2043 2079
f 2039 2077 2041
f 2079 2041 2077
f 2037 2075 2039
f 2077 2039 2075
f 2035 2073 2037
f 2075 2037 2073
f 2033 2051 2035
f 2073 2035 2051
f 2013 2014 2033
f 2051 2033 2014
f 1974 2012 2013
f 2014 2013 2012
f 1972 2011 1974
f 2012 1974 2011
f 1971 2010 1972
f 2011 1972 2010
f 1970 1969 1971
f 2010 1971 1969
f 1946 1945 1970
f 1969 1970 1945
f 1927 1926 1946
f 1945 1946 1926
f 1918 1917 1926
f 1926 1927 1918
f 1911 1910 1917
f 1917 1918 1911
f 1914 1915 1916
f 1916 1909 1914
f 1921 1922 1915
f 1915 1914 1921
f 1938 1939 1922
f 1922 1921 1938
f 1960 1961 1938
f 1939 1938 1961
f 1985 1986 1961
f 1961 1960 1985
f 2024 2025 1985
f 1986 1985 2025
f 2062 2063 2025
f 2025 2024 2062
f 2101 2103 2063
f 2063 2062 2101
f 2105 2066 2064
f 2064 2104 2105
f 2107 2067 2066
f 2066 2105 2107
f 2108 2068 2067
f 2067 2107 2108
f 2109 2072 2108
f 2068 2108 2072
f 2109 2113 2083
f 2083 2072 2109
f 2146 2147 2113
f 2113 2109 2146
f 2177 2178 2147
f 2147 2146 2177
f 2211 2212 2178
f 2178 2177 2211
f 2245 2246 2212
f 2212 2211 2245
f 2279 2280 2246
f 2246 2245 2279
f 2316 2317 2280
f 2280 2279 2316
f 2354 2355 2317
f 2317 2316 2354
f 2394 2395 2355
f 2355 2354 2394
f 2434 2435 2395
f 2395 2394 2434
f 2472 2473 2435
f 2435 2434 2472
f 2510 2511 2473
f 2473 2472 2510
f 2550 2551 2511
f 2511 2510 2550
f 2594 2595 2551
f 2551 2550 2594
f 2636 2637 2595
f 2595 2594 2636
f 2678 2679 2637
f 2637 2636 2678
f 2726 2727 2679
f 2679 2678 2726
f 2774 2775 2727
f 2727 2726 2774
f 2823 2824 2775
f 2775 2774 2823
f 2872 2873 2824
f 2824 2823 2872
f 2921 2922 2873
f 2873 2872 2921
f 2970 2971 2922
f 2922 2921 2970
f 3021 3022 2970
f 2971 2970 3022
f 3075 3022 3074
f 3021 3074 3022
f 1934 1954 1931
f 1952 1931 1954
f 1935 1956 1934
f 1954 1934 1956
f 1955 1956 1935
f 1935 1933 1955
f 3076 3023 3075
f 3022 3075 3023
f 3077 3024 3076
f 3023 3076 3024
f 3078 3025 3077
f 3024 3077 3025
f 3079 3026 3078
f 3025 3078 3026
f 3080 3027 3079
f 3026 3079 3027
f 3081 3028 3080
f 3027 3080 3028
f 3082 3029 3081
f 3028 3081 3029
f 3083 3030 3082
f 3029 3082 3030
f 3084 3031 3030
f 3030 3083 3084
f 3085 3032 3031
f 3031 3084 3085
f 3086 3033 3032
f 3032 3085 3086
f 3087 3034 3033
f 3033 3086 3087
f 3088 3035 3034
f 3034 3087 3088
f 3089 3036 3035
f 3035 3088 3089
f 3090 3037 3036
f 3036 3089 3090
f 3091 3038 3037
f 3037 3090 3091
f 3092 3041 3038
f 3038 3091 3092
f 3095 3094 3041
f 3041 3092 3095
f 3148 3147 3094
f 3094 3095 3148
f 3182 3150 3147
f 3147 3148 3182
f 3184 3151 3150
f 3150 3182 3184
f 3185 3152 3151
f 3151 3184 3185
f 3186 3153 3152
f 3152 3185 3186
f 3187 3154 3153
f 3153 3186 3187
f 3188 3161 3154
f 3154 3187 3188
f 3195 3194 3161
f 3161 3188 3195
f 3226 3225 3194
f 3194 3195 3226
f 3250 3249 3225
f 3225 3226 3250
f 3272 3271 3249
f 3249 3250 3272
f 3294 3293 3271
f 3271 3272 3294
f 3314 3313 3293
f 3293 3294 3314
f 3332 3322 3313
f 3313 3314 3332
f 3340 3339 3322
f 3322 3332 3340
f 3355 3354 3339
f 3339 3340 3355
f 3368 3367 3354
f 3354 3355 3368
f 3379 3378 3367
f 3367 3368 3379
f 3388 3387 3378
f 3378 3379 3388
f 3395 3394 3388
f 3387 3388 3394
f 3397 3394 3395
f 3395 3400 3397
f 3391 3390 3394
f 3394 3397 3391
f 3383 3382 3390
f 3390 3391 3383
f 3373 3372 3382
f 3382 3383 3373
f 3361 3360 3372
f 3372 3373 3361
f 3346 3345 3360
f 3360 3361 3346
f 3329 3328 3345
f 3345 3346 3329
f 3310 3309 3328
f 3328 3329 3310
f 3289 3288 3309
f 3309 3310 3289
f 3266 3265 3288
f 3288 3289 3266
f 3243 3242 3265
f 3265 3266 3243
f 3212 3211 3242
f 3242 3243 3212
f 3179 3178 3211
f 3211 3212 3179
f 3124 3123 3178
f 3178 3179 3124
f 3071 3070 3123
f 3123 3124 3071
f 3018 3017 3070
f 3070 3071 3018
f 2967 2966 3017
f 3017 3018 2967
f 2918 2965 2966
f 2966 2967 2918
f 2917 2916 2965
f 2965 2918 2917
f 2868 2867 2916
f 2916 2917 2868
f 2819 2818 2867
f 2867 2868 2819
f 2771 2770 2818
f 2818 2819 2771
f 2723 2722 2770
f 2770 2771 2723
f 2675 2674 2722
f 2722 2723 2675
f 2633 2632 2674
f 2674 2675 2633
f 2591 2590 2632
f 2632 2633 2591
f 2547 2546 2590
f 2590 2591 2547
f 2507 2506 2546
f 2546 2547 2507
f 2469 2468 2506
f 2506 2507 2469
f 2431 2430 2468
f 2468 2469 2431
f 2391 2390 2430
f 2430 2431 2391
f 2351 2377 2390
f 2390 2391 2351
f 2338 2349 2377
f 2377 2351 2338
f 2313 2312 2349
f 2349 2338 2313
f 2276 2278 2312
f 2312 2313 2276
f 2244 2275 2278
f 2278 2276 2244
f 2242 2274 2275
f 2275 2244 2242
f 2241 2267 2274
f 2274 2242 2241
f 2234 2240 2267
f 2267 2241 2234
f 2206 2205 2234
f 2240 2234 2205
f 2174 2173 2206
f 2205 2206 2173
f 2139 2172 2173
f 2173 2174 2139
f 2138 2171 2139
f 2172 2139 2171
f 2137 2170 2171
f 2171 2138 2137
f 2136 2168 2137
f 2170 2137 2168
f 2134 2135 2168
f 2168 2136 2134
f 2096 2129 2135
f 2135 2134 2096
f 2090 2092 2096
f 2129 2096 2092
f 2055 2059 2090
f 2092 2090 2059
f 2022 2058 2059
f 2059 2055 2022
f 2020 2019 2058
f 2058 2022 2020
f 1980 1982 2020
f 2019 2020 1982
f 1958 1977 1980
f 1982 1980 1977
f 1954 1977 1952
f 1958 1952 1977
f 1978 1979 1956
f 1956 1955 1978
f 2017 2018 1979
f 1979 1978 2017
f 2054 2056 2017
f 2018 2017 2056
f 2069 2091 2054
f 2056 2054 2091
f 2070 2110 2069
f 2091 2069 2110
f 2071 2111 2070
f 2110 2070 2111
f 2074 2112 2071
f 2111 2071 2112
f 2076 2115 2074
f 2112 2074 2115
f 2078 2117 2076
f 2115 2076 2117
f 2080 2119 2078
f 2117 2078 2119
f 2081 2120 2080
f 2119 2080 2120
f 2079 2118 2081
f 2120 2081 2118
f 2077 2116 2079
f 2118 2079 2116
f 2075 2114 2077
f 2116 2077 2114
f 2073 2088 2075
f 2114 2075 2088
f 2051 2052 2073
f 2088 2073 2052
f 2014 2050 2051
f 2052 2051 2050
f 2012 2049 2014
f 2050 2014 2049
f 2011 2048 2012
f 2049 2012 2048
f 2010 2009 2011
f 2048 2011 2009
f 1969 1968 2010
f 2009 2010 1968
f 1945 1944 1969
f 1968 1969 1944
f 1926 1925 1945
f 1944 1945 1925
f 1915 1924 1925
f 1925 1916 1915
f 1922 1923 1924
f 1924 1915 1922
f 1939 1940 1923
f 1923 1922 1939
f 1961 1962 1940
f 1940 1939 1961
f 1986 1987 1962
f 1962 1961 1986
f 2025 2026 1986
f 1987 1986 2026
f 2103 2104 2063
f 2064 2063 2104
f 2064 2026 2025
f 2025 2063 2064
f 2066 2027 2026
f 2026 2064 2066
f 2067 2028 2027
f 2027 2066 2067
f 2068 2032 2067
f 2028 2067 2032
f 2072 2044 2068
f 2032 2068 2044
f 2083 2082 2072
f 2044 2072 2082
f 2083 2121 2106
f 2106 2082 2083
f 2113 2122 2121
f 2121 2083 2113
f 2147 2151 2122
f 2122 2113 2147
f 2178 2179 2151
f 2151 2147 2178
f 2212 2213 2179
f 2179 2178 2212
f 2246 2247 2213
f 2213 2212 2246
f 2280 2281 2247
f 2247 2246 2280
f 2317 2318 2281
f 2281 2280 2317
f 2355 2356 2318
f 2318 2317 2355
f 2395 2396 2356
f 2356 2355 2395
f 2435 2436 2396
f 2396 2395 2435
f 2473 2474 2436
f 2436 2435 2473
f 2511 2512 2474
f 2474 2473 2511
f 2551 2552 2512
f 2512 2511 2551
f 2595 2596 2552
f 2552 2551 2595
f 2637 2638 2596
f 2596 2595 2637
f 2679 2680 2638
f 2638 2637 2679
f 2727 2728 2680
f 2680 2679 2727
f 2775 2776 2728
f 2728 2727 2775
f 2824 2825 2776
f 2776 2775 2824
f 2873 2874 2825
f 2825 2824 2873
f 2922 2923 2874
f 2874 2873 2922
f 2971 2972 2922
f 2923 2922 2972
f 3023 2972 3022
f 2971 3022 2972
f 3024 2973 3023
f 2972 3023 2973
f 3025 2974 3024
f 2973 3024 2974
f 3026 2975 3025
f 2974 3025 2975
f 3027 2976 3026
f 2975 3026 2976
f 3028 2977 3027
f 2976 3027 2977
f 3029 2978 3028
f 2977 3028 2978
f 3030 2979 3029
f 2978 3029 2979
f 3031 2980 3030
f 2979 3030 2980
f 3032 2981 2980
f 2980 3031 3032
f 3033 2982 2981
f 2981 3032 3033
f 3034 2983 2982
f 2982 3033 3034
f 3035 2984 2983
f 2983 3034 3035
f 3036 2985 2984
f 2984 3035 3036
f 3037 2986 2985
f 2985 3036 3037
f 3038 2989 2986
f 2986 3037 3038
f 3041 3040 2989
f 2989 3038 3041
f 3094 3093 3040
f 3040 3041 3094
f 3147 3096 3093
f 3093 3094 3147
f 3150 3097 3096
f 3096 3147 3150
f 3151 3098 3097
f 3097 3150 3151
f 3152 3099 3098
f 3098 3151 3152
f 3153 3100 3099
f 3099 3152 3153
f 3154 3107 3100
f 3100 3153 3154
f 3161 3160 3107
f 3107 3154 3161
f 3194 3193 3160
f 3160 3161 3194
f 3225 3224 3193
f 3193 3194 3225
f 3249 3248 3224
f 3224 3225 3249
f 3271 3270 3248
f 3248 3249 3271
f 3293 3292 3270
f 3270 3271 3293
f 3313 3302 3292
f 3292 3293 3313
f 3322 3321 3302
f 3302 3313 3322
f 3339 3338 3321
f 3321 3322 3339
f 3354 3353 3338
f 3338 3339 3354
f 3367 3366 3353
f 3353 3354 3367
f 3378 3377 3366
f 3366 3367 3378
f 3387 3386 3378
f 3377 3378 3386
f 3390 3386 3387
f 3387 3394 3390
f 3382 3381 3386
f 3386 3390 3382
f 3372 3371 3381
f 3381 3382 3372
f 3360 3359 3371
f 3371 3372 3360
f 3345 3344 3359
f 3359 3360 3345
f 3328 3327 3344
f 3344 3345 3328
f 3309 3308 3327
f 3327 3328 3309
f 3288 3287 3308
f 3308 3309 3288
f 3265 3264 3287
f 3287 3288 3265
f 3242 3241 3264
f 3264 3265 3242
f 3211 3210 3241
f 3241 3242 3211
f 3178 3177 3210
f 3210 3211 3178
f 3123 3122 3177
f 3177 3178 3123
f 3070 3069 3122
f 3122 3123 3070
f 3017 3016 3069
f 3069 3070 3017
f 2966 3015 3016
f 3016 3017 2966
f 2965 2964 3015
f 3015 2966 2965
f 2916 2915 2964
f 2964 2965 2916
f 2867 2866 2915
f 2915 2916 2867
f 2818 2817 2866
f 2866 2867 2818
f 2770 2769 2817
f 2817 2818 2770
f 2722 2721 2769
f 2769 2770 2722
f 2674 2673 2721
f 2721 2722 2674
f 2632 2631 2673
f 2673 2674 2632
f 2590 2589 2631
f 2631 2632 2590
f 2546 2545 2589
f 2589 2590 2546
f 2506 2505 2545
f 2545 2546 2506
f 2468 2467 2505
f 2505 2506 2468
f 2430 2429 2467
f 2467 2468 2430
f 2390 2414 2429
f 2429 2430 2390
f 2377 2388 2414
f 2414 2390 2377
f 2349 2348 2388
f 2388 2377 2349
f 2312 2314 2348
f 2348 2349 2312
f 2278 2311 2314
f 2314 2312 2278
f 2275 2310 2311
f 2311 2278 2275
f 2274 2303 2310
f 2310 2275 2274
f 2267 2273 2303
f 2303 2274 2267
f 2240 2239 2273
f 2273 2267 2240
f 2205 2204 2240
f 2239 2240 2204
f 2173 2203 2205
f 2204 2205 2203
f 2172 2202 2203
f 2203 2173 2172
f 2171 2201 2172
f 2202 2172 2201
f 2170 2198 2201
f 2201 2171 2170
f 2168 2169 2198
f 2198 2170 2168
f 2135 2165 2169
f 2169 2168 2135
f 2129 2131 2165
f 2165 2135 2129
f 2092 2094 2129
f 2131 2129 2094
f 2059 2093 2094
f 2094 2092 2059
f 2058 2057 2059
f 2093 2059 2057
f 2019 2021 2058
f 2057 2058 2021
f 1982 2018 2021
f 2021 2019 1982
f 1954 1956 1979
f 1979 1977 1954
f 1924 1943 1944
f 1944 1925 1924
f 1923 1942 1943
f 1943 1924 1923
f 1940 1941 1942
f 1942 1923 1940
f 1962 1963 1941
f 1941 1940 1962
f 1987 1988 1963
f 1963 1962 1987
f 2027 1988 1987
f 1987 2026 2027
f 1979 2018 1977
f 1982 1977 2018
f 2056 2057 2021
f 2021 2018 2056
f 2091 2093 2057
f 2057 2056 2091
f 2110 2130 2091
f 2093 2091 2130
f 2111 2148 2110
f 2130 2110 2148
f 2112 2149 2111
f 2148 2111 2149
f 2115 2150 2112
f 2149 2112 2150
f 2117 2153 2115
f 2150 2115 2153
f 2119 2155 2117
f 2153 2117 2155
f 2120 2156 2119
f 2155 2119 2156
f 2118 2154 2120
f 2156 2120 2154
f 2116 2152 2118
f 2154 2118 2152
f 2114 2127 2116
f 2152 2116 2127
f 2088 2089 2114
f 2127 2114 2089
f 2052 2087 2088
f 2089 2088 2087
f 2050 2086 2052
f 2087 2052 2086
f 2049 2085 2050
f 2086 2050 2085
f 2048 2047 2049
f 2085 2049 2047
f 2009 2008 2048
f 2047 2048 2008
f 1968 1967 2008
f 2008 2009 1968
f 1943 1967 1968
f 1968 1944 1943
f 2130 2132 2094
f 2094 2093 2130
f 2148 2166 2130
f 2132 2130 2166
f 2149 2180 2148
f 2166 2148 2180
f 2150 2181 2149
f 2180 2149 2181
f 2153 2182 2150
f 2181 2150 2182
f 2155 2185 2153
f 2182 2153 2185
f 2156 2186 2155
f 2185 2155 2186
f 2154 2184 2156
f 2186 2156 2184
f 2152 2163 2154
f 2184 2154 2163
f 2127 2128 2152
f 2163 2152 2128
f 2089 2126 2127
f 2128 2127 2126
f 2087 2125 2089
f 2126 2089 2125
f 2086 2124 2087
f 2125 2087 2124
f 2085 2084 2124
f 2124 2086 2085
f 2047 2046 2085
f 2084 2085 2046
f 2008 2007 2047
f 2046 2047 2007
f 1967 1966 2008
f 2007 2008 1966
f 1942 1966 1943
f 1967 1943 1966
f 1941 1965 1942
f 1966 1942 1965
f 1963 1964 1965
f 1965 1941 1963
f 1988 1992 1964
f 1964 1963 1988
f 2028 1992 1988
f 1988 2027 2028
f 1992 2006 1964
f 2007 1964 2006
f 2032 2006 2028
f 1992 2028 2006
f 2132 2133 2094
f 2131 2094 2133
f 2166 2167 2133
f 2133 2132 2166
f 2180 2197 2167
f 2167 2166 2180
f 2181 2215 2180
f 2197 2180 2215
f 2182 2216 2181
f 2215 2181 2216
f 2185 2217 2182
f 2216 2182 2217
f 2186 2219 2217
f 2217 2185 2186
f 2184 2195 2186
f 2219 2186 2195
f 2163 2164 2184
f 2195 2184 2164
f 2128 2162 2163
f 2164 2163 2162
f 2126 2161 2128
f 2162 2128 2161
f 2125 2160 2161
f 2161 2126 2125
f 2124 2123 2125
f 2160 2125 2123
f 2121 2145 2123
f 2123 2106 2121
f 2122 2157 2145
f 2145 2121 2122
f 2151 2158 2157
f 2157 2122 2151
f 2179 2183 2158
f 2158 2151 2179
f 2213 2214 2183
f 2183 2179 2213
f 2247 2248 2214
f 2214 2213 2247
f 2281 2282 2248
f 2248 2247 2281
f 2318 2319 2282
f 2282 2281 2318
f 2356 2357 2319
f 2319 2318 2356
f 2396 2397 2357
f 2357 2356 2396
f 2436 2437 2397
f 2397 2396 2436
f 2474 2475 2437
f 2437 2436 2474
f 2512 2513 2475
f 2475 2474 2512
f 2552 2553 2513
f 2513 2512 2552
f 2596 2597 2553
f 2553 2552 2596
f 2638 2639 2597
f 2597 2596 2638
f 2680 2681 2639
f 2639 2638 2680
f 2728 2729 2681
f 2681 2680 2728
f 2776 2777 2729
f 2729 2728 2776
f 2825 2826 2777
f 2777 2776 2825
f 2874 2875 2826
f 2826 2825 2874
f 2923 2924 2874
f 2875 2874 2924
f 2973 2924 2972
f 2923 2972 2924
f 1917 1916 1926
f 1925 1926 1916
f 1917 1910 1909
f 1909 1916 1917
f 3381 3376 3377
f 3377 3386 3381
f 3371 3370 3376
f 3376 3381 3371
f 3359 3358 3370
f 3370 3371 3359
f 3344 3343 3358
f 3358 3359 3344
f 3327 3326 3343
f 3343 3344 3327
f 3308 3307 3326
f 3326 3327 3308
f 3287 3286 3307
f 3307 3308 3287
f 3264 3263 3286
f 3286 3287 3264
f 3241 3240 3263
f 3263 3264 3241
f 3210 3209 3240
f 3240 3241 3210
f 3177 3176 3209
f 3209 3210 3177
f 3122 3121 3176
f 3176 3177 3122
f 3069 3068 3121
f 3121 3122 3069
f 3016 3067 3068
f 3068 3069 3016
f 3015 3014 3067
f 3067 3016 3015
f 2964 2963 3014
f 3014 3015 2964
f 2915 2914 2963
f 2963 2964 2915
f 2866 2865 2914
f 2914 2915 2866
f 2817 2816 2865
f 2865 2866 2817
f 2769 2768 2816
f 2816 2817 2769
f 2721 2720 2768
f 2768 2769 2721
f 2673 2672 2720
f 2720 2721 2673
f 2631 2630 2672
f 2672 2673 2631
f 2589 2588 2630
f 2630 2631 2589
f 2545 2544 2588
f 2588 2589 2545
f 2505 2504 2544
f 2544 2545 2505
f 2467 2466 2504
f 2504 2505 2467
f 2429 2453 2466
f 2466 2467 2429
f 2414 2427 2453
f 2453 2429 2414
f 2388 2387 2427
f 2427 2414 2388
f 2348 2350 2387
f 2387 2388 2348
f 2314 2347 2350
f 2350 2348 2314
f 2311 2346 2347
f 2347 2314 2311
f 2310 2339 2346
f 2346 2311 2310
f 2303 2309 2339
f 2339 2310 2303
f 2273 2272 2309
f 2309 2303 2273
f 2239 2238 2272
f 2272 2273 2239
f 2204 2237 2239
f 2238 2239 2237
f 2203 2236 2204
f 2237 2204 2236
f 2202 2235 2203
f 2236 2203 2235
f 2201 2232 2202
f 2235 2202 2232
f 2198 2199 2232
f 2232 2201 2198
f 2169 2197 2199
f 2199 2198 2169
f 2131 2133 2165
f 2167 2165 2133
f 2974 2925 2973
f 2924 2973 2925
f 2975 2926 2974
f 2925 2974 2926
f 2976 2927 2975
f 2926 2975 2927
f 2977 2928 2976
f 2927 2976 2928
f 2978 2929 2977
f 2928 2977 2929
f 2979 2930 2978
f 2929 2978 2930
f 2980 2931 2979
f 2930 2979 2931
f 2981 2932 2980
f 2931 2980 2932
f 2982 2933 2932
f 2932 2981 2982
f 2983 2934 2933
f 2933 2982 2983
f 2984 2935 2934
f 2934 2983 2984
f 2985 2936 2935
f 2935 2984 2985
f 2986 2939 2936
f 2936 2985 2986
f 2989 2988 2939
f 2939 2986 2989
f 3040 3039 2988
f 2988 2989 3040
f 3093 3042 3039
f 3039 3040 3093
f 3096 3043 3042
f 3042 3093 3096
f 3097 3044 3043
f 3043 3096 3097
f 3098 3045 3044
f 3044 3097 3098
f 3099 3046 3045
f 3045 3098 3099
f 3100 3053 3046
f 3046 3099 3100
f 3107 3106 3053
f 3053 3100 3107
f 3160 3159 3106
f 3106 3107 3160
f 3193 3192 3159
f 3159 3160 3193
f 3224 3223 3192
f 3192 3193 3224
f 3248 3247 3223
f 3223 3224 3248
f 3270 3269 3247
f 3247 3248 3270
f 3292 3280 3269
f 3269 3270 3292
f 3302 3301 3280
f 3280 3292 3302
f 3321 3320 3301
f 3301 3302 3321
f 3338 3337 3320
f 3320 3321 3338
f 3353 3352 3337
f 3337 3338 3353
f 3366 3365 3353
f 3352 3353 3365
f 3376 3365 3366
f 3366 3377 3376
f 2044 2045 2032
f 2006 2032 2045
f 2082 2065 2044
f 2045 2044 2065
f 2123 2124 2106
f 2084 2106 2124
f 2084 2065 2106
f 2082 2106 2065
f 2046 2045 2065
f 2065 2084 2046
f 2046 2007 2006
f 2006 2045 2046
f 1965 1964 1966
f 2007 1966 1964
f 2167 2197 2169
f 2169 2165 2167
f 2215 2231 2199
f 2199 2197 2215
f 2216 2250 2215
f 2231 2215 2250
f 2217 2251 2216
f 2250 2216 2251
f 2219 2252 2217
f 2251 2217 2252
f 2195 2196 2229
f 2229 2219 2195
f 2164 2194 2195
f 2196 2195 2194
f 2162 2193 2164
f 2194 2164 2193
f 2161 2192 2162
f 2193 2162 2192
f 2160 2191 2161
f 2192 2161 2191
f 2145 2159 2123
f 2160 2123 2159
f 3370 3364 3365
f 3365 3376 3370
f 3358 3357 3364
f 3364 3370 3358
f 3343 3342 3357
f 3357 3358 3343
f 3326 3325 3342
f 3342 3343 3326
f 3307 3306 3325
f 3325 3326 3307
f 3286 3285 3306
f 3306 3307 3286
f 3263 3262 3285
f 3285 3286 3263
f 3240 3239 3262
f 3262 3263 3240
f 3209 3208 3239
f 3239 3240 3209
f 3176 3175 3208
f 3208 3209 3176
f 3121 3120 3175
f 3175 3176 3121
f 3068 3119 3120
f 3120 3121 3068
f 3067 3066 3119
f 3119 3068 3067
f 3014 3013 3066
f 3066 3067 3014
f 2963 2962 3013
f 3013 3014 2963
f 2914 2913 2962
f 2962 2963 2914
f 2865 2864 2913
f 2913 2914 2865
f 2816 2815 2864
f 2864 2865 2816
f 2768 2767 2815
f 2815 2816 2768
f 2720 2719 2767
f 2767 2768 2720
f 2672 2671 2719
f 2719 2720 2672
f 2630 2629 2671
f 2671 2672 2630
f 2588 2587 2629
f 2629 2630 2588
f 2544 2543 2587
f 2587 2588 2544
f 2504 2503 2543
f 2543 2544 2504
f 2466 2490 2503
f 2503 2504 2466
f 2453 2464 2490
f 2490 2466 2453
f 2427 2426 2464
f 2464 2453 2427
f 2387 2389 2426
f 2426 2427 2387
f 2350 2386 2389
f 2389 2387 2350
f 2347 2385 2386
f 2386 2350 2347
f 2346 2378 2385
f 2385 2347 2346
f 2339 2345 2378
f 2378 2346 2339
f 2309 2308 2339
f 2345 2339 2308
f 2272 2271 2309
f 2308 2309 2271
f 2238 2270 2272
f 2271 2272 2270
f 2237 2269 2238
f 2270 2238 2269
f 2236 2268 2237
f 2269 2237 2268
f 2235 2266 2236
f 2268 2236 2266
f 2232 2233 2235
f 2266 2235 2233
f 2231 2233 2199
f 2232 2199 2233
f 2159 2190 2191
f 2191 2160 2159
f 2159 2176 2189
f 2189 2190 2159
f 2157 2176 2159
f 2159 2145 2157
f 2158 2187 2176
f 2176 2157 2158
f 2183 2188 2187
f 2187 2158 2183
f 2214 2218 2183
f 2188 2183 2218
f 2248 2249 2218
f 2218 2214 2248
f 2282 2283 2249
f 2249 2248 2282
f 2319 2320 2283
f 2283 2282 2319
f 2357 2358 2320
f 2320 2319 2357
f 2397 2398 2358
f 2358 2357 2397
f 2437 2438 2398
f 2398 2397 2437
f 2475 2476 2438
f 2438 2437 2475
f 2513 2514 2476
f 2476 2475 2513
f 2553 2554 2514
f 2514 2513 2553
f 2597 2598 2554
f 2554 2553 2597
f 2639 2640 2598
f 2598 2597 2639
f 2681 2682 2640
f 2640 2639 2681
f 2729 2730 2682
f 2682 2681 2729
f 2777 2778 2730
f 2730 2729 2777
f 2826 2827 2778
f 2778 2777 2826
f 2875 2876 2826
f 2827 2826 2876
f 2925 2876 2924
f 2875 2924 2876
f 2229 2254 2252
f 2252 2219 2229
f 2229 2230 2254
f 2264 2254 2230
f 2196 2228 2230
f 2230 2229 2196
f 2194 2227 2196
f 2228 2196 2227
f 2193 2226 2194
f 2227 2194 2226
f 2192 2225 2193
f 2226 2193 2225
f 2191 2224 2192
f 2225 2192 2224
f 2190 2223 2191
f 2224 2191 2223
f 2189 2222 2190
f 2223 2190 2222
f 2926 2877 2925
f 2876 2925 2877
f 2927 2878 2926
f 2877 2926 2878
f 2928 2879 2927
f 2878 2927 2879
f 2929 2880 2928
f 2879 2928 2880
f 2930 2881 2929
f 2880 2929 2881
f 2931 2882 2930
f 2881 2930 2882
f 2932 2883 2931
f 2882 2931 2883
f 2933 2884 2883
f 2883 2932 2933
f 2934 2885 2884
f 2884 2933 2934
f 2935 2886 2885
f 2885 2934 2935
f 2936 2889 2886
f 2886 2935 2936
f 2939 2938 2889
f 2889 2936 2939
f 2988 2987 2938
f 2938 2939 2988
f 3039 2990 2987
f 2987 2988 3039
f 3042 2991 2990
f 2990 3039 3042
f 3043 2992 2991
f 2991 3042 3043
f 3044 2993 2992
f 2992 3043 3044
f 3045 2994 2993
f 2993 3044 3045
f 3046 2999 2994
f 2994 3045 3046
f 3053 3052 2999
f 2999 3046 3053
f 3106 3105 3052
f 3052 3053 3106
f 3159 3158 3105
f 3105 3106 3159
f 3192 3191 3158
f 3158 3159 3192
f 3223 3222 3191
f 3191 3192 3223
f 3247 3246 3222
f 3222 3223 3247
f 3269 3256 3246
f 3246 3247 3269
f 3280 3279 3256
f 3256 3269 3280
f 3301 3300 3279
f 3279 3280 3301
f 3320 3319 3300
f 3300 3301 3320
f 3337 3336 3319
f 3319 3320 3337
f 3352 3351 3337
f 3336 3337 3351
f 3364 3351 3352
f 3352 3365 3364
f 3357 3350 3351
f 3351 3364 3357
f 3342 3341 3350
f 3350 3357 3342
f 3325 3324 3341
f 3341 3342 3325
f 3306 3305 3324
f 3324 3325 3306
f 3285 3284 3305
f 3305 3306 3285
f 3262 3261 3284
f 3284 3285 3262
f 3239 3238 3261
f 3261 3262 3239
f 3208 3207 3238
f 3238 3239 3208
f 3175 3174 3207
f 3207 3208 3175
f 3120 3173 3174
f 3174 3175 3120
f 3119 3118 3173
f 3173 3120 3119
f 3066 3065 3118
f 3118 3119 3066
f 3013 3012 3065
f 3065 3066 3013
f 2962 2961 3012
f 3012 3013 2962
f 2913 2912 2961
f 2961 2962 2913
f 2864 2863 2912
f 2912 2913 2864
f 2815 2814 2863
f 2863 2864 2815
f 2767 2766 2814
f 2814 2815 2767
f 2719 2718 2766
f 2766 2767 2719
f 2671 2670 2718
f 2718 2719 2671
f 2629 2628 2670
f 2670 2671 2629
f 2587 2586 2628
f 2628 2629 2587
f 2543 2542 2586
f 2586 2587 2543
f 2503 2529 2542
f 2542 2543 2503
f 2490 2501 2529
f 2529 2503 2490
f 2464 2463 2501
f 2501 2490 2464
f 2426 2428 2463
f 2463 2464 2426
f 2389 2425 2428
f 2428 2426 2389
f 2386 2424 2425
f 2425 2389 2386
f 2385 2415 2424
f 2424 2386 2385
f 2378 2384 2415
f 2415 2385 2378
f 2345 2344 2384
f 2384 2378 2345
f 2308 2307 2344
f 2344 2345 2308
f 2271 2306 2308
f 2307 2308 2306
f 2270 2305 2271
f 2306 2271 2305
f 2269 2304 2270
f 2305 2270 2304
f 2268 2301 2269
f 2304 2269 2301
f 2266 2285 2268
f 2301 2268 2285
f 2252 2286 2251
f 2285 2251 2286
f 2254 2287 2286
f 2286 2252 2254
f 2264 2289 2287
f 2287 2254 2264
f 2264 2265 2289
f 2300 2289 2265
f 2230 2263 2265
f 2265 2264 2230
f 2228 2262 2230
f 2263 2230 2262
f 2227 2261 2228
f 2262 2228 2261
f 2226 2260 2227
f 2261 2227 2260
f 2225 2259 2226
f 2260 2226 2259
f 2224 2258 2225
f 2259 2225 2258
f 2223 2257 2224
f 2258 2224 2257
f 2222 2256 2223
f 2257 2223 2256
f 2222 2221 2220
f 2220 2256 2222
f 2189 2210 2222
f 2221 2222 2210
f 2187 2210 2176
f 2189 2176 2210
f 2286 2323 2301
f 2301 2285 2286
f 2287 2324 2286
f 2323 2286 2324
f 2289 2325 2287
f 2324 2287 2325
f 2300 2327 2289
f 2325 2289 2327
f 2300 2299 2336
f 2336 2327 2300
f 2263 2299 2265
f 2300 2265 2299
f 2323 2337 2304
f 2304 2301 2323
f 2324 2362 2337
f 2337 2323 2324
f 2325 2363 2324
f 2362 2324 2363
f 2327 2364 2325
f 2363 2325 2364
f 2336 2366 2364
f 2364 2327 2336
f 2336 2335 2366
f 2375 2366 2335
f 2299 2298 2336
f 2335 2336 2298
f 2262 2298 2299
f 2299 2263 2262
f 3350 3335 3336
f 3336 3351 3350
f 3341 3334 3335
f 3335 3350 3341
f 3324 3323 3334
f 3334 3341 3324
f 3305 3304 3323
f 3323 3324 3305
f 3284 3283 3304
f 3304 3305 3284
f 3261 3260 3283
f 3283 3284 3261
f 3238 3237 3260
f 3260 3261 3238
f 3207 3206 3237
f 3237 3238 3207
f 3174 3205 3206
f 3206 3207 3174
f 3173 3172 3205
f 3205 3174 3173
f 3118 3117 3172
f 3172 3173 3118
f 3065 3064 3117
f 3117 3118 3065
f 3012 3011 3064
f 3064 3065 3012
f 2961 2960 3011
f 3011 3012 2961
f 2912 2911 2960
f 2960 2961 2912
f 2863 2862 2911
f 2911 2912 2863
f 2814 2813 2862
f 2862 2863 2814
f 2766 2765 2813
f 2813 2814 2766
f 2718 2717 2765
f 2765 2766 2718
f 2670 2669 2717
f 2717 2718 2670
f 2628 2627 2669
f 2669 2670 2628
f 2586 2585 2627
f 2627 2628 2586
f 2542 2572 2585
f 2585 2586 2542
f 2529 2540 2572
f 2572 2542 2529
f 2501 2500 2540
f 2540 2529 2501
f 2463 2465 2500
f 2500 2501 2463
f 2428 2462 2465
f 2465 2463 2428
f 2425 2461 2462
f 2462 2428 2425
f 2424 2454 2461
f 2461 2425 2424
f 2415 2423 2454
f 2454 2424 2415
f 2384 2383 2423
f 2423 2415 2384
f 2344 2343 2383
f 2383 2384 2344
f 2307 2342 2343
f 2343 2344 2307
f 2306 2341 2307
f 2342 2307 2341
f 2305 2340 2306
f 2341 2306 2340
f 2337 2340 2305
f 2305 2304 2337
f 2366 2403 2363
f 2363 2364 2366
f 2375 2405 2403
f 2403 2366 2375
f 2375 2374 2405
f 2412 2405 2374
f 2335 2334 2375
f 2374 2375 2334
f 2298 2297 2335
f 2334 2335 2297
f 2261 2297 2262
f 2298 2262 2297
f 2188 2221 2210
f 2210 2187 2188
f 2218 2220 2221
f 2221 2188 2218
f 2249 2253 2218
f 2220 2218 2253
f 2283 2284 2253
f 2253 2249 2283
f 2320 2321 2284
f 2284 2283 2320
f 2358 2359 2321
f 2321 2320 2358
f 2398 2399 2359
f 2359 2358 2398
f 2438 2439 2399
f 2399 2398 2438
f 2476 2477 2439
f 2439 2438 2476
f 2514 2515 2476
f 2477 2476 2515
f 2554 2555 2514
f 2515 2514 2555
f 2598 2599 2554
f 2555 2554 2599
f 2640 2641 2598
f 2599 2598 2641
f 2682 2683 2640
f 2641 2640 2683
f 2730 2731 2682
f 2683 2682 2731
f 2778 2779 2730
f 2731 2730 2779
f 2827 2828 2779
f 2779 2778 2827
f 2877 2828 2876
f 2827 2876 2828
f 2878 2829 2877
f 2828 2877 2829
f 2879 2830 2878
f 2829 2878 2830
f 2880 2831 2879
f 2830 2879 2831
f 2881 2832 2880
f 2831 2880 2832
f 2882 2833 2881
f 2832 2881 2833
f 2883 2834 2882
f 2833 2882 2834
f 2884 2835 2883
f 2834 2883 2835
f 2885 2836 2835
f 2835 2884 2885
f 2886 2839 2836
f 2836 2885 2886
f 2889 2888 2839
f 2839 2886 2889
f 2938 2937 2888
f 2888 2889 2938
f 2987 2940 2937
f 2937 2938 2987
f 2990 2941 2940
f 2940 2987 2990
f 2991 2942 2941
f 2941 2990 2991
f 2992 2943 2942
f 2942 2991 2992
f 2993 2944 2943
f 2943 2992 2993
f 2994 2947 2944
f 2944 2993 2994
f 2999 2998 2947
f 2947 2994 2999
f 3052 3051 2998
f 2998 2999 3052
f 3105 3104 3051
f 3051 3052 3105
f 3158 3157 3104
f 3104 3105 3158
f 3191 3190 3157
f 3157 3158 3191
f 3222 3221 3190
f 3190 3191 3222
f 3246 3232 3221
f 3221 3222 3246
f 3256 3255 3232
f 3232 3246 3256
f 3279 3278 3256
f 3255 3256 3278
f 3300 3299 3278
f 3278 3279 3300
f 3319 3318 3300
f 3299 3300 3318
f 3335 3318 3319
f 3319 3336 3335
f 3334 3317 3318
f 3318 3335 3334
f 3323 3316 3317
f 3317 3334 3323
f 3304 3303 3316
f 3316 3323 3304
f 3283 3282 3303
f 3303 3304 3283
f 3260 3259 3282
f 3282 3283 3260
f 3237 3236 3259
f 3259 3260 3237
f 3206 3235 3236
f 3236 3237 3206
f 3205 3204 3235
f 3235 3206 3205
f 3172 3171 3204
f 3204 3205 3172
f 3117 3116 3171
f 3171 3172 3117
f 3064 3063 3116
f 3116 3117 3064
f 3011 3010 3063
f 3063 3064 3011
f 2960 2959 3010
f 3010 3011 2960
f 2911 2910 2959
f 2959 2960 2911
f 2862 2861 2910
f 2910 2911 2862
f 2813 2812 2861
f 2861 2862 2813
f 2765 2764 2812
f 2812 2813 2765
f 2717 2716 2764
f 2764 2765 2717
f 2669 2668 2716
f 2716 2717 2669
f 2627 2626 2668
f 2668 2669 2627
f 2585 2615 2626
f 2626 2627 2585
f 2572 2583 2615
f 2615 2585 2572
f 2540 2539 2583
f 2583 2572 2540
f 2500 2502 2539
f 2539 2540 2500
f 2465 2499 2502
f 2502 2500 2465
f 2462 2498 2499
f 2499 2465 2462
f 2461 2491 2498
f 2498 2462 2461
f 2454 2460 2491
f 2491 2461 2454
f 2423 2422 2460
f 2460 2454 2423
f 2383 2382 2422
f 2422 2423 2383
f 2343 2381 2382
f 2382 2383 2343
f 2342 2380 2381
f 2381 2343 2342
f 2341 2379 2342
f 2380 2342 2379
f 2340 2376 2341
f 2379 2341 2376
f 2363 2403 2376
f 2376 2362 2363
f 2405 2444 2413
f 2413 2403 2405
f 2412 2446 2444
f 2444 2405 2412
f 2412 2411 2451
f 2451 2446 2412
f 2374 2373 2412
f 2411 2412 2373
f 2334 2333 2373
f 2373 2374 2334
f 2297 2296 2333
f 2333 2334 2297
f 2260 2296 2261
f 2297 2261 2296
f 2413 2379 2403
f 2376 2403 2379
f 2413 2416 2380
f 2380 2379 2413
f 2444 2452 2413
f 2416 2413 2452
f 2446 2483 2444
f 2452 2444 2483
f 2451 2485 2446
f 2483 2446 2485
f 2451 2450 2488
f 2488 2485 2451
f 2411 2410 2450
f 2450 2451 2411
f 2373 2372 2411
f 2410 2411 2372
f 2333 2332 2373
f 2372 2373 2332
f 2296 2295 2332
f 2332 2333 2296
f 2260 2259 2295
f 2295 2296 2260
f 2258 2292 2293
f 2293 2259 2258
f 2257 2291 2258
f 2292 2258 2291
f 2256 2255 2257
f 2291 2257 2255
f 2253 2255 2220
f 2256 2220 2255
f 2284 2288 2255
f 2255 2253 2284
f 2321 2322 2288
f 2288 2284 2321
f 2359 2360 2322
f 2322 2321 2359
f 2399 2400 2360
f 2360 2359 2399
f 2439 2440 2400
f 2400 2399 2439
f 2477 2478 2439
f 2440 2439 2478
f 2515 2516 2477
f 2478 2477 2516
f 2555 2556 2515
f 2516 2515 2556
f 2599 2600 2555
f 2556 2555 2600
f 2641 2642 2599
f 2600 2599 2642
f 2683 2684 2641
f 2642 2641 2684
f 2731 2732 2683
f 2684 2683 2732
f 2779 2780 2732
f 2732 2731 2779
f 2829 2780 2828
f 2779 2828 2780
f 2266 2250 2285
f 2251 2285 2250
f 2266 2233 2250
f 2231 2250 2233
f 3317 3298 3299
f 3299 3318 3317
f 3316 3297 3298
f 3298 3317 3316
f 3303 3296 3297
f 3297 3316 3303
f 3282 3281 3296
f 3296 3303 3282
f 3259 3258 3282
f 3281 3282 3258
f 3236 3257 3258
f 3258 3259 3236
f 3235 3234 3236
f 3257 3236 3234
f 3204 3203 3234
f 3234 3235 3204
f 3171 3170 3203
f 3203 3204 3171
f 3116 3115 3170
f 3170 3171 3116
f 3063 3062 3115
f 3115 3116 3063
f 3010 3009 3062
f 3062 3063 3010
f 2959 2958 3009
f 3009 3010 2959
f 2910 2909 2958
f 2958 2959 2910
f 2861 2860 2909
f 2909 2910 2861
f 2812 2811 2860
f 2860 2861 2812
f 2764 2763 2811
f 2811 2812 2764
f 2716 2715 2763
f 2763 2764 2716
f 2668 2667 2715
f 2715 2716 2668
f 2626 2658 2667
f 2667 2668 2626
f 2615 2624 2658
f 2658 2626 2615
f 2583 2582 2624
f 2624 2615 2583
f 2539 2541 2582
f 2582 2583 2539
f 2502 2538 2541
f 2541 2539 2502
f 2499 2537 2538
f 2538 2502 2499
f 2498 2530 2537
f 2537 2499 2498
f 2491 2497 2530
f 2530 2498 2491
f 2460 2459 2497
f 2497 2491 2460
f 2422 2421 2459
f 2459 2460 2422
f 2382 2417 2421
f 2421 2422 2382
f 2381 2418 2417
f 2417 2382 2381
f 2416 2418 2380
f 2381 2380 2418
f 2830 2781 2829
f 2780 2829 2781
f 2831 2782 2830
f 2781 2830 2782
f 2832 2783 2831
f 2782 2831 2783
f 2833 2784 2783
f 2783 2832 2833
f 2834 2785 2784
f 2784 2833 2834
f 2835 2786 2785
f 2785 2834 2835
f 2836 2789 2786
f 2786 2835 2836
f 2839 2838 2789
f 2789 2836 2839
f 2888 2887 2838
f 2838 2839 2888
f 2937 2890 2887
f 2887 2888 2937
f 2940 2891 2890
f 2890 2937 2940
f 2941 2892 2891
f 2891 2940 2941
f 2942 2893 2892
f 2892 2941 2942
f 2943 2894 2893
f 2893 2942 2943
f 2944 2895 2894
f 2894 2943 2944
f 2947 2946 2895
f 2895 2944 2947
f 2998 2997 2946
f 2946 2947 2998
f 3051 3050 2997
f 2997 2998 3051
f 3104 3103 3050
f 3050 3051 3104
f 3157 3156 3103
f 3103 3104 3157
f 3190 3189 3156
f 3156 3157 3190
f 3221 3200 3189
f 3189 3190 3221
f 3232 3231 3200
f 3200 3221 3232
f 3278 3277 3254
f 3254 3255 3278
f 3298 3277 3299
f 3278 3299 3277
f 3297 3276 3298
f 3277 3298 3276
f 3296 3275 3276
f 3276 3297 3296
f 3281 3274 3275
f 3275 3296 3281
f 3234 3233 3252
f 3252 3257 3234
f 3203 3202 3233
f 3233 3234 3203
f 3170 3169 3202
f 3202 3203 3170
f 3115 3114 3169
f 3169 3170 3115
f 3062 3061 3115
f 3114 3115 3061
f 3009 3008 3062
f 3061 3062 3008
f 2958 2957 3009
f 3008 3009 2957
f 2909 2908 2958
f 2957 2958 2908
f 2860 2859 2908
f 2908 2909 2860
f 2811 2810 2859
f 2859 2860 2811
f 2763 2762 2810
f 2810 2811 2763
f 2715 2714 2762
f 2762 2763 2715
f 2667 2705 2714
f 2714 2715 2667
f 2658 2665 2705
f 2705 2667 2658
f 2624 2623 2665
f 2665 2658 2624
f 2582 2584 2623
f 2623 2624 2582
f 2541 2581 2584
f 2584 2582 2541
f 2538 2580 2581
f 2581 2541 2538
f 2537 2573 2580
f 2580 2538 2537
f 2530 2536 2573
f 2573 2537 2530
f 2497 2496 2536
f 2536 2530 2497
f 2459 2458 2496
f 2496 2497 2459
f 2421 2420 2458
f 2458 2459 2421
f 2417 2419 2421
f 2420 2421 2419
f 2418 2455 2419
f 2419 2417 2418
f 2452 2455 2416
f 2418 2416 2455
f 3252 3253 3257
f 3274 3257 3253
f 3252 3229 3253
f 3230 3253 3229
f 3233 3228 3229
f 3229 3252 3233
f 3202 3201 3228
f 3228 3233 3202
f 3169 3168 3202
f 3201 3202 3168
f 3114 3113 3169
f 3168 3169 3113
f 3061 3060 3114
f 3113 3114 3060
f 3008 3007 3061
f 3060 3061 3007
f 2957 2956 3007
f 3007 3008 2957
f 2908 2907 2957
f 2956 2957 2907
f 2859 2858 2908
f 2907 2908 2858
f 2810 2809 2858
f 2858 2859 2810
f 2762 2761 2809
f 2809 2810 2762
f 2714 2756 2761
f 2761 2762 2714
f 2705 2712 2756
f 2756 2714 2705
f 2665 2664 2712
f 2712 2705 2665
f 2623 2625 2664
f 2664 2665 2623
f 2584 2622 2625
f 2625 2623 2584
f 2581 2621 2622
f 2622 2584 2581
f 2580 2616 2621
f 2621 2581 2580
f 2573 2579 2616
f 2616 2580 2573
f 2536 2535 2579
f 2579 2573 2536
f 2496 2495 2535
f 2535 2536 2496
f 2458 2457 2495
f 2495 2496 2458
f 2420 2456 2457
f 2457 2458 2420
f 2483 2489 2452
f 2455 2452 2489
f 2485 2524 2483
f 2489 2483 2524
f 2488 2526 2485
f 2524 2485 2526
f 2488 2487 2527
f 2527 2526 2488
f 2450 2449 2488
f 2487 2488 2449
f 2410 2409 2449
f 2449 2450 2410
f 2372 2371 2409
f 2409 2410 2372
f 2332 2331 2371
f 2371 2372 2332
f 2295 2294 2332
f 2331 2332 2294
f 2292 2329 2330
f 2330 2293 2292
f 2291 2290 2292
f 2329 2292 2290
f 2288 2290 2291
f 2291 2255 2288
f 2322 2326 2290
f 2290 2288 2322
f 2360 2361 2326
f 2326 2322 2360
f 2400 2401 2361
f 2361 2360 2400
f 2440 2441 2400
f 2401 2400 2441
f 2478 2479 2440
f 2441 2440 2479
f 2516 2517 2478
f 2479 2478 2517
f 2556 2557 2516
f 2517 2516 2557
f 2600 2601 2556
f 2557 2556 2601
f 2642 2643 2600
f 2601 2600 2643
f 2684 2685 2642
f 2643 2642 2685
f 2732 2733 2685
f 2685 2684 2732
f 2781 2733 2780
f 2732 2780 2733
f 3253 3254 3274
f 3275 3274 3254
f 3228 3199 3229
f 3230 3229 3199
f 2330 2331 2294
f 2294 2293 2330
f 2330 2370 2331
f 2371 2331 2370
f 2329 2369 2330
f 2370 2330 2369
f 2326 2328 2329
f 2329 2290 2326
f 2328 2368 2369
f 2369 2329 2328
f 2328 2365 2367
f 2367 2368 2328
f 2361 2365 2328
f 2328 2326 2361
f 3199 3198 3231
f 3231 3230 3199
f 3201 3196 3199
f 3199 3228 3201
f 2782 2734 2781
f 2733 2781 2734
f 2783 2735 2782
f 2734 2782 2735
f 2784 2736 2783
f 2735 2783 2736
f 2785 2737 2736
f 2736 2784 2785
f 2786 2740 2737
f 2737 2785 2786
f 2789 2788 2740
f 2740 2786 2789
f 2838 2837 2788
f 2788 2789 2838
f 2887 2840 2837
f 2837 2838 2887
f 2890 2841 2840
f 2840 2887 2890
f 2891 2842 2841
f 2841 2890 2891
f 2892 2843 2842
f 2842 2891 2892
f 2893 2844 2843
f 2843 2892 2893
f 2894 2849 2844
f 2844 2893 2894
f 2895 2899 2849
f 2849 2894 2895
f 2946 2945 2899
f 2899 2895 2946
f 2997 2996 2945
f 2945 2946 2997
f 3050 3049 2996
f 2996 2997 3050
f 3103 3102 3049
f 3049 3050 3103
f 3156 3155 3102
f 3102 3103 3156
f 3189 3166 3155
f 3155 3156 3189
f 3200 3197 3166
f 3166 3189 3200
f 3198 3197 3231
f 3200 3231 3197
f 3230 3231 3255
f 3232 3255 3231
f 2489 2492 2455
f 2456 2455 2492
f 2524 2528 2489
f 2492 2489 2528
f 2526 2569 2524
f 2528 2524 2569
f 2527 2570 2526
f 2569 2526 2570
f 2527 2525 2568
f 2568 2570 2527
f 2487 2486 2525
f 2525 2527 2487
f 2449 2448 2487
f 2486 2487 2448
f 2409 2408 2448
f 2448 2449 2409
f 2370 2408 2371
f 2409 2371 2408
f 3196 3165 3198
f 3198 3199 3196
f 3196 3167 3162
f 3162 3165 3196
f 3168 3167 3201
f 3196 3201 3167
f 3165 3164 3198
f 3197 3198 3164
f 3162 3163 3164
f 3164 3165 3162
f 3162 3111 3109
f 3109 3163 3162
f 3167 3112 3111
f 3111 3162 3167
f 3113 3112 3168
f 3167 3168 3112
f 3164 3163 3166
f 3166 3197 3164
f 3109 3108 3110
f 3110 3163 3109
f 3109 3057 3108
f 3055 3108 3057
f 3111 3058 3057
f 3057 3109 3111
f 3112 3059 3058
f 3058 3111 3112
f 3060 3059 3113
f 3112 3113 3059
f 3110 3155 3166
f 3166 3163 3110
f 3110 3101 3155
f 3102 3155 3101
f 3108 3056 3101
f 3101 3110 3108
f 3055 3054 3056
f 3056 3108 3055
f 3055 3003 3001
f 3001 3054 3055
f 3057 3004 3055
f 3003 3055 3004
f 3058 3005 3057
f 3004 3057 3005
f 3059 3006 3058
f 3005 3058 3006
f 3007 3006 3060
f 3059 3060 3006
f 2369 2407 2370
f 2408 2370 2407
f 2368 2406 2369
f 2407 2369 2406
f 2367 2404 2406
f 2406 2368 2367
f 2365 2361 2401
f 2401 2402 2365
f 2441 2442 2401
f 2402 2401 2442
f 2479 2480 2441
f 2442 2441 2480
f 2517 2518 2479
f 2480 2479 2518
f 2557 2558 2517
f 2518 2517 2558
f 2601 2602 2557
f 2558 2557 2602
f 2643 2644 2601
f 2602 2601 2644
f 2685 2686 2644
f 2644 2643 2685
f 2734 2686 2733
f 2685 2733 2686
f 2442 2443 2404
f 2404 2402 2442
f 2480 2481 2443
f 2443 2442 2480
f 2518 2519 2480
f 2481 2480 2519
f 2558 2559 2518
f 2519 2518 2559
f 2602 2603 2558
f 2559 2558 2603
f 2644 2645 2602
f 2603 2602 2645
f 2686 2687 2645
f 2645 2644 2686
f 2735 2687 2734
f 2686 2734 2687
f 2736 2688 2735
f 2687 2735 2688
f 2737 2689 2688
f 2688 2736 2737
f 2740 2739 2689
f 2689 2737 2740
f 2788 2787 2739
f 2739 2740 2788
f 2837 2790 2787
f 2787 2788 2837
f 2840 2791 2790
f 2790 2837 2840
f 2841 2792 2791
f 2791 2840 2841
f 2842 2793 2792
f 2792 2841 2842
f 2843 2794 2793
f 2793 2842 2843
f 2844 2801 2794
f 2794 2843 2844
f 2849 2851 2801
f 2801 2844 2849
f 2899 2901 2851
f 2851 2849 2899
f 2945 2951 2901
f 2901 2899 2945
f 2996 2995 2951
f 2951 2945 2996
f 3049 3048 2995
f 2995 2996 3049
f 3101 3048 3102
f 3049 3102 3048
f 3056 3047 3101
f 3048 3101 3047
f 3054 3002 3047
f 3047 3056 3054
f 3001 3000 3054
f 3002 3054 3000
f 3001 2953 3000
f 2949 3000 2953
f 3003 2954 2953
f 2953 3001 3003
f 3004 2955 2954
f 2954 3003 3004
f 3005 2956 2955
f 2955 3004 3005
f 2907 2906 2955
f 2955 2956 2907
f 2858 2857 2906
f 2906 2907 2858
f 2809 2808 2857
f 2857 2858 2809
f 2761 2805 2808
f 2808 2809 2761
f 2756 2760 2805
f 2805 2761 2756
f 2712 2711 2760
f 2760 2756 2712
f 2664 2666 2711
f 2711 2712 2664
f 2625 2663 2666
f 2666 2664 2625
f 2622 2662 2663
f 2663 2625 2622
f 2621 2659 2662
f 2662 2622 2621
f 2616 2620 2659
f 2659 2621 2616
f 2579 2578 2620
f 2620 2616 2579
f 2535 2534 2578
f 2578 2579 2535
f 2495 2494 2534
f 2534 2535 2495
f 3277 3276 3254
f 3275 3254 3276
f 2294 2295 2259
f 2259 2293 2294
f 2419 2455 2456
f 2456 2420 2419
f 3258 3257 3274
f 3274 3281 3258
f 2528 2531 2492
f 2493 2492 2531
f 2569 2571 2528
f 2531 2528 2571
f 2570 2613 2569
f 2571 2569 2613
f 2568 2608 2570
f 2613 2570 2608
f 2568 2563 2607
f 2607 2608 2568
f 2525 2523 2568
f 2563 2568 2523
f 2486 2484 2523
f 2523 2525 2486
f 2448 2447 2486
f 2484 2486 2447
f 2407 2447 2408
f 2448 2408 2447
f 2688 2646 2645
f 2645 2687 2688
f 2689 2690 2688
f 2646 2688 2690
f 2739 2738 2689
f 2690 2689 2738
f 2787 2741 2738
f 2738 2739 2787
f 2790 2742 2787
f 2741 2787 2742
f 2791 2743 2790
f 2742 2790 2743
f 2792 2744 2791
f 2743 2791 2744
f 2793 2745 2744
f 2744 2792 2793
f 2794 2753 2745
f 2745 2793 2794
f 2801 2802 2753
f 2753 2794 2801
f 2851 2852 2802
f 2802 2801 2851
f 2901 2902 2852
f 2852 2851 2901
f 2951 2952 2902
f 2902 2901 2951
f 2995 3002 2952
f 2952 2951 2995
f 2949 2948 2950
f 2950 3000 2949
f 2949 2903 2948
f 2897 2948 2903
f 2953 2904 2903
f 2903 2949 2953
f 2954 2905 2904
f 2904 2953 2954
f 2906 2905 2955
f 2954 2955 2905
f 2950 2952 3000
f 3002 3000 2952
f 2950 2900 2902
f 2902 2952 2950
f 2948 2898 2900
f 2900 2950 2948
f 2897 2896 2898
f 2898 2948 2897
f 2897 2853 2896
f 2846 2896 2853
f 2903 2854 2897
f 2853 2897 2854
f 2904 2855 2854
f 2854 2903 2904
f 2905 2856 2904
f 2855 2904 2856
f 2857 2856 2906
f 2905 2906 2856
f 2406 2445 2407
f 2447 2407 2445
f 2443 2445 2406
f 2406 2404 2443
f 2481 2482 2445
f 2445 2443 2481
f 2519 2520 2481
f 2482 2481 2520
f 2559 2560 2519
f 2520 2519 2560
f 2603 2604 2559
f 2560 2559 2604
f 2646 2604 2645
f 2603 2645 2604
f 2482 2484 2447
f 2447 2445 2482
f 2520 2521 2482
f 2484 2482 2521
f 2560 2561 2520
f 2521 2520 2561
f 2604 2605 2560
f 2561 2560 2605
f 2646 2647 2604
f 2605 2604 2647
f 2521 2522 2523
f 2523 2484 2521
f 2561 2565 2521
f 2522 2521 2565
f 2605 2606 2561
f 2565 2561 2606
f 2647 2648 2605
f 2606 2605 2648
f 2743 2693 2742
f 2692 2742 2693
f 2744 2694 2743
f 2693 2743 2694
f 2745 2702 2744
f 2694 2744 2702
f 2753 2752 2702
f 2702 2745 2753
f 2802 2800 2752
f 2752 2753 2802
f 2852 2850 2800
f 2800 2802 2852
f 2900 2850 2902
f 2852 2902 2850
f 2522 2562 2563
f 2563 2523 2522
f 2565 2566 2562
f 2562 2522 2565
f 2606 2611 2565
f 2566 2565 2611
f 2648 2649 2606
f 2611 2606 2649
f 2693 2649 2692
f 2648 2692 2649
f 2562 2564 2563
f 2607 2563 2564
f 2566 2567 2564
f 2564 2562 2566
f 2611 2612 2567
f 2567 2566 2611
f 2649 2655 2612
f 2612 2611 2649
f 2694 2655 2649
f 2649 2693 2694
f 2898 2848 2850
f 2850 2900 2898
f 2896 2847 2848
f 2848 2898 2896
f 2846 2845 2847
f 2847 2896 2846
f 2846 2803 2845
f 2796 2845 2803
f 2853 2804 2846
f 2803 2846 2804
f 2854 2806 2804
f 2804 2853 2854
f 2855 2807 2854
f 2806 2854 2807
f 2760 2759 2805
f 2807 2805 2759
f 2713 2710 2758
f 2758 2759 2713
f 2666 2710 2713
f 2713 2711 2666
f 2759 2758 2807
f 2806 2807 2758
f 2710 2709 2758
f 2757 2758 2709
f 2663 2709 2710
f 2710 2666 2663
f 2662 2706 2709
f 2709 2663 2662
f 2659 2661 2706
f 2706 2662 2659
f 2620 2619 2661
f 2661 2659 2620
f 2578 2577 2619
f 2619 2620 2578
f 2534 2533 2577
f 2577 2578 2534
f 2494 2532 2533
f 2533 2534 2494
f 2531 2532 2493
f 2494 2493 2532
f 2495 2457 2494
f 2493 2494 2457
f 3006 3007 3005
f 2956 3005 3007
f 2848 2799 2850
f 2800 2850 2799
f 2847 2798 2799
f 2799 2848 2847
f 2845 2797 2798
f 2798 2847 2845
f 2796 2795 2797
f 2797 2845 2796
f 2796 2754 2795
f 2747 2795 2754
f 2803 2755 2754
f 2754 2796 2803
f 2806 2758 2804
f 2757 2804 2758
f 2757 2755 2804
f 2803 2804 2755
f 2757 2708 2755
f 2707 2755 2708
f 2706 2708 2709
f 2757 2709 2708
f 2702 2701 2694
f 2655 2694 2701
f 2752 2751 2702
f 2701 2702 2751
f 2799 2751 2800
f 2752 2800 2751
f 2855 2808 2807
f 2805 2807 2808
f 2855 2856 2808
f 2857 2808 2856
f 2741 2742 2691
f 2692 2691 2742
f 2691 2647 2690
f 2646 2690 2647
f 2691 2692 2647
f 2648 2647 2692
f 2995 3048 3047
f 3047 3002 2995
f 2798 2750 2751
f 2751 2799 2798
f 2797 2749 2750
f 2750 2798 2797
f 2795 2748 2749
f 2749 2797 2795
f 2747 2746 2748
f 2748 2795 2747
f 2747 2703 2746
f 2696 2746 2703
f 2754 2704 2747
f 2703 2747 2704
f 2707 2704 2755
f 2754 2755 2704
f 2750 2700 2701
f 2701 2751 2750
f 2749 2699 2700
f 2700 2750 2749
f 2748 2698 2749
f 2699 2749 2698
f 2746 2697 2698
f 2698 2748 2746
f 2696 2695 2697
f 2697 2746 2696
f 2696 2656 2695
f 2651 2695 2656
f 2703 2657 2656
f 2656 2696 2703
f 2704 2660 2657
f 2657 2703 2704
f 2707 2661 2660
f 2660 2704 2707
f 2619 2618 2660
f 2660 2661 2619
f 2577 2576 2619
f 2618 2619 2576
f 2533 2575 2576
f 2576 2577 2533
f 2532 2574 2533
f 2575 2533 2574
f 2571 2574 2532
f 2532 2531 2571
f 2618 2617 2657
f 2657 2660 2618
f 2575 2574 2614
f 2614 2617 2575
f 2613 2614 2571
f 2574 2571 2614
f 2651 2613 2608
f 2608 2650 2651
f 2651 2656 2614
f 2614 2613 2651
f 2650 2652 2695
f 2695 2651 2650
f 2607 2609 2650
f 2650 2608 2607
f 2567 2609 2564
f 2607 2564 2609
f 2652 2653 2697
f 2697 2695 2652
f 2609 2610 2652
f 2652 2650 2609
f 2612 2610 2567
f 2609 2567 2610
f 2655 2654 2612
f 2610 2612 2654
f 2655 2701 2654
f 2700 2654 2701
f 2617 2614 2657
f 2656 2657 2614
f 2708 2706 2707
f 2661 2707 2706
f 2653 2654 2700
f 2700 2699 2653
f 2653 2652 2654
f 2610 2654 2652
f 2456 2492 2493
f 2493 2457 2456
f 2362 2376 2340
f 2340 2337 2362
f 3254 3253 3230
f 3230 3255 3254
f 2760 2711 2713
f 2713 2759 2760
f 2691 2690 2738
f 2738 2741 2691
f 2402 2404 2367
f 2367 2365 2402
f 2617 2618 2576
f 2576 2575 2617
f 2653 2699 2698
f 2698 2697 2653
f 243 3406 429
f 429 229 243
f 255 3407 3406
f 3406 243 255
f 265 3408 3407
f 3407 255 265
f 272 3409 3408
f 3408 265 272
f 277 3412 3409
f 3409 272 277
f 3417 3418 3412
f 3412 277 3417
f 3424 3425 3418
f 3418 3417 3424
f 3433 3434 3424
f 3425 3424 3434
f 3441 3443 3433
f 3434 3433 3443
f 3450 3451 3441
f 3443 3441 3451
f 3460 3461 3451
f 3451 3450 3460
f 3472 3473 3460
f 3461 3460 3473
f 3486 3487 3473
f 3473 3472 3486
f 3500 3501 3486
f 3487 3486 3501
f 3514 3515 3500
f 3501 3500 3515
f 3528 3529 3514
f 3515 3514 3529
f 3541 3536 3528
f 3529 3528 3536
f 3542 3547 3536
f 3536 3541 3542
f 3552 3553 3547
f 3547 3542 3552
f 3562 3563 3553
f 3553 3552 3562
f 3565 3574 3563
f 3563 3562 3565
f 3566 3577 3574
f 3574 3565 3566
f 3578 3579 3566
f 3577 3566 3579
f 3588 3589 3579
f 3579 3578 3588
f 3598 3599 3589
f 3589 3588 3598
f 3608 3609 3598
f 3599 3598 3609
f 3611 3617 3608
f 3609 3608 3617
f 3618 3619 3617
f 3617 3611 3618
f 3625 3626 3619
f 3619 3618 3625
f 3632 3633 3625
f 3626 3625 3633
f 3639 3640 3632
f 3633 3632 3640
f 3646 3647 3639
f 3640 3639 3647
f 3653 3652 3646
f 3647 3646 3652
f 3657 3656 3653
f 3652 3653 3656
f 3661 3660 3657
f 3656 3657 3660
f 3665 3664 3661
f 3660 3661 3664
f 3668 3663 3664
f 3664 3665 3668
f 3669 3667 3668
f 3663 3668 3667
f 3672 3671 3669
f 3667 3669 3671
f 3675 3674 3672
f 3671 3672 3674
f 1281 3674 1275
f 3675 1275 3674
f 3673 3674 1287
f 1281 1287 3674
f 3670 3671 3673
f 3674 3673 3671
f 3666 3667 3670
f 3671 3670 3667
f 3662 3663 3666
f 3667 3666 3663
f 3658 3659 3662
f 3663 3662 3659
f 3655 3654 3659
f 3659 3658 3655
f 3651 3649 3654
f 3654 3655 3651
f 3645 3643 3649
f 3649 3651 3645
f 3638 3637 3643
f 3643 3645 3638
f 3631 3630 3638
f 3637 3638 3630
f 3624 3623 3631
f 3630 3631 3623
f 3615 3614 3624
f 3623 3624 3614
f 3606 3605 3615
f 3614 3615 3605
f 3596 3595 3606
f 3605 3606 3595
f 3585 3584 3596
f 3595 3596 3584
f 3573 3572 3585
f 3584 3585 3572
f 3561 3560 3573
f 3572 3573 3560
f 3551 3550 3561
f 3560 3561 3550
f 3540 3539 3551
f 3550 3551 3539
f 3527 3526 3540
f 3539 3540 3526
f 3517 3513 3527
f 3526 3527 3513
f 3505 3504 3517
f 3513 3517 3504
f 3493 3492 3505
f 3504 3505 3492
f 3479 3478 3492
f 3492 3493 3479
f 291 3478 285
f 3479 285 3478
f 301 3477 291
f 3478 291 3477
f 312 3464 301
f 3477 301 3464
f 325 3453 312
f 3464 312 3453
f 341 3452 325
f 3453 325 3452
f 355 3446 341
f 3452 341 3446
f 367 3438 3446
f 3446 355 367
f 375 3430 3438
f 3438 367 375
f 376 3422 3430
f 3430 375 376
f 377 3421 3422
f 3422 376 377
f 378 3414 377
f 3421 377 3414
f 379 3410 3414
f 3414 378 379
f 413 3407 3408
f 3408 397 413
f 3408 3410 397
f 379 397 3410
f 3409 3411 3410
f 3410 3408 3409
f 3412 3413 3411
f 3411 3409 3412
f 3418 3419 3413
f 3413 3412 3418
f 3425 3426 3419
f 3419 3418 3425
f 3434 3435 3425
f 3426 3425 3435
f 3443 3444 3434
f 3435 3434 3444
f 3451 3454 3443
f 3444 3443 3454
f 3461 3462 3451
f 3454 3451 3462
f 3473 3474 3461
f 3462 3461 3474
f 3487 3488 3473
f 3474 3473 3488
f 3501 3502 3487
f 3488 3487 3502
f 3515 3516 3501
f 3502 3501 3516
f 3529 3522 3516
f 3516 3515 3529
f 3536 3534 3529
f 3522 3529 3534
f 3547 3545 3534
f 3534 3536 3547
f 3553 3554 3545
f 3545 3547 3553
f 3563 3564 3554
f 3554 3553 3563
f 3574 3575 3564
f 3564 3563 3574
f 3577 3586 3575
f 3575 3574 3577
f 3579 3587 3586
f 3586 3577 3579
f 3589 3590 3587
f 3587 3579 3589
f 3599 3600 3589
f 3590 3589 3600
f 3609 3610 3599
f 3600 3599 3610
f 3617 3616 3609
f 3610 3609 3616
f 3619 3620 3617
f 3616 3617 3620
f 3626 3627 3620
f 3620 3619 3626
f 3633 3634 3626
f 3627 3626 3634
f 3640 3641 3633
f 3634 3633 3641
f 3647 3644 3640
f 3641 3640 3644
f 3652 3650 3647
f 3644 3647 3650
f 3656 3654 3650
f 3650 3652 3656
f 3660 3659 3656
f 3654 3656 3659
f 3406 3407 429
f 413 429 3407
f 3663 3659 3664
f 3660 3664 3659
f 3649 3648 3650
f 3650 3654 3649
f 3643 3642 3648
f 3648 3649 3643
f 3637 3636 3642
f 3642 3643 3637
f 3630 3629 3637
f 3636 3637 3629
f 3623 3622 3630
f 3629 3630 3622
f 3614 3613 3623
f 3622 3623 3613
f 3605 3604 3614
f 3613 3614 3604
f 3595 3594 3605
f 3604 3605 3594
f 3584 3583 3595
f 3594 3595 3583
f 3572 3571 3584
f 3583 3584 3571
f 3560 3559 3572
f 3571 3572 3559
f 3550 3549 3560
f 3559 3560 3549
f 3539 3538 3550
f 3549 3550 3538
f 3526 3525 3539
f 3538 3539 3525
f 3513 3512 3526
f 3525 3526 3512
f 3504 3499 3513
f 3512 3513 3499
f 3492 3491 3499
f 3499 3504 3492
f 3477 3491 3478
f 3492 3478 3491
f 3411 3415 3410
f 3414 3410 3415
f 3413 3416 3415
f 3415 3411 3413
f 3419 3420 3416
f 3416 3413 3419
f 3426 3427 3420
f 3420 3419 3426
f 3435 3436 3426
f 3427 3426 3436
f 3444 3442 3436
f 3436 3435 3444
f 3454 3455 3444
f 3442 3444 3455
f 3462 3466 3454
f 3455 3454 3466
f 3474 3475 3466
f 3466 3462 3474
f 3488 3489 3474
f 3475 3474 3489
f 3502 3503 3488
f 3489 3488 3503
f 3516 3508 3502
f 3503 3502 3508
f 3522 3520 3516
f 3508 3516 3520
f 3534 3532 3522
f 3520 3522 3532
f 3545 3543 3532
f 3532 3534 3545
f 3554 3555 3545
f 3543 3545 3555
f 3564 3567 3555
f 3555 3554 3564
f 3575 3576 3564
f 3567 3564 3576
f 3586 3580 3576
f 3576 3575 3586
f 3587 3591 3586
f 3580 3586 3591
f 3590 3597 3591
f 3591 3587 3590
f 3600 3601 3590
f 3597 3590 3601
f 3610 3607 3601
f 3601 3600 3610
f 3616 3612 3607
f 3607 3610 3616
f 3620 3621 3616
f 3612 3616 3621
f 3627 3628 3620
f 3621 3620 3628
f 3634 3635 3627
f 3628 3627 3635
f 3629 3628 3635
f 3635 3636 3629
f 3622 3621 3629
f 3628 3629 3621
f 3613 3612 3621
f 3621 3622 3613
f 3604 3603 3613
f 3612 3613 3603
f 3594 3593 3604
f 3603 3604 3593
f 3583 3582 3594
f 3593 3594 3582
f 3571 3570 3583
f 3582 3583 3570
f 3559 3558 3571
f 3570 3571 3558
f 3549 3548 3559
f 3558 3559 3548
f 3538 3537 3549
f 3548 3549 3537
f 3525 3524 3538
f 3537 3538 3524
f 3512 3511 3525
f 3524 3525 3511
f 3499 3498 3512
f 3511 3512 3498
f 3491 3485 3498
f 3498 3499 3491
f 3477 3476 3491
f 3485 3491 3476
f 3464 3465 3476
f 3476 3477 3464
f 3453 3463 3465
f 3465 3464 3453
f 3452 3458 3463
f 3463 3453 3452
f 3446 3447 3458
f 3458 3452 3446
f 3438 3439 3447
f 3447 3446 3438
f 3430 3431 3439
f 3439 3438 3430
f 3422 3429 3431
f 3431 3430 3422
f 3414 3415 3416
f 3416 3421 3414
f 3648 3642 3644
f 3644 3650 3648
f 3603 3602 3607
f 3607 3612 3603
f 3593 3592 3602
f 3602 3603 3593
f 3582 3581 3592
f 3592 3593 3582
f 3570 3569 3581
f 3581 3582 3570
f 3558 3557 3570
f 3569 3570 3557
f 3548 3546 3558
f 3557 3558 3546
f 3537 3535 3548
f 3546 3548 3535
f 3524 3523 3537
f 3535 3537 3523
f 3511 3510 3524
f 3523 3524 3510
f 3498 3497 3511
f 3510 3511 3497
f 3485 3484 3497
f 3497 3498 3485
f 3470 3484 3476
f 3485 3476 3484
f 3421 3423 3422
f 3429 3422 3423
f 3420 3423 3416
f 3421 3416 3423
f 3427 3428 3420
f 3423 3420 3428
f 3592 3591 3597
f 3597 3602 3592
f 3581 3580 3591
f 3591 3592 3581
f 3569 3568 3580
f 3580 3581 3569
f 3557 3556 3568
f 3568 3569 3557
f 3546 3544 3556
f 3556 3557 3546
f 3535 3533 3544
f 3544 3546 3535
f 3523 3521 3535
f 3533 3535 3521
f 3510 3509 3523
f 3521 3523 3509
f 3497 3496 3510
f 3509 3510 3496
f 3484 3483 3497
f 3496 3497 3483
f 3568 3567 3576
f 3576 3580 3568
f 3556 3555 3567
f 3567 3568 3556
f 3544 3543 3555
f 3555 3556 3544
f 3533 3531 3544
f 3543 3544 3531
f 3521 3519 3531
f 3531 3533 3521
f 3509 3507 3521
f 3519 3521 3507
f 3496 3495 3509
f 3507 3509 3495
f 3483 3482 3496
f 3495 3496 3482
f 3483 3471 3469
f 3469 3482 3483
f 3470 3471 3483
f 3483 3484 3470
f 3531 3530 3532
f 3532 3543 3531
f 3519 3518 3530
f 3530 3531 3519
f 3507 3506 3519
f 3518 3519 3506
f 3495 3494 3506
f 3506 3507 3495
f 3482 3481 3495
f 3494 3495 3481
f 3469 3468 3482
f 3481 3482 3468
f 3469 3459 3457
f 3457 3468 3469
f 3470 3463 3471
f 3458 3471 3463
f 3641 3636 3635
f 3635 3634 3641
f 3641 3644 3642
f 3642 3636 3641
f 3428 3432 3429
f 3429 3423 3428
f 3436 3432 3428
f 3428 3427 3436
f 3442 3437 3436
f 3432 3436 3437
f 3455 3456 3445
f 3445 3442 3455
f 3466 3467 3455
f 3456 3455 3467
f 3475 3480 3466
f 3467 3466 3480
f 3468 3467 3481
f 3480 3481 3467
f 3457 3456 3468
f 3467 3468 3456
f 3457 3449 3456
f 3445 3456 3449
f 3459 3448 3449
f 3449 3457 3459
f 3439 3440 3448
f 3448 3447 3439
f 3429 3432 3437
f 3437 3431 3429
f 3440 3445 3449
f 3449 3448 3440
f 3440 3439 3431
f 3431 3437 3440
f 3530 3518 3520
f 3520 3532 3530
f 3459 3458 3447
f 3447 3448 3459
f 3459 3469 3471
f 3471 3458 3459
f 3489 3490 3475
f 3480 3475 3490
f 3481 3480 3490
f 3490 3494 3481
f 3503 3494 3490
f 3490 3489 3503
f 3508 3506 3503
f 3494 3503 3506
f 3508 3520 3518
f 3518 3506 3508
f 3445 3440 3437
f 3437 3442 3445
f 3602 3597 3601
f 3601 3607 3602
f 3470 3476 3465
f 3465 3463 3470
f 1293 3676 3673
f 3673 1287 1293
f 1299 3677 1293
f 3676 1293 3677
f 1305 3680 1299
f 3677 1299 3680
f 1311 3685 3680
f 3680 1305 1311
f 1317 3692 3685
f 3685 1311 1317
f 1323 3699 3692
f 3692 1317 1323
f 1330 3708 3699
f 3699 1323 1330
f 1337 3718 3708
f 3708 1330 1337
f 1341 3730 3718
f 3718 1337 1341
f 1345 3731 3730
f 3730 1341 1345
f 1349 3732 3731
f 3731 1345 1349
f 1353 3733 3732
f 3732 1349 1353
f 1357 3734 3733
f 3733 1353 1357
f 1361 3735 3734
f 3734 1357 1361
f 1365 3736 3735
f 3735 1361 1365
f 1369 3737 3736
f 3736 1365 1369
f 1374 3738 3737
f 3737 1369 1374
f 1377 3739 3738
f 3738 1374 1377
f 1381 3740 1377
f 3739 1377 3740
f 3741 3740 1381
f 1381 1387 3741
f 3763 3762 3740
f 3740 3741 3763
f 3764 3787 3762
f 3762 3763 3764
f 3765 3788 3787
f 3787 3764 3765
f 3766 3789 3788
f 3788 3765 3766
f 3790 3791 3789
f 3789 3766 3790
f 3814 3815 3791
f 3791 3790 3814
f 3834 3835 3815
f 3815 3814 3834
f 3852 3853 3835
f 3835 3834 3852
f 3868 3869 3852
f 3853 3852 3869
f 3884 3885 3868
f 3869 3868 3885
f 3900 3901 3884
f 3885 3884 3901
f 3913 3914 3900
f 3901 3900 3914
f 3924 3925 3913
f 3914 3913 3925
f 3933 3931 3924
f 3925 3924 3931
f 3938 3939 3933
f 3931 3933 3939
f 3945 3944 3938
f 3939 3938 3944
f 3949 3948 3945
f 3944 3945 3948
f 3953 3952 3949
f 3948 3949 3952
f 3955 3954 3952
f 3952 3953 3955
f 3956 3957 3955
f 3954 3955 3957
f 3958 3959 3956
f 3957 3956 3959
f 316 3957 319
f 3959 319 3957
f 304 3954 316
f 3957 316 3954
f 294 3951 304
f 3954 304 3951
f 290 3947 294
f 3951 294 3947
f 285 3942 290
f 3947 290 3942
f 3479 3935 285
f 3942 285 3935
f 3493 3928 3479
f 3935 3479 3928
f 3505 3919 3493
f 3928 3493 3919
f 3517 3908 3505
f 3919 3505 3908
f 3527 3895 3517
f 3908 3517 3895
f 3540 3894 3527
f 3895 3527 3894
f 3551 3880 3540
f 3894 3540 3880
f 3561 3863 3551
f 3880 3551 3863
f 3573 3845 3561
f 3863 3561 3845
f 3585 3826 3573
f 3845 3573 3826
f 3596 3804 3585
f 3826 3585 3804
f 3606 3803 3596
f 3804 3596 3803
f 3615 3802 3606
f 3803 3606 3802
f 3624 3776 3615
f 3802 3615 3776
f 3631 3750 3624
f 3776 3624 3750
f 3638 3727 3631
f 3750 3631 3727
f 3645 3716 3638
f 3727 3638 3716
f 3651 3707 3645
f 3716 3645 3707
f 3655 3706 3651
f 3707 3651 3706
f 3658 3696 3706
f 3706 3655 3658
f 3662 3688 3696
f 3696 3658 3662
f 3666 3682 3688
f 3688 3662 3666
f 3670 3678 3682
f 3682 3666 3670
f 3676 3678 3670
f 3670 3673 3676
f 334 3963 3962
f 3962 320 334
f 3951 3950 3954
f 3952 3954 3950
f 3947 3946 3950
f 3950 3951 3947
f 3942 3941 3947
f 3946 3947 3941
f 3935 3934 3941
f 3941 3942 3935
f 3928 3927 3935
f 3934 3935 3927
f 3919 3918 3928
f 3927 3928 3918
f 3908 3907 3919
f 3918 3919 3907
f 3895 3893 3908
f 3907 3908 3893
f 3894 3881 3895
f 3893 3895 3881
f 3880 3879 3894
f 3881 3894 3879
f 3863 3862 3880
f 3879 3880 3862
f 3845 3844 3863
f 3862 3863 3844
f 3826 3824 3845
f 3844 3845 3824
f 3804 3801 3826
f 3824 3826 3801
f 3803 3778 3801
f 3801 3804 3803
f 3802 3777 3778
f 3778 3803 3802
f 3776 3775 3777
f 3777 3802 3776
f 3750 3749 3775
f 3775 3776 3750
f 3727 3726 3749
f 3749 3750 3727
f 3716 3714 3726
f 3726 3727 3716
f 3707 3704 3716
f 3714 3716 3704
f 3706 3698 3704
f 3704 3707 3706
f 3696 3697 3698
f 3698 3706 3696
f 3688 3689 3697
f 3697 3696 3688
f 3682 3683 3689
f 3689 3688 3682
f 3678 3679 3682
f 3683 3682 3679
f 3677 3679 3678
f 3678 3676 3677
f 3762 3761 3740
f 3739 3740 3761
f 3787 3786 3762
f 3761 3762 3786
f 3788 3811 3786
f 3786 3787 3788
f 3789 3812 3811
f 3811 3788 3789
f 3791 3813 3812
f 3812 3789 3791
f 3815 3816 3813
f 3813 3791 3815
f 3835 3836 3816
f 3816 3815 3835
f 3853 3854 3836
f 3836 3835 3853
f 3869 3870 3854
f 3854 3853 3869
f 3885 3886 3870
f 3870 3869 3885
f 3901 3902 3886
f 3886 3885 3901
f 3914 3915 3902
f 3902 3901 3914
f 3925 3922 3914
f 3915 3914 3922
f 3931 3932 3922
f 3922 3925 3931
f 3939 3937 3931
f 3932 3931 3937
f 3944 3943 3939
f 3937 3939 3943
f 3960 3962 3963
f 3963 3961 3960
f 3680 3681 3677
f 3679 3677 3681
f 3685 3686 3680
f 3681 3680 3686
f 3692 3693 3685
f 3686 3685 3693
f 3699 3700 3692
f 3693 3692 3700
f 3708 3709 3699
f 3700 3699 3709
f 3718 3719 3708
f 3709 3708 3719
f 3730 3742 3718
f 3719 3718 3742
f 3731 3753 3730
f 3742 3730 3753
f 3732 3754 3731
f 3753 3731 3754
f 3733 3755 3732
f 3754 3732 3755
f 3734 3756 3755
f 3755 3733 3734
f 3735 3757 3756
f 3756 3734 3735
f 3736 3758 3757
f 3757 3735 3736
f 3737 3759 3758
f 3758 3736 3737
f 3738 3760 3737
f 3759 3737 3760
f 3761 3760 3739
f 3738 3739 3760
f 3786 3785 3761
f 3760 3761 3785
f 3811 3810 3786
f 3785 3786 3810
f 3812 3831 3810
f 3810 3811 3812
f 3813 3832 3831
f 3831 3812 3813
f 3816 3833 3832
f 3832 3813 3816
f 3836 3837 3833
f 3833 3816 3836
f 3854 3855 3837
f 3837 3836 3854
f 3870 3871 3855
f 3855 3854 3870
f 3886 3887 3871
f 3871 3870 3886
f 3902 3903 3887
f 3887 3886 3902
f 3915 3911 3903
f 3903 3902 3915
f 3922 3923 3915
f 3911 3915 3923
f 3932 3930 3922
f 3923 3922 3930
f 3937 3936 3932
f 3930 3932 3936
f 3943 3940 3937
f 3936 3937 3940
f 3941 3940 3943
f 3943 3946 3941
f 3681 3684 3683
f 3683 3679 3681
f 3686 3687 3684
f 3684 3681 3686
f 3693 3694 3686
f 3687 3686 3694
f 3700 3701 3693
f 3694 3693 3701
f 3709 3710 3700
f 3701 3700 3710
f 3719 3720 3709
f 3710 3709 3720
f 3742 3743 3719
f 3720 3719 3743
f 3753 3767 3742
f 3743 3742 3767
f 3754 3779 3753
f 3767 3753 3779
f 3755 3780 3754
f 3779 3754 3780
f 3756 3781 3755
f 3780 3755 3781
f 3757 3782 3756
f 3781 3756 3782
f 3758 3783 3757
f 3782 3757 3783
f 3759 3784 3758
f 3783 3758 3784
f 3785 3784 3760
f 3759 3760 3784
f 3684 3690 3683
f 3689 3683 3690
f 3687 3691 3690
f 3690 3684 3687
f 3694 3695 3687
f 3691 3687 3695
f 3701 3702 3694
f 3695 3694 3702
f 3710 3711 3701
f 3702 3701 3711
f 3720 3721 3710
f 3711 3710 3721
f 3743 3744 3720
f 3721 3720 3744
f 3767 3768 3743
f 3744 3743 3768
f 3779 3792 3767
f 3768 3767 3792
f 3780 3805 3779
f 3792 3779 3805
f 3781 3806 3780
f 3805 3780 3806
f 3782 3807 3781
f 3806 3781 3807
f 3783 3808 3807
f 3807 3782 3783
f 3784 3809 3783
f 3808 3783 3809
f 3810 3809 3784
f 3784 3785 3810
f 3948 3946 3943
f 3943 3944 3948
f 3948 3952 3950
f 3950 3946 3948
f 3961 3959 3958
f 3958 3960 3961
f 3961 332 3959
f 319 3959 332
f 3831 3830 3809
f 3809 3810 3831
f 3832 3849 3830
f 3830 3831 3832
f 3833 3850 3849
f 3849 3832 3833
f 3837 3851 3850
f 3850 3833 3837
f 3855 3856 3851
f 3851 3837 3855
f 3871 3872 3856
f 3856 3855 3871
f 3887 3888 3872
f 3872 3871 3887
f 3903 3898 3888
f 3888 3887 3903
f 3911 3912 3903
f 3898 3903 3912
f 3923 3921 3911
f 3912 3911 3921
f 3930 3929 3923
f 3921 3923 3929
f 3940 3941 3936
f 3934 3936 3941
f 3930 3936 3929
f 3934 3929 3936
f 3689 3690 3697
f 3691 3697 3690
f 3927 3926 3929
f 3929 3934 3927
f 3918 3917 3926
f 3926 3927 3918
f 3907 3906 3917
f 3917 3918 3907
f 3893 3892 3906
f 3906 3907 3893
f 3881 3878 3892
f 3892 3893 3881
f 3879 3864 3878
f 3878 3881 3879
f 3862 3861 3864
f 3864 3879 3862
f 3844 3843 3861
f 3861 3862 3844
f 3824 3823 3843
f 3843 3844 3824
f 3801 3799 3823
f 3823 3824 3801
f 3778 3774 3799
f 3799 3801 3778
f 3777 3752 3774
f 3774 3778 3777
f 3775 3751 3752
f 3752 3777 3775
f 3749 3748 3751
f 3751 3775 3749
f 3726 3725 3748
f 3748 3749 3726
f 3714 3713 3725
f 3725 3726 3714
f 3704 3703 3714
f 3713 3714 3703
f 3698 3695 3703
f 3703 3704 3698
f 3691 3695 3698
f 3698 3697 3691
f 3702 3705 3703
f 3703 3695 3702
f 3711 3712 3705
f 3705 3702 3711
f 3721 3722 3712
f 3712 3711 3721
f 3744 3745 3721
f 3722 3721 3745
f 3768 3769 3744
f 3745 3744 3769
f 3792 3793 3768
f 3769 3768 3793
f 3805 3817 3792
f 3793 3792 3817
f 3806 3827 3805
f 3817 3805 3827
f 3807 3828 3806
f 3827 3806 3828
f 3808 3829 3807
f 3828 3807 3829
f 3830 3829 3809
f 3808 3809 3829
f 3849 3848 3830
f 3829 3830 3848
f 3850 3865 3848
f 3848 3849 3850
f 3851 3866 3865
f 3865 3850 3851
f 3856 3867 3866
f 3866 3851 3856
f 3872 3873 3856
f 3867 3856 3873
f 3888 3883 3873
f 3873 3872 3888
f 3898 3899 3883
f 3883 3888 3898
f 3912 3910 3899
f 3899 3898 3912
f 3921 3920 3912
f 3910 3912 3920
f 3926 3920 3921
f 3921 3929 3926
f 3917 3916 3920
f 3920 3926 3917
f 3906 3905 3916
f 3916 3917 3906
f 3892 3891 3905
f 3905 3906 3892
f 3878 3877 3891
f 3891 3892 3878
f 3864 3860 3877
f 3877 3878 3864
f 3861 3846 3860
f 3860 3864 3861
f 3843 3842 3846
f 3846 3861 3843
f 3823 3822 3842
f 3842 3843 3823
f 3799 3798 3822
f 3822 3823 3799
f 3774 3772 3798
f 3798 3799 3774
f 3752 3747 3772
f 3772 3774 3752
f 3751 3729 3747
f 3747 3752 3751
f 3748 3728 3751
f 3729 3751 3728
f 3725 3724 3748
f 3728 3748 3724
f 3722 3723 3717
f 3717 3712 3722
f 3745 3746 3723
f 3723 3722 3745
f 3769 3770 3745
f 3746 3745 3770
f 3793 3794 3769
f 3770 3769 3794
f 3817 3818 3793
f 3794 3793 3818
f 3827 3838 3817
f 3818 3817 3838
f 3828 3847 3827
f 3838 3827 3847
f 3848 3847 3829
f 3828 3829 3847
f 3916 3909 3910
f 3910 3920 3916
f 3905 3904 3909
f 3909 3916 3905
f 3891 3890 3904
f 3904 3905 3891
f 3877 3876 3890
f 3890 3891 3877
f 3860 3859 3876
f 3876 3877 3860
f 3846 3841 3859
f 3859 3860 3846
f 3842 3825 3841
f 3841 3846 3842
f 3822 3821 3825
f 3825 3842 3822
f 3798 3797 3821
f 3821 3822 3798
f 3772 3771 3798
f 3797 3798 3771
f 3747 3746 3771
f 3771 3772 3747
f 3770 3773 3771
f 3771 3746 3770
f 3794 3795 3773
f 3773 3770 3794
f 3818 3819 3794
f 3795 3794 3819
f 3838 3839 3818
f 3819 3818 3839
f 3847 3857 3839
f 3839 3838 3847
f 3865 3857 3847
f 3847 3848 3865
f 3909 3897 3910
f 3899 3910 3897
f 3904 3896 3897
f 3897 3909 3904
f 3890 3889 3896
f 3896 3904 3890
f 3876 3875 3889
f 3889 3890 3876
f 3859 3858 3875
f 3875 3876 3859
f 3841 3840 3858
f 3858 3859 3841
f 3825 3820 3840
f 3840 3841 3825
f 3821 3800 3820
f 3820 3825 3821
f 3819 3820 3800
f 3800 3795 3819
f 3839 3840 3819
f 3820 3819 3840
f 3866 3874 3857
f 3857 3865 3866
f 3857 3858 3839
f 3840 3839 3858
f 3874 3875 3858
f 3858 3857 3874
f 3882 3874 3867
f 3866 3867 3874
f 3882 3889 3875
f 3875 3874 3882
f 3873 3883 3882
f 3882 3867 3873
f 3896 3883 3899
f 3899 3897 3896
f 3896 3889 3883
f 3882 3883 3889
f 3796 3773 3795
f 3795 3800 3796
f 3796 3797 3771
f 3771 3773 3796
f 3723 3729 3717
f 3728 3717 3729
f 3723 3746 3747
f 3747 3729 3723
f 3715 3705 3712
f 3712 3717 3715
f 3715 3713 3705
f 3703 3705 3713
f 332 3961 3963
f 3963 334 332
f 3725 3713 3724
f 3715 3724 3713
f 3821 3797 3796
f 3796 3800 3821
f 3717 3728 3724
f 3724 3715 3717
f 2471 3964 2433
f 3971 2433 3964
f 3964 3965 3971
f 3972 3971 3965
f 3965 3966 3972
f 3973 3972 3966
f 3966 3967 3973
f 3974 3973 3967
f 3967 3968 3974
f 3975 3974 3968
f 3968 3969 3975
f 3976 3975 3969
f 3969 3970 3976
f 3977 3976 3970
f 3970 3441 3977
f 3433 3977 3441
f 2433 3971 2393
f 3978 2393 3971
f 3971 3972 3978
f 3979 3978 3972
f 3972 3973 3979
f 3980 3979 3973
f 3973 3974 3980
f 3981 3980 3974
f 3974 3975 3981
f 3982 3981 3975
f 3975 3976 3982
f 3983 3982 3976
f 3976 3977 3983
f 3984 3983 3977
f 3977 3433 3984
f 3424 3984 3433
f 2393 3978 2353
f 3985 2353 3978
f 3978 3979 3985
f 3986 3985 3979
f 3979 3980 3986
f 3987 3986 3980
f 3980 3981 3987
f 3988 3987 3981
f 3981 3982 3988
f 3989 3988 3982
f 3982 3983 3989
f 3990 3989 3983
f 3983 3984 3990
f 3991 3990 3984
f 3984 3424 3991
f 3417 3991 3424
f 2353 3985 237
f 249 237 3985
f 3985 3986 249
f 259 249 3986
f 3986 3987 259
f 267 259 3987
f 3987 3988 267
f 273 267 3988
f 3988 3989 273
f 274 273 3989
f 3989 3990 274
f 275 274 3990
f 3990 3991 275
f 276 275 3991
f 3991 3417 276
f 277 276 3417
f 603 629 3993
f 3993 3992 603
f 629 655 3994
f 3994 3993 629
f 655 691 3994
f 1783 3994 691
f 3992 3993 3996
f 3996 3995 3992
f 3993 3994 3997
f 3997 3996 3993
f 3994 1783 3997
f 1779 3997 1783
f 3995 3996 3999
f 3999 3998 3995
f 3996 3997 4000
f 4000 3999 3996
f 3997 1779 4000
f 1775 4000 1779
f 3998 3999 4002
f 4002 4001 3998
f 3999 4000 4003
f 4003 4002 3999
f 4000 1775 4003
f 1771 4003 1775
f 4001 4002 4005
f 4005 4004 4001
f 4002 4003 4006
f 4006 4005 4002
f 4003 1771 4006
f 1767 4006 1771
f 4004 4005 4008
f 4008 4007 4004
f 4005 4006 4009
f 4009 4008 4005
f 4006 1767 4009
f 1763 4009 1767
f 4007 4008 4011
f 4011 4012 4007
f 4008 4009 4010
f 4010 4011 4008
f 4009 1763 4010
f 1759 4010 1763
f 4012 4011 4014
f 4014 4015 4012
f 4011 4010 4013
f 4013 4014 4011
f 4010 1759 4013
f 1757 4013 1759
f 4015 4014 4017
f 4017 4016 4015
f 4014 4013 4018
f 4018 4017 4014
f 4013 1757 4018
f 1752 4018 1757
f 4016 4017 4020
f 4020 4019 4016
f 4017 4018 4021
f 4021 4020 4017
f 4018 1752 4021
f 1747 4021 1752
f 4019 4020 4023
f 4023 4022 4019
f 4020 4021 4024
f 4024 4023 4020
f 4021 1747 4024
f 1742 4024 1747
f 4022 4023 4026
f 4026 4025 4022
f 4023 4024 4027
f 4027 4026 4023
f 4024 1742 4027
f 1735 4027 1742
f 4025 4026 4029
f 4029 4028 4025
f 4026 4027 4030
f 4030 4029 4026
f 4027 1735 4030
f 1728 4030 1735
f 4028 4029 4032
f 4032 4031 4028
f 4029 4030 4033
f 4033 4032 4029
f 4030 1728 4033
f 1721 4033 1728
f 4031 4032 4035
f 4035 4034 4031
f 4032 4033 4036
f 4036 4035 4032
f 4033 1721 4036
f 1711 4036 1721
f 4034 4035 4038
f 4038 4037 4034
f 4035 4036 4039
f 4039 4038 4035
f 4036 1711 4039
f 1701 4039 1711
f 4037 4038 4041
f 4041 4040 4037
f 4038 4039 4042
f 4042 4041 4038
f 4039 1701 4042
f 1691 4042 1701
f 4040 4041 4044
f 4044 4043 4040
f 4041 4042 4045
f 4045 4044 4041
f 4042 1691 4045
f 1681 4045 1691
f 4043 4044 4047
f 4047 4046 4043
f 4044 4045 4048
f 4048 4047 4044
f 4045 1681 4048
f 1669 4048 1681
f 4046 4047 4050
f 4050 4049 4046
f 4047 4048 4051
f 4051 4050 4047
f 4048 1669 4051
f 1655 4051 1669
f 4049 4050 4053
f 4053 4052 4049
f 4050 4051 4054
f 4054 4053 4050
f 4051 1655 4054
f 1654 4054 1655
f 4052 4053 4056
f 4056 4055 4052
f 4053 4054 4057
f 4057 4056 4053
f 4054 1654 4057
f 1638 4057 1654
f 4055 4056 2143
f 2143 2142 4055
f 4056 4057 2144
f 2144 2143 4056
f 4057 1638 2144
f 1620 2144 1638
f 548 547 4059
f 4059 4058 548
f 547 557 4060
f 4060 4059 547
f 557 580 4061
f 4061 4060 557
f 580 603 3992
f 3992 4061 580
f 4058 4059 4063
f 4063 4062 4058
f 4059 4060 4064
f 4064 4063 4059
f 4060 4061 4065
f 4065 4064 4060
f 4061 3992 3995
f 3995 4065 4061
f 4062 4063 4067
f 4067 4066 4062
f 4063 4064 4068
f 4068 4067 4063
f 4064 4065 4069
f 4069 4068 4064
f 4065 3995 3998
f 3998 4069 4065
f 4066 4067 4071
f 4071 4070 4066
f 4067 4068 4072
f 4072 4071 4067
f 4068 4069 4073
f 4073 4072 4068
f 4069 3998 4001
f 4001 4073 4069
f 4070 4071 4075
f 4075 4074 4070
f 4071 4072 4076
f 4076 4075 4071
f 4072 4073 4077
f 4077 4076 4072
f 4073 4001 4004
f 4004 4077 4073
f 4074 4075 4079
f 4079 4078 4074
f 4075 4076 4080
f 4080 4079 4075
f 4076 4077 4081
f 4081 4080 4076
f 4077 4004 4007
f 4007 4081 4077
f 4078 4079 4083
f 4083 4082 4078
f 4079 4080 4084
f 4084 4083 4079
f 4080 4081 4085
f 4085 4084 4080
f 4081 4007 4012
f 4012 4085 4081
f 4082 4083 4087
f 4087 4086 4082
f 4083 4084 4088
f 4088 4087 4083
f 4084 4085 4089
f 4089 4088 4084
f 4085 4012 4015
f 4015 4089 4085
f 4086 4087 4091
f 4091 4090 4086
f 4087 4088 4092
f 4092 4091 4087
f 4088 4089 4093
f 4093 4092 4088
f 4089 4015 4016
f 4016 4093 4089
f 4090 4091 4095
f 4095 4094 4090
f 4091 4092 4096
f 4096 4095 4091
f 4092 4093 4097
f 4097 4096 4092
f 4093 4016 4019
f 4019 4097 4093
f 4094 4095 4099
f 4099 4098 4094
f 4095 4096 4100
f 4100 4099 4095
f 4096 4097 4101
f 4101 4100 4096
f 4097 4019 4022
f 4022 4101 4097
f 4098 4099 4103
f 4103 4102 4098
f 4099 4100 4104
f 4104 4103 4099
f 4100 4101 4105
f 4105 4104 4100
f 4101 4022 4025
f 4025 4105 4101
f 4102 4103 4107
f 4107 4106 4102
f 4103 4104 4108
f 4108 4107 4103
f 4104 4105 4109
f 4109 4108 4104
f 4105 4025 4028
f 4028 4109 4105
f 4106 4107 4111
f 4111 4110 4106
f 4107 4108 4112
f 4112 4111 4107
f 4108 4109 4113
f 4113 4112 4108
f 4109 4028 4031
f 4031 4113 4109
f 4110 4111 4115
f 4115 4114 4110
f 4111 4112 4116
f 4116 4115 4111
f 4112 4113 4117
f 4117 4116 4112
f 4113 4031 4034
f 4034 4117 4113
f 4114 4115 4119
f 4119 4118 4114
f 4115 4116 4120
f 4120 4119 4115
f 4116 4117 4121
f 4121 4120 4116
f 4117 4034 4037
f 4037 4121 4117
f 4118 4119 4123
f 4123 4122 4118
f 4119 4120 4124
f 4124 4123 4119
f 4120 4121 4125
f 4125 4124 4120
f 4121 4037 4040
f 4040 4125 4121
f 4122 4123 4127
f 4127 4126 4122
f 4123 4124 4128
f 4128 4127 4123
f 4124 4125 4129
f 4129 4128 4124
f 4125 4040 4043
f 4043 4129 4125
f 4126 4127 4131
f 4131 4130 4126
f 4127 4128 4132
f 4132 4131 4127
f 4128 4129 4133
f 4133 4132 4128
f 4129 4043 4046
f 4046 4133 4129
f 4130 4131 4135
f 4135 4134 4130
f 4131 4132 4136
f 4136 4135 4131
f 4132 4133 4137
f 4137 4136 4132
f 4133 4046 4049
f 4049 4137 4133
f 4134 4135 4139
f 4139 4138 4134
f 4135 4136 4140
f 4140 4139 4135
f 4136 4137 4141
f 4141 4140 4136
f 4137 4049 4052
f 4052 4141 4137
f 4138 4139 4143
f 4143 4142 4138
f 4139 4140 4144
f 4144 4143 4139
f 4140 4141 4145
f 4145 4144 4140
f 4141 4052 4055
f 4055 4145 4141
f 4142 4143 2061
f 2061 2023 4142
f 4143 4144 2102
f 2102 2061 4143
f 4144 4145 2141
f 2141 2102 4144
f 4145 4055 2142
f 2142 2141 4145
f 554 553 4147
f 4147 4146 554
f 553 552 4148
f 4148 4147 553
f 552 551 4149
f 4149 4148 552
f 551 550 4150
f 4150 4149 551
f 550 549 4151
f 4151 4150 550
f 549 548 4058
f 4058 4151 549
f 4146 4147 4153
f 4153 4152 4146
f 4147 4148 4154
f 4154 4153 4147
f 4148 4149 4155
f 4155 4154 4148
f 4149 4150 4156
f 4156 4155 4149
f 4150 4151 4157
f 4157 4156 4150
f 4151 4058 4062
f 4062 4157 4151
f 4152 4153 4159
f 4159 4158 4152
f 4153 4154 4160
f 4160 4159 4153
f 4154 4155 4161
f 4161 4160 4154
f 4155 4156 4162
f 4162 4161 4155
f 4156 4157 4163
f 4163 4162 4156
f 4157 4062 4066
f 4066 4163 4157
f 4158 4159 4165
f 4165 4164 4158
f 4159 4160 4166
f 4166 4165 4159
f 4160 4161 4167
f 4167 4166 4160
f 4161 4162 4168
f 4168 4167 4161
f 4162 4163 4169
f 4169 4168 4162
f 4163 4066 4070
f 4070 4169 4163
f 4164 4165 4171
f 4171 4170 4164
f 4165 4166 4172
f 4172 4171 4165
f 4166 4167 4173
f 4173 4172 4166
f 4167 4168 4174
f 4174 4173 4167
f 4168 4169 4175
f 4175 4174 4168
f 4169 4070 4074
f 4074 4175 4169
f 4170 4171 4177
f 4177 4176 4170
f 4171 4172 4178
f 4178 4177 4171
f 4172 4173 4179
f 4179 4178 4172
f 4173 4174 4180
f 4180 4179 4173
f 4174 4175 4181
f 4181 4180 4174
f 4175 4074 4078
f 4078 4181 4175
f 4176 4177 4183
f 4183 4182 4176
f 4177 4178 4184
f 4184 4183 4177
f 4178 4179 4185
f 4185 4184 4178
f 4179 4180 4186
f 4186 4185 4179
f 4180 4181 4187
f 4187 4186 4180
f 4181 4078 4082
f 4082 4187 4181
f 4182 4183 4189
f 4189 4188 4182
f 4183 4184 4190
f 4190 4189 4183
f 4184 4185 4191
f 4191 4190 4184
f 4185 4186 4192
f 4192 4191 4185
f 4186 4187 4193
f 4193 4192 4186
f 4187 4082 4086
f 4086 4193 4187
f 4188 4189 4195
f 4195 4194 4188
f 4189 4190 4196
f 4196 4195 4189
f 4190 4191 4197
f 4197 4196 4190
f 4191 4192 4198
f 4198 4197 4191
f 4192 4193 4199
f 4199 4198 4192
f 4193 4086 4090
f 4090 4199 4193
f 4194 4195 4201
f 4201 4200 4194
f 4195 4196 4202
f 4202 4201 4195
f 4196 4197 4203
f 4203 4202 4196
f 4197 4198 4204
f 4204 4203 4197
f 4198 4199 4205
f 4205 4204 4198
f 4199 4090 4094
f 4094 4205 4199
f 4200 4201 4207
f 4207 4206 4200
f 4201 4202 4208
f 4208 4207 4201
f 4202 4203 4209
f 4209 4208 4202
f 4203 4204 4210
f 4210 4209 4203
f 4204 4205 4211
f 4211 4210 4204
f 4205 4094 4098
f 4098 4211 4205
f 4206 4207 4213
f 4213 4212 4206
f 4207 4208 4214
f 4214 4213 4207
f 4208 4209 4215
f 4215 4214 4208
f 4209 4210 4216
f 4216 4215 4209
f 4210 4211 4217
f 4217 4216 4210
f 4211 4098 4102
f 4102 4217 4211
f 4212 4213 4219
f 4219 4218 4212
f 4213 4214 4220
f 4220 4219 4213
f 4214 4215 4221
f 4221 4220 4214
f 4215 4216 4222
f 4222 4221 4215
f 4216 4217 4223
f 4223 4222 4216
f 4217 4102 4106
f 4106 4223 4217
f 4218 4219 4225
f 4225 4224 4218
f 4219 4220 4226
f 4226 4225 4219
f 4220 4221 4227
f 4227 4226 4220
f 4221 4222 4228
f 4228 4227 4221
f 4222 4223 4229
f 4229 4228 4222
f 4223 4106 4110
f 4110 4229 4223
f 4224 4225 4231
f 4231 4230 4224
f 4225 4226 4232
f 4232 4231 4225
f 4226 4227 4233
f 4233 4232 4226
f 4227 4228 4234
f 4234 4233 4227
f 4228 4229 4235
f 4235 4234 4228
f 4229 4110 4114
f 4114 4235 4229
f 4230 4231 4237
f 4237 4236 4230
f 4231 4232 4238
f 4238 4237 4231
f 4232 4233 4239
f 4239 4238 4232
f 4233 4234 4240
f 4240 4239 4233
f 4234 4235 4241
f 4241 4240 4234
f 4235 4114 4118
f 4118 4241 4235
f 4236 4237 4243
f 4243 4242 4236
f 4237 4238 4244
f 4244 4243 4237
f 4238 4239 4245
f 4245 4244 4238
f 4239 4240 4246
f 4246 4245 4239
f 4240 4241 4247
f 4247 4246 4240
f 4241 4118 4122
f 4122 4247 4241
f 4242 4243 4249
f 4249 4248 4242
f 4243 4244 4250
f 4250 4249 4243
f 4244 4245 4251
f 4251 4250 4244
f 4245 4246 4252
f 4252 4251 4245
f 4246 4247 4253
f 4253 4252 4246
f 4247 4122 4126
f 4126 4253 4247
f 4248 4249 4255
f 4255 4254 4248
f 4249 4250 4256
f 4256 4255 4249
f 4250 4251 4257
f 4257 4256 4250
f 4251 4252 4258
f 4258 4257 4251
f 4252 4253 4259
f 4259 4258 4252
f 4253 4126 4130
f 4130 4259 4253
f 4254 4255 4261
f 4261 4260 4254
f 4255 4256 4262
f 4262 4261 4255
f 4256 4257 4263
f 4263 4262 4256
f 4257 4258 4264
f 4264 4263 4257
f 4258 4259 4265
f 4265 4264 4258
f 4259 4130 4134
f 4134 4265 4259
f 4260 4261 4267
f 4267 4266 4260
f 4261 4262 4268
f 4268 4267 4261
f 4262 4263 4269
f 4269 4268 4262
f 4263 4264 4270
f 4270 4269 4263
f 4264 4265 4271
f 4271 4270 4264
f 4265 4134 4138
f 4138 4271 4265
f 4266 4267 4273
f 4273 4272 4266
f 4267 4268 4274
f 4274 4273 4267
f 4268 4269 4275
f 4275 4274 4268
f 4269 4270 4276
f 4276 4275 4269
f 4270 4271 4277
f 4277 4276 4270
f 4271 4138 4142
f 4142 4277 4271
f 4272 4273 1913
f 1913 1908 4272
f 4273 4274 1920
f 1920 1913 4273
f 4274 4275 1937
f 1937 1920 4274
f 4275 4276 1959
f 1959 1937 4275
f 4276 4277 1984
f 1984 1959 4276
f 4277 4142 2023
f 2023 1984 4277
f 590 567 4279
f 4279 4278 590
f 567 556 4280
f 4280 4279 567
f 556 555 4281
f 4281 4280 556
f 555 554 4146
f 4146 4281 555
f 4278 4279 4283
f 4283 4282 4278
f 4279 4280 4284
f 4284 4283 4279
f 4280 4281 4285
f 4285 4284 4280
f 4281 4146 4152
f 4152 4285 4281
f 4282 4283 4287
f 4287 4286 4282
f 4283 4284 4288
f 4288 4287 4283
f 4284 4285 4289
f 4289 4288 4284
f 4285 4152 4158
f 4158 4289 4285
f 4286 4287 4291
f 4291 4290 4286
f 4287 4288 4292
f 4292 4291 4287
f 4288 4289 4293
f 4293 4292 4288
f 4289 4158 4164
f 4164 4293 4289
f 4290 4291 4295
f 4295 4294 4290
f 4291 4292 4296
f 4296 4295 4291
f 4292 4293 4297
f 4297 4296 4292
f 4293 4164 4170
f 4170 4297 4293
f 4294 4295 4299
f 4299 4298 4294
f 4295 4296 4300
f 4300 4299 4295
f 4296 4297 4301
f 4301 4300 4296
f 4297 4170 4176
f 4176 4301 4297
f 4298 4299 4303
f 4303 4302 4298
f 4299 4300 4304
f 4304 4303 4299
f 4300 4301 4305
f 4305 4304 4300
f 4301 4176 4182
f 4182 4305 4301
f 4302 4303 4307
f 4307 4306 4302
f 4303 4304 4308
f 4308 4307 4303
f 4304 4305 4309
f 4309 4308 4304
f 4305 4182 4188
f 4188 4309 4305
f 4306 4307 4311
f 4311 4310 4306
f 4307 4308 4312
f 4312 4311 4307
f 4308 4309 4313
f 4313 4312 4308
f 4309 4188 4194
f 4194 4313 4309
f 4310 4311 4315
f 4315 4314 4310
f 4311 4312 4316
f 4316 4315 4311
f 4312 4313 4317
f 4317 4316 4312
f 4313 4194 4200
f 4200 4317 4313
f 4314 4315 4319
f 4319 4318 4314
f 4315 4316 4320
f 4320 4319 4315
f 4316 4317 4321
f 4321 4320 4316
f 4317 4200 4206
f 4206 4321 4317
f 4318 4319 4323
f 4323 4322 4318
f 4319 4320 4324
f 4324 4323 4319
f 4320 4321 4325
f 4325 4324 4320
f 4321 4206 4212
f 4212 4325 4321
f 4322 4323 4327
f 4327 4326 4322
f 4323 4324 4328
f 4328 4327 4323
f 4324 4325 4329
f 4329 4328 4324
f 4325 4212 4218
f 4218 4329 4325
f 4326 4327 4331
f 4331 4330 4326
f 4327 4328 4332
f 4332 4331 4327
f 4328 4329 4333
f 4333 4332 4328
f 4329 4218 4224
f 4224 4333 4329
f 4330 4331 4335
f 4335 4334 4330
f 4331 4332 4336
f 4336 4335 4331
f 4332 4333 4337
f 4337 4336 4332
f 4333 4224 4230
f 4230 4337 4333
f 4334 4335 4339
f 4339 4338 4334
f 4335 4336 4340
f 4340 4339 4335
f 4336 4337 4341
f 4341 4340 4336
f 4337 4230 4236
f 4236 4341 4337
f 4338 4339 4343
f 4343 4342 4338
f 4339 4340 4344
f 4344 4343 4339
f 4340 4341 4345
f 4345 4344 4340
f 4341 4236 4242
f 4242 4345 4341
f 4342 4343 4347
f 4347 4346 4342
f 4343 4344 4348
f 4348 4347 4343
f 4344 4345 4349
f 4349 4348 4344
f 4345 4242 4248
f 4248 4349 4345
f 4346 4347 4351
f 4351 4350 4346
f 4347 4348 4352
f 4352 4351 4347
f 4348 4349 4353
f 4353 4352 4348
f 4349 4248 4254
f 4254 4353 4349
f 4350 4351 4355
f 4355 4354 4350
f 4351 4352 4356
f 4356 4355 4351
f 4352 4353 4357
f 4357 4356 4352
f 4353 4254 4260
f 4260 4357 4353
f 4354 4355 4359
f 4359 4358 4354
f 4355 4356 4360
f 4360 4359 4355
f 4356 4357 4361
f 4361 4360 4356
f 4357 4260 4266
f 4266 4361 4357
f 4358 4359 4363
f 4363 4362 4358
f 4359 4360 4364
f 4364 4363 4359
f 4360 4361 4365
f 4365 4364 4360
f 4361 4266 4272
f 4272 4365 4361
f 4362 4363 1919
f 1919 1928 4362
f 4363 4364 1919
f 1912 1919 4364
f 4364 4365 1912
f 1907 1912 4365
f 4365 4272 1907
f 1908 1907 4272
f 1993 4366 4388
f 4388 1973 1993
f 4366 4367 4388
f 4389 4388 4367
f 4367 4368 4389
f 4390 4389 4368
f 4368 4369 4390
f 4391 4390 4369
f 4369 4370 4391
f 4392 4391 4370
f 4370 4371 4392
f 4393 4392 4371
f 4371 4372 4393
f 4394 4393 4372
f 4372 4373 4394
f 4395 4394 4373
f 4373 4374 4395
f 4396 4395 4374
f 4374 4375 4396
f 4397 4396 4375
f 4375 4376 4397
f 4398 4397 4376
f 4376 4377 4398
f 4399 4398 4377
f 4377 4378 4399
f 4400 4399 4378
f 4378 4379 4400
f 4401 4400 4379
f 4379 4380 4401
f 4402 4401 4380
f 4380 4381 4402
f 4403 4402 4381
f 4381 4382 4403
f 4404 4403 4382
f 4382 4383 4404
f 4405 4404 4383
f 4383 4384 4405
f 4406 4405 4384
f 4384 4385 4406
f 4407 4406 4385
f 4385 4386 4407
f 4408 4407 4386
f 4386 4387 4408
f 4409 4408 4387
f 4387 767 4409
f 734 4409 767
f 1973 4388 4410
f 4410 1950 1973
f 4388 4389 4410
f 4411 4410 4389
f 4389 4390 4411
f 4412 4411 4390
f 4390 4391 4412
f 4413 4412 4391
f 4391 4392 4413
f 4414 4413 4392
f 4392 4393 4414
f 4415 4414 4393
f 4393 4394 4415
f 4416 4415 4394
f 4394 4395 4416
f 4417 4416 4395
f 4395 4396 4417
f 4418 4417 4396
f 4396 4397 4418
f 4419 4418 4397
f 4397 4398 4419
f 4420 4419 4398
f 4398 4399 4420
f 4421 4420 4399
f 4399 4400 4421
f 4422 4421 4400
f 4400 4401 4422
f 4423 4422 4401
f 4401 4402 4423
f 4424 4423 4402
f 4402 4403 4424
f 4425 4424 4403
f 4403 4404 4425
f 4426 4425 4404
f 4404 4405 4426
f 4427 4426 4405
f 4405 4406 4427
f 4428 4427 4406
f 4406 4407 4428
f 4429 4428 4407
f 4407 4408 4429
f 4430 4429 4408
f 4408 4409 4430
f 4431 4430 4409
f 4409 734 4431
f 699 4431 734
f 1950 4410 4432
f 4432 1949 1950
f 4410 4411 4432
f 4433 4432 4411
f 4411 4412 4433
f 4434 4433 4412
f 4412 4413 4434
f 4435 4434 4413
f 4413 4414 4435
f 4436 4435 4414
f 4414 4415 4436
f 4437 4436 4415
f 4415 4416 4437
f 4438 4437 4416
f 4416 4417 4438
f 4439 4438 4417
f 4417 4418 4439
f 4440 4439 4418
f 4418 4419 4440
f 4441 4440 4419
f 4419 4420 4441
f 4442 4441 4420
f 4420 4421 4442
f 4443 4442 4421
f 4421 4422 4443
f 4444 4443 4422
f 4422 4423 4444
f 4445 4444 4423
f 4423 4424 4445
f 4446 4445 4424
f 4424 4425 4446
f 4447 4446 4425
f 4425 4426 4447
f 4448 4447 4426
f 4426 4427 4448
f 4449 4448 4427
f 4427 4428 4449
f 4450 4449 4428
f 4428 4429 4450
f 4451 4450 4429
f 4429 4430 4451
f 4452 4451 4430
f 4430 4431 4452
f 4453 4452 4431
f 4431 699 4453
f 663 4453 699
f 1949 4432 4454
f 4454 1948 1949
f 4432 4433 4454
f 4455 4454 4433
f 4433 4434 4455
f 4456 4455 4434
f 4434 4435 4456
f 4457 4456 4435
f 4435 4436 4457
f 4458 4457 4436
f 4436 4437 4458
f 4459 4458 4437
f 4437 4438 4459
f 4460 4459 4438
f 4438 4439 4460
f 4461 4460 4439
f 4439 4440 4461
f 4462 4461 4440
f 4440 4441 4462
f 4463 4462 4441
f 4441 4442 4463
f 4464 4463 4442
f 4442 4443 4464
f 4465 4464 4443
f 4443 4444 4465
f 4466 4465 4444
f 4444 4445 4466
f 4467 4466 4445
f 4445 4446 4467
f 4468 4467 4446
f 4446 4447 4468
f 4469 4468 4447
f 4447 4448 4469
f 4470 4469 4448
f 4448 4449 4470
f 4471 4470 4449
f 4449 4450 4471
f 4472 4471 4450
f 4450 4451 4472
f 4473 4472 4451
f 4451 4452 4473
f 4474 4473 4452
f 4452 4453 4474
f 4475 4474 4453
f 4453 663 4475
f 636 4475 663
f 1948 4454 4476
f 4476 1947 1948
f 4454 4455 4476
f 4477 4476 4455
f 4455 4456 4477
f 4478 4477 4456
f 4456 4457 4478
f 4479 4478 4457
f 4457 4458 4479
f 4480 4479 4458
f 4458 4459 4480
f 4481 4480 4459
f 4459 4460 4481
f 4482 4481 4460
f 4460 4461 4482
f 4483 4482 4461
f 4461 4462 4483
f 4484 4483 4462
f 4462 4463 4484
f 4485 4484 4463
f 4463 4464 4485
f 4486 4485 4464
f 4464 4465 4486
f 4487 4486 4465
f 4465 4466 4487
f 4488 4487 4466
f 4466 4467 4488
f 4489 4488 4467
f 4467 4468 4489
f 4490 4489 4468
f 4468 4469 4490
f 4491 4490 4469
f 4469 4470 4491
f 4492 4491 4470
f 4470 4471 4492
f 4493 4492 4471
f 4471 4472 4493
f 4494 4493 4472
f 4472 4473 4494
f 4495 4494 4473
f 4473 4474 4495
f 4496 4495 4474
f 4474 4475 4496
f 4497 4496 4475
f 4475 636 4497
f 613 4497 636
f 1947 4476 4362
f 4362 1928 1947
f 4476 4477 4358
f 4358 4362 4476
f 4477 4478 4354
f 4354 4358 4477
f 4478 4479 4350
f 4350 4354 4478
f 4479 4480 4346
f 4346 4350 4479
f 4480 4481 4342
f 4342 4346 4480
f 4481 4482 4338
f 4338 4342 4481
f 4482 4483 4334
f 4334 4338 4482
f 4483 4484 4330
f 4330 4334 4483
f 4484 4485 4326
f 4326 4330 4484
f 4485 4486 4322
f 4322 4326 4485
f 4486 4487 4318
f 4318 4322 4486
f 4487 4488 4314
f 4314 4318 4487
f 4488 4489 4310
f 4310 4314 4488
f 4489 4490 4306
f 4306 4310 4489
f 4490 4491 4302
f 4302 4306 4490
f 4491 4492 4298
f 4298 4302 4491
f 4492 4493 4294
f 4294 4298 4492
f 4493 4494 4290
f 4290 4294 4493
f 4494 4495 4286
f 4286 4290 4494
f 4495 4496 4282
f 4282 4286 4495
f 4496 4497 4278
f 4278 4282 4496
f 4497 613 590
f 590 4278 4497
f 1975 4498 4520
f 4520 1989 1975
f 4498 4499 4521
f 4521 4520 4498
f 4499 4500 4522
f 4522 4521 4499
f 4500 4501 4523
f 4523 4522 4500
f 4501 4502 4524
f 4524 4523 4501
f 4502 4503 4525
f 4525 4524 4502
f 4503 4504 4526
f 4526 4525 4503
f 4504 4505 4527
f 4527 4526 4504
f 4505 4506 4528
f 4528 4527 4505
f 4506 4507 4529
f 4529 4528 4506
f 4507 4508 4530
f 4530 4529 4507
f 4508 4509 4531
f 4531 4530 4508
f 4509 4510 4532
f 4532 4531 4509
f 4510 4511 4533
f 4533 4532 4510
f 4511 4512 4534
f 4534 4533 4511
f 4512 4513 4535
f 4535 4534 4512
f 4513 4514 4536
f 4536 4535 4513
f 4514 4515 4537
f 4537 4536 4514
f 4515 4516 4538
f 4538 4537 4515
f 4516 4517 4539
f 4539 4538 4516
f 4517 4518 4540
f 4540 4539 4517
f 4518 4519 4541
f 4541 4540 4518
f 4519 1038 4541
f 1029 4541 1038
f 1989 4520 4542
f 4542 1990 1989
f 4520 4521 4543
f 4543 4542 4520
f 4521 4522 4544
f 4544 4543 4521
f 4522 4523 4545
f 4545 4544 4522
f 4523 4524 4546
f 4546 4545 4523
f 4524 4525 4547
f 4547 4546 4524
f 4525 4526 4548
f 4548 4547 4525
f 4526 4527 4549
f 4549 4548 4526
f 4527 4528 4550
f 4550 4549 4527
f 4528 4529 4551
f 4551 4550 4528
f 4529 4530 4552
f 4552 4551 4529
f 4530 4531 4553
f 4553 4552 4530
f 4531 4532 4554
f 4554 4553 4531
f 4532 4533 4555
f 4555 4554 4532
f 4533 4534 4556
f 4556 4555 4533
f 4534 4535 4557
f 4557 4556 4534
f 4535 4536 4558
f 4558 4557 4535
f 4536 4537 4559
f 4559 4558 4536
f 4537 4538 4560
f 4560 4559 4537
f 4538 4539 4561
f 4561 4560 4538
f 4539 4540 4562
f 4562 4561 4539
f 4540 4541 4563
f 4563 4562 4540
f 4541 1029 4563
f 1018 4563 1029
f 1990 4542 4564
f 4564 1991 1990
f 4542 4543 4565
f 4565 4564 4542
f 4543 4544 4566
f 4566 4565 4543
f 4544 4545 4567
f 4567 4566 4544
f 4545 4546 4568
f 4568 4567 4545
f 4546 4547 4569
f 4569 4568 4546
f 4547 4548 4570
f 4570 4569 4547
f 4548 4549 4571
f 4571 4570 4548
f 4549 4550 4572
f 4572 4571 4549
f 4550 4551 4573
f 4573 4572 4550
f 4551 4552 4574
f 4574 4573 4551
f 4552 4553 4575
f 4575 4574 4552
f 4553 4554 4576
f 4576 4575 4553
f 4554 4555 4577
f 4577 4576 4554
f 4555 4556 4578
f 4578 4577 4555
f 4556 4557 4579
f 4579 4578 4556
f 4557 4558 4580
f 4580 4579 4557
f 4558 4559 4581
f 4581 4580 4558
f 4559 4560 4582
f 4582 4581 4559
f 4560 4561 4583
f 4583 4582 4560
f 4561 4562 4584
f 4584 4583 4561
f 4562 4563 4585
f 4585 4584 4562
f 4563 1018 4585
f 1009 4585 1018
f 1991 4564 4586
f 4586 1994 1991
f 4564 4565 4587
f 4587 4586 4564
f 4565 4566 4588
f 4588 4587 4565
f 4566 4567 4589
f 4589 4588 4566
f 4567 4568 4590
f 4590 4589 4567
f 4568 4569 4591
f 4591 4590 4568
f 4569 4570 4592
f 4592 4591 4569
f 4570 4571 4593
f 4593 4592 4570
f 4571 4572 4594
f 4594 4593 4571
f 4572 4573 4595
f 4595 4594 4572
f 4573 4574 4596
f 4596 4595 4573
f 4574 4575 4597
f 4597 4596 4574
f 4575 4576 4598
f 4598 4597 4575
f 4576 4577 4599
f 4599 4598 4576
f 4577 4578 4600
f 4600 4599 4577
f 4578 4579 4601
f 4601 4600 4578
f 4579 4580 4602
f 4602 4601 4579
f 4580 4581 4603
f 4603 4602 4580
f 4581 4582 4604
f 4604 4603 4581
f 4582 4583 4605
f 4605 4604 4582
f 4583 4584 4606
f 4606 4605 4583
f 4584 4585 4607
f 4607 4606 4584
f 4585 1009 4607
f 999 4607 1009
f 1994 4586 4608
f 4608 1996 1994
f 4586 4587 4609
f 4609 4608 4586
f 4587 4588 4610
f 4610 4609 4587
f 4588 4589 4611
f 4611 4610 4588
f 4589 4590 4612
f 4612 4611 4589
f 4590 4591 4613
f 4613 4612 4590
f 4591 4592 4614
f 4614 4613 4591
f 4592 4593 4615
f 4615 4614 4592
f 4593 4594 4616
f 4616 4615 4593
f 4594 4595 4617
f 4617 4616 4594
f 4595 4596 4618
f 4618 4617 4595
f 4596 4597 4619
f 4619 4618 4596
f 4597 4598 4620
f 4620 4619 4597
f 4598 4599 4621
f 4621 4620 4598
f 4599 4600 4622
f 4622 4621 4599
f 4600 4601 4623
f 4623 4622 4600
f 4601 4602 4624
f 4624 4623 4601
f 4602 4603 4625
f 4625 4624 4602
f 4603 4604 4626
f 4626 4625 4603
f 4604 4605 4627
f 4627 4626 4604
f 4605 4606 4628
f 4628 4627 4605
f 4606 4607 4629
f 4629 4628 4606
f 4607 999 4629
f 989 4629 999
f 1996 4608 4630
f 4630 1998 1996
f 4608 4609 4631
f 4631 4630 4608
f 4609 4610 4632
f 4632 4631 4609
f 4610 4611 4633
f 4633 4632 4610
f 4611 4612 4634
f 4634 4633 4611
f 4612 4613 4635
f 4635 4634 4612
f 4613 4614 4636
f 4636 4635 4613
f 4614 4615 4637
f 4637 4636 4614
f 4615 4616 4638
f 4638 4637 4615
f 4616 4617 4639
f 4639 4638 4616
f 4617 4618 4640
f 4640 4639 4617
f 4618 4619 4641
f 4641 4640 4618
f 4619 4620 4642
f 4642 4641 4619
f 4620 4621 4643
f 4643 4642 4620
f 4621 4622 4644
f 4644 4643 4621
f 4622 4623 4645
f 4645 4644 4622
f 4623 4624 4646
f 4646 4645 4623
f 4624 4625 4647
f 4647 4646 4624
f 4625 4626 4648
f 4648 4647 4625
f 4626 4627 4649
f 4649 4648 4626
f 4627 4628 4650
f 4650 4649 4627
f 4628 4629 4651
f 4651 4650 4628
f 4629 989 4651
f 977 4651 989
f 1998 4630 4652
f 4652 2000 1998
f 4630 4631 4653
f 4653 4652 4630
f 4631 4632 4654
f 4654 4653 4631
f 4632 4633 4655
f 4655 4654 4632
f 4633 4634 4656
f 4656 4655 4633
f 4634 4635 4657
f 4657 4656 4634
f 4635 4636 4658
f 4658 4657 4635
f 4636 4637 4659
f 4659 4658 4636
f 4637 4638 4660
f 4660 4659 4637
f 4638 4639 4661
f 4661 4660 4638
f 4639 4640 4662
f 4662 4661 4639
f 4640 4641 4663
f 4663 4662 4640
f 4641 4642 4664
f 4664 4663 4641
f 4642 4643 4665
f 4665 4664 4642
f 4643 4644 4666
f 4666 4665 4643
f 4644 4645 4667
f 4667 4666 4644
f 4645 4646 4668
f 4668 4667 4645
f 4646 4647 4669
f 4669 4668 4646
f 4647 4648 4670
f 4670 4669 4647
f 4648 4649 4671
f 4671 4670 4648
f 4649 4650 4672
f 4672 4671 4649
f 4650 4651 4673
f 4673 4672 4650
f 4651 977 4673
f 966 4673 977
f 2000 4652 4674
f 4674 2002 2000
f 4652 4653 4675
f 4675 4674 4652
f 4653 4654 4676
f 4676 4675 4653
f 4654 4655 4677
f 4677 4676 4654
f 4655 4656 4678
f 4678 4677 4655
f 4656 4657 4679
f 4679 4678 4656
f 4657 4658 4680
f 4680 4679 4657
f 4658 4659 4681
f 4681 4680 4658
f 4659 4660 4682
f 4682 4681 4659
f 4660 4661 4683
f 4683 4682 4660
f 4661 4662 4684
f 4684 4683 4661
f 4662 4663 4685
f 4685 4684 4662
f 4663 4664 4686
f 4686 4685 4663
f 4664 4665 4687
f 4687 4686 4664
f 4665 4666 4688
f 4688 4687 4665
f 4666 4667 4689
f 4689 4688 4666
f 4667 4668 4690
f 4690 4689 4667
f 4668 4669 4691
f 4691 4690 4668
f 4669 4670 4692
f 4692 4691 4669
f 4670 4671 4693
f 4693 4692 4670
f 4671 4672 4694
f 4694 4693 4671
f 4672 4673 4695
f 4695 4694 4672
f 4673 966 4695
f 955 4695 966
f 2002 4674 4696
f 4696 2004 2002
f 4674 4675 4697
f 4697 4696 4674
f 4675 4676 4698
f 4698 4697 4675
f 4676 4677 4699
f 4699 4698 4676
f 4677 4678 4700
f 4700 4699 4677
f 4678 4679 4701
f 4701 4700 4678
f 4679 4680 4702
f 4702 4701 4679
f 4680 4681 4703
f 4703 4702 4680
f 4681 4682 4704
f 4704 4703 4681
f 4682 4683 4705
f 4705 4704 4682
f 4683 4684 4706
f 4706 4705 4683
f 4684 4685 4707
f 4707 4706 4684
f 4685 4686 4708
f 4708 4707 4685
f 4686 4687 4709
f 4709 4708 4686
f 4687 4688 4710
f 4710 4709 4687
f 4688 4689 4711
f 4711 4710 4688
f 4689 4690 4712
f 4712 4711 4689
f 4690 4691 4713
f 4713 4712 4690
f 4691 4692 4714
f 4714 4713 4691
f 4692 4693 4715
f 4715 4714 4692
f 4693 4694 4716
f 4716 4715 4693
f 4694 4695 4717
f 4717 4716 4694
f 4695 955 4717
f 942 4717 955
f 2004 4696 4718
f 4718 2005 2004
f 4696 4697 4719
f 4719 4718 4696
f 4697 4698 4720
f 4720 4719 4697
f 4698 4699 4721
f 4721 4720 4698
f 4699 4700 4722
f 4722 4721 4699
f 4700 4701 4723
f 4723 4722 4700
f 4701 4702 4724
f 4724 4723 4701
f 4702 4703 4725
f 4725 4724 4702
f 4703 4704 4726
f 4726 4725 4703
f 4704 4705 4727
f 4727 4726 4704
f 4705 4706 4728
f 4728 4727 4705
f 4706 4707 4729
f 4729 4728 4706
f 4707 4708 4730
f 4730 4729 4707
f 4708 4709 4731
f 4731 4730 4708
f 4709 4710 4732
f 4732 4731 4709
f 4710 4711 4733
f 4733 4732 4710
f 4711 4712 4734
f 4734 4733 4711
f 4712 4713 4735
f 4735 4734 4712
f 4713 4714 4736
f 4736 4735 4713
f 4714 4715 4737
f 4737 4736 4714
f 4715 4716 4738
f 4738 4737 4715
f 4716 4717 4739
f 4739 4738 4716
f 4717 942 4739
f 925 4739 942
f 2005 4718 4740
f 4740 2003 2005
f 4718 4719 4741
f 4741 4740 4718
f 4719 4720 4742
f 4742 4741 4719
f 4720 4721 4743
f 4743 4742 4720
f 4721 4722 4744
f 4744 4743 4721
f 4722 4723 4745
f 4745 4744 4722
f 4723 4724 4746
f 4746 4745 4723
f 4724 4725 4747
f 4747 4746 4724
f 4725 4726 4748
f 4748 4747 4725
f 4726 4727 4749
f 4749 4748 4726
f 4727 4728 4750
f 4750 4749 4727
f 4728 4729 4751
f 4751 4750 4728
f 4729 4730 4752
f 4752 4751 4729
f 4730 4731 4753
f 4753 4752 4730
f 4731 4732 4754
f 4754 4753 4731
f 4732 4733 4755
f 4755 4754 4732
f 4733 4734 4756
f 4756 4755 4733
f 4734 4735 4757
f 4757 4756 4734
f 4735 4736 4758
f 4758 4757 4735
f 4736 4737 4759
f 4759 4758 4736
f 4737 4738 4760
f 4760 4759 4737
f 4738 4739 4761
f 4761 4760 4738
f 4739 925 4761
f 904 4761 925
f 2003 4740 4762
f 4762 2001 2003
f 4740 4741 4763
f 4763 4762 4740
f 4741 4742 4764
f 4764 4763 4741
f 4742 4743 4765
f 4765 4764 4742
f 4743 4744 4766
f 4766 4765 4743
f 4744 4745 4767
f 4767 4766 4744
f 4745 4746 4768
f 4768 4767 4745
f 4746 4747 4769
f 4769 4768 4746
f 4747 4748 4770
f 4770 4769 4747
f 4748 4749 4771
f 4771 4770 4748
f 4749 4750 4772
f 4772 4771 4749
f 4750 4751 4773
f 4773 4772 4750
f 4751 4752 4774
f 4774 4773 4751
f 4752 4753 4775
f 4775 4774 4752
f 4753 4754 4776
f 4776 4775 4753
f 4754 4755 4777
f 4777 4776 4754
f 4755 4756 4778
f 4778 4777 4755
f 4756 4757 4779
f 4779 4778 4756
f 4757 4758 4780
f 4780 4779 4757
f 4758 4759 4781
f 4781 4780 4758
f 4759 4760 4782
f 4782 4781 4759
f 4760 4761 4783
f 4783 4782 4760
f 4761 904 4783
f 881 4783 904
f 2001 4762 4784
f 4784 1999 2001
f 4762 4763 4785
f 4785 4784 4762
f 4763 4764 4786
f 4786 4785 4763
f 4764 4765 4787
f 4787 4786 4764
f 4765 4766 4788
f 4788 4787 4765
f 4766 4767 4789
f 4789 4788 4766
f 4767 4768 4790
f 4790 4789 4767
f 4768 4769 4791
f 4791 4790 4768
f 4769 4770 4792
f 4792 4791 4769
f 4770 4771 4793
f 4793 4792 4770
f 4771 4772 4794
f 4794 4793 4771
f 4772 4773 4795
f 4795 4794 4772
f 4773 4774 4796
f 4796 4795 4773
f 4774 4775 4797
f 4797 4796 4774
f 4775 4776 4798
f 4798 4797 4775
f 4776 4777 4799
f 4799 4798 4776
f 4777 4778 4800
f 4800 4799 4777
f 4778 4779 4801
f 4801 4800 4778
f 4779 4780 4802
f 4802 4801 4779
f 4780 4781 4803
f 4803 4802 4780
f 4781 4782 4804
f 4804 4803 4781
f 4782 4783 4805
f 4805 4804 4782
f 4783 881 4805
f 856 4805 881
f 1999 4784 4806
f 4806 1997 1999
f 4784 4785 4807
f 4807 4806 4784
f 4785 4786 4808
f 4808 4807 4785
f 4786 4787 4809
f 4809 4808 4786
f 4787 4788 4810
f 4810 4809 4787
f 4788 4789 4811
f 4811 4810 4788
f 4789 4790 4812
f 4812 4811 4789
f 4790 4791 4813
f 4813 4812 4790
f 4791 4792 4814
f 4814 4813 4791
f 4792 4793 4815
f 4815 4814 4792
f 4793 4794 4816
f 4816 4815 4793
f 4794 4795 4817
f 4817 4816 4794
f 4795 4796 4818
f 4818 4817 4795
f 4796 4797 4819
f 4819 4818 4796
f 4797 4798 4820
f 4820 4819 4797
f 4798 4799 4821
f 4821 4820 4798
f 4799 4800 4822
f 4822 4821 4799
f 4800 4801 4823
f 4823 4822 4800
f 4801 4802 4824
f 4824 4823 4801
f 4802 4803 4825
f 4825 4824 4802
f 4803 4804 4826
f 4826 4825 4803
f 4804 4805 4827
f 4827 4826 4804
f 4805 856 4827
f 829 4827 856
f 1997 4806 4828
f 4828 1995 1997
f 4806 4807 4829
f 4829 4828 4806
f 4807 4808 4830
f 4830 4829 4807
f 4808 4809 4831
f 4831 4830 4808
f 4809 4810 4832
f 4832 4831 4809
f 4810 4811 4833
f 4833 4832 4810
f 4811 4812 4834
f 4834 4833 4811
f 4812 4813 4835
f 4835 4834 4812
f 4813 4814 4836
f 4836 4835 4813
f 4814 4815 4837
f 4837 4836 4814
f 4815 4816 4838
f 4838 4837 4815
f 4816 4817 4839
f 4839 4838 4816
f 4817 4818 4840
f 4840 4839 4817
f 4818 4819 4841
f 4841 4840 4818
f 4819 4820 4842
f 4842 4841 4819
f 4820 4821 4843
f 4843 4842 4820
f 4821 4822 4844
f 4844 4843 4821
f 4822 4823 4845
f 4845 4844 4822
f 4823 4824 4846
f 4846 4845 4823
f 4824 4825 4847
f 4847 4846 4824
f 4825 4826 4848
f 4848 4847 4825
f 4826 4827 4849
f 4849 4848 4826
f 4827 829 4849
f 798 4849 829
f 1995 4828 4366
f 4366 1993 1995
f 4828 4829 4367
f 4367 4366 4828
f 4829 4830 4368
f 4368 4367 4829
f 4830 4831 4369
f 4369 4368 4830
f 4831 4832 4370
f 4370 4369 4831
f 4832 4833 4371
f 4371 4370 4832
f 4833 4834 4372
f 4372 4371 4833
f 4834 4835 4373
f 4373 4372 4834
f 4835 4836 4374
f 4374 4373 4835
f 4836 4837 4375
f 4375 4374 4836
f 4837 4838 4376
f 4376 4375 4837
f 4838 4839 4377
f 4377 4376 4838
f 4839 4840 4378
f 4378 4377 4839
f 4840 4841 4379
f 4379 4378 4840
f 4841 4842 4380
f 4380 4379 4841
f 4842 4843 4381
f 4381 4380 4842
f 4843 4844 4382
f 4382 4381 4843
f 4844 4845 4383
f 4383 4382 4844
f 4845 4846 4384
f 4384 4383 4845
f 4846 4847 4385
f 4385 4384 4846
f 4847 4848 4386
f 4386 4385 4847
f 4848 4849 4387
f 4387 4386 4848
f 4849 798 767
f 767 4387 4849
f 1065 1056 4850
f 4850 1075 1065
f 1056 1047 4851
f 4851 4850 1056
f 1047 1038 4852
f 4852 4851 1047
f 1075 4850 4853
f 4853 1083 1075
f 4850 4851 4854
f 4854 4853 4850
f 4851 4852 4855
f 4855 4854 4851
f 1083 4853 4859
f 4859 1091 1083
f 4853 4854 4858
f 4858 4859 4853
f 4854 4855 4857
f 4857 4858 4854
f 4855 4852 4856
f 4856 4857 4855
f 4852 1038 4519
f 4519 4856 4852
f 1091 4859 4863
f 4863 1099 1091
f 4859 4858 4862
f 4862 4863 4859
f 4858 4857 4861
f 4861 4862 4858
f 4857 4856 4860
f 4860 4861 4857
f 4856 4519 4518
f 4518 4860 4856
f 1099 4863 4867
f 4867 1107 1099
f 4863 4862 4866
f 4866 4867 4863
f 4862 4861 4865
f 4865 4866 4862
f 4861 4860 4864
f 4864 4865 4861
f 4860 4518 4517
f 4517 4864 4860
f 1107 4867 4871
f 4871 1115 1107
f 4867 4866 4870
f 4870 4871 4867
f 4866 4865 4869
f 4869 4870 4866
f 4865 4864 4868
f 4868 4869 4865
f 4864 4517 4516
f 4516 4868 4864
f 1115 4871 4875
f 4875 1123 1115
f 4871 4870 4874
f 4874 4875 4871
f 4870 4869 4873
f 4873 4874 4870
f 4869 4868 4872
f 4872 4873 4869
f 4868 4516 4515
f 4515 4872 4868
f 1123 4875 4879
f 4879 1131 1123
f 4875 4874 4878
f 4878 4879 4875
f 4874 4873 4877
f 4877 4878 4874
f 4873 4872 4876
f 4876 4877 4873
f 4872 4515 4514
f 4514 4876 4872
f 1131 4879 4883
f 4883 1139 1131
f 4879 4878 4882
f 4882 4883 4879
f 4878 4877 4881
f 4881 4882 4878
f 4877 4876 4880
f 4880 4881 4877
f 4876 4514 4513
f 4513 4880 4876
f 1139 4883 4887
f 4887 1147 1139
f 4883 4882 4886
f 4886 4887 4883
f 4882 4881 4885
f 4885 4886 4882
f 4881 4880 4884
f 4884 4885 4881
f 4880 4513 4512
f 4512 4884 4880
f 1147 4887 4891
f 4891 1155 1147
f 4887 4886 4890
f 4890 4891 4887
f 4886 4885 4889
f 4889 4890 4886
f 4885 4884 4888
f 4888 4889 4885
f 4884 4512 4511
f 4511 4888 4884
f 1155 4891 4893
f 4893 1163 1155
f 4891 4890 4895
f 4895 4893 4891
f 4890 4889 4894
f 4894 4895 4890
f 4889 4888 4892
f 4892 4894 4889
f 4888 4511 4510
f 4510 4892 4888
f 1163 4893 4896
f 4896 1170 1163
f 4893 4895 4897
f 4897 4896 4893
f 4895 4894 4898
f 4898 4897 4895
f 4894 4892 4899
f 4899 4898 4894
f 4892 4510 4509
f 4509 4899 4892
f 1170 4896 4900
f 4900 1177 1170
f 4896 4897 4901
f 4901 4900 4896
f 4897 4898 4902
f 4902 4901 4897
f 4898 4899 4902
f 4903 4902 4899
f 4899 4509 4903
f 4508 4903 4509
f 1177 4900 1184
f 4904 1184 4900
f 4900 4901 4904
f 4905 4904 4901
f 4901 4902 4905
f 4906 4905 4902
f 4902 4903 4906
f 4907 4906 4903
f 4903 4508 4907
f 4507 4907 4508
f 1184 4904 1191
f 4908 1191 4904
f 4904 4905 4908
f 4909 4908 4905
f 4905 4906 4909
f 4910 4909 4906
f 4906 4907 4910
f 4911 4910 4907
f 4907 4507 4911
f 4506 4911 4507
f 1191 4908 1198
f 4912 1198 4908
f 4908 4909 4912
f 4913 4912 4909
f 4909 4910 4913
f 4914 4913 4910
f 4910 4911 4914
f 4915 4914 4911
f 4911 4506 4915
f 4505 4915 4506
f 1198 4912 1205
f 4916 1205 4912
f 4912 4913 4916
f 4917 4916 4913
f 4913 4914 4917
f 4918 4917 4914
f 4914 4915 4918
f 4919 4918 4915
f 4915 4505 4919
f 4504 4919 4505
f 1205 4916 1212
f 4920 1212 4916
f 4916 4917 4920
f 4921 4920 4917
f 4917 4918 4921
f 4922 4921 4918
f 4918 4919 4922
f 4923 4922 4919
f 4919 4504 4923
f 4503 4923 4504
f 1212 4920 1219
f 4924 1219 4920
f 4920 4921 4924
f 4925 4924 4921
f 4921 4922 4925
f 4926 4925 4922
f 4922 4923 4926
f 4927 4926 4923
f 4923 4503 4927
f 4502 4927 4503
f 1219 4924 1226
f 4928 1226 4924
f 4924 4925 4928
f 4929 4928 4925
f 4925 4926 4929
f 4930 4929 4926
f 4926 4927 4930
f 4931 4930 4927
f 4927 4502 4931
f 4501 4931 4502
f 1226 4928 1233
f 4932 1233 4928
f 4928 4929 4932
f 4933 4932 4929
f 4929 4930 4933
f 4934 4933 4930
f 4930 4931 4934
f 4936 4934 4931
f 4931 4501 4936
f 4500 4936 4501
f 1233 4932 1240
f 4935 1240 4932
f 4932 4933 4935
f 4937 4935 4933
f 4933 4934 4937
f 4938 4937 4934
f 4934 4936 4938
f 4940 4938 4936
f 4936 4500 4940
f 4499 4940 4500
f 1240 4935 1247
f 4939 1247 4935
f 4935 4937 4939
f 4941 4939 4937
f 4937 4938 4941
f 4942 4941 4938
f 4938 4940 4942
f 4945 4942 4940
f 4940 4499 4945
f 4498 4945 4499
f 1247 4939 1254
f 4943 1254 4939
f 4939 4941 4943
f 4944 4943 4941
f 4941 4942 4944
f 4946 4944 4942
f 4942 4945 4946
f 4947 4946 4945
f 4945 4498 4947
f 1975 4947 4498
f 1254 4943 1261
f 4948 1261 4943
f 4943 4944 4948
f 4949 4948 4944
f 4944 4946 4949
f 4947 4949 4946
f 1261 4948 1268
f 1930 1268 4948
f 4948 4949 1930
f 1951 1930 4949
f 4949 4947 1951
f 1975 1951 4947
f 284 1828 289
f 4951 289 1828
f 1828 1824 4951
f 4950 4951 1824
f 1824 1820 4950
f 4952 4950 1820
f 1820 1816 4952
f 4953 4952 1816
f 1816 1812 4953
f 4954 4953 1812
f 1812 1808 4954
f 4955 4954 1808
f 1808 1804 4955
f 4956 4955 1804
f 1804 1800 4956
f 4957 4956 1800
f 1800 1796 4957
f 4958 4957 1796
f 1796 1792 4958
f 4959 4958 1792
f 1792 1788 4959
f 4960 4959 1788
f 1788 1784 4960
f 4961 4960 1784
f 1784 667 4961
f 703 4961 667
f 289 4951 297
f 4965 297 4951
f 4951 4950 4965
f 4963 4965 4950
f 4950 4952 4963
f 4962 4963 4952
f 4952 4953 4962
f 4964 4962 4953
f 4953 4954 4964
f 4966 4964 4954
f 4954 4955 4966
f 4967 4966 4955
f 4955 4956 4967
f 4968 4967 4956
f 4956 4957 4968
f 4969 4968 4957
f 4957 4958 4969
f 4970 4969 4958
f 4958 4959 4970
f 4971 4970 4959
f 4959 4960 4971
f 4972 4971 4960
f 4960 4961 4972
f 4973 4972 4961
f 4961 703 4973
f 708 4973 703
f 297 4965 308
f 4978 308 4965
f 4965 4963 4978
f 4976 4978 4963
f 4963 4962 4976
f 4974 4976 4962
f 4962 4964 4974
f 4975 4974 4964
f 4964 4966 4975
f 4977 4975 4966
f 4966 4967 4977
f 4979 4977 4967
f 4967 4968 4979
f 4980 4979 4968
f 4968 4969 4980
f 4981 4980 4969
f 4969 4970 4981
f 4982 4981 4970
f 4970 4971 4982
f 4983 4982 4971
f 4971 4972 4983
f 4984 4983 4972
f 4972 4973 4984
f 4985 4984 4973
f 4973 708 4985
f 709 4985 708
f 308 4978 322
f 4991 322 4978
f 4978 4976 4991
f 4988 4991 4976
f 4976 4974 4988
f 4986 4988 4974
f 4974 4975 4986
f 4987 4986 4975
f 4975 4977 4987
f 4989 4987 4977
f 4977 4979 4989
f 4990 4989 4979
f 4979 4980 4990
f 4992 4990 4980
f 4980 4981 4992
f 4993 4992 4981
f 4981 4982 4993
f 4994 4993 4982
f 4982 4983 4994
f 4995 4994 4983
f 4983 4984 4995
f 4996 4995 4984
f 4984 4985 4996
f 4997 4996 4985
f 4985 709 4997
f 744 4997 709
f 322 4991 339
f 5003 339 4991
f 4991 4988 5003
f 5000 5003 4988
f 4988 4986 5000
f 4998 5000 4986
f 4986 4987 4998
f 4999 4998 4987
f 4987 4989 4999
f 5001 4999 4989
f 4989 4990 5001
f 5002 5001 4990
f 4990 4992 5002
f 5004 5002 4992
f 4992 4993 5004
f 5005 5004 4993
f 4993 4994 5005
f 5006 5005 4994
f 4994 4995 5006
f 5007 5006 4995
f 4995 4996 5007
f 5008 5007 4996
f 4996 4997 5008
f 5009 5008 4997
f 4997 744 5009
f 776 5009 744
f 339 5003 352
f 5015 352 5003
f 5003 5000 5015
f 5013 5015 5000
f 5000 4998 5013
f 5010 5013 4998
f 4998 4999 5010
f 5011 5010 4999
f 4999 5001 5011
f 5012 5011 5001
f 5001 5002 5012
f 5014 5012 5002
f 5002 5004 5014
f 5016 5014 5004
f 5004 5005 5016
f 5017 5016 5005
f 5005 5006 5017
f 5018 5017 5006
f 5006 5007 5018
f 5019 5018 5007
f 5007 5008 5019
f 5020 5019 5008
f 5008 5009 5020
f 5021 5020 5009
f 5009 776 5021
f 802 5021 776
f 352 5015 365
f 5027 365 5015
f 5015 5013 5027
f 5025 5027 5013
f 5013 5010 5025
f 5022 5025 5010
f 5010 5011 5022
f 5023 5022 5011
f 5011 5012 5023
f 5024 5023 5012
f 5012 5014 5024
f 5026 5024 5014
f 5014 5016 5026
f 5028 5026 5016
f 5016 5017 5028
f 5029 5028 5017
f 5017 5018 5029
f 5030 5029 5018
f 5018 5019 5030
f 5031 5030 5019
f 5019 5020 5031
f 5032 5031 5020
f 5020 5021 5032
f 5033 5032 5021
f 5021 802 5033
f 803 5033 802
f 365 5027 374
f 5038 374 5027
f 5027 5025 5038
f 5036 5038 5025
f 5025 5022 5036
f 5034 5036 5022
f 5022 5023 5034
f 5035 5034 5023
f 5023 5024 5035
f 5037 5035 5024
f 5024 5026 5037
f 5039 5037 5026
f 5026 5028 5039
f 5040 5039 5028
f 5028 5029 5040
f 5041 5040 5029
f 5029 5030 5041
f 5042 5041 5030
f 5030 5031 5042
f 5043 5042 5031
f 5031 5032 5043
f 5044 5043 5032
f 5032 5033 5044
f 5045 5044 5033
f 5033 803 5045
f 804 5045 803
f 374 5038 391
f 5050 391 5038
f 5038 5036 5050
f 5048 5050 5036
f 5036 5034 5048
f 5046 5048 5034
f 5034 5035 5046
f 5047 5046 5035
f 5035 5037 5047
f 5049 5047 5037
f 5037 5039 5049
f 5051 5049 5039
f 5039 5040 5051
f 5052 5051 5040
f 5040 5041 5052
f 5053 5052 5041
f 5041 5042 5053
f 5054 5053 5042
f 5042 5043 5054
f 5055 5054 5043
f 5043 5044 5055
f 5056 5055 5044
f 5044 5045 5056
f 5061 5056 5045
f 5045 804 5061
f 835 5061 804
f 391 5050 406
f 5062 406 5050
f 5050 5048 5062
f 5059 5062 5048
f 5048 5046 5059
f 5057 5059 5046
f 5046 5047 5057
f 5058 5057 5047
f 5047 5049 5058
f 5060 5058 5049
f 5049 5051 5060
f 5063 5060 5051
f 5051 5052 5063
f 5064 5063 5052
f 5052 5053 5064
f 5065 5064 5053
f 5053 5054 5065
f 5066 5065 5054
f 5054 5055 5066
f 5067 5066 5055
f 5055 5056 5067
f 5068 5067 5056
f 5056 5061 5068
f 5075 5068 5061
f 5061 835 5075
f 860 5075 835
f 406 5062 421
f 5073 421 5062
f 5062 5059 5073
f 5071 5073 5059
f 5059 5057 5071
f 5069 5071 5057
f 5057 5058 5069
f 5070 5069 5058
f 5058 5060 5070
f 5072 5070 5060
f 5060 5063 5072
f 5074 5072 5063
f 5063 5064 5074
f 5076 5074 5064
f 5064 5065 5076
f 5077 5076 5065
f 5065 5066 5077
f 5078 5077 5066
f 5066 5067 5078
f 5079 5078 5067
f 5067 5068 5079
f 5080 5079 5068
f 5068 5075 5080
f 5088 5080 5075
f 5075 860 5088
f 885 5088 860
f 421 5073 436
f 5085 436 5073
f 5073 5071 5085
f 5083 5085 5071
f 5071 5069 5083
f 5081 5083 5069
f 5069 5070 5081
f 5082 5081 5070
f 5070 5072 5082
f 5084 5082 5072
f 5072 5074 5084
f 5086 5084 5074
f 5074 5076 5086
f 5087 5086 5076
f 5076 5077 5087
f 5089 5087 5077
f 5077 5078 5089
f 5090 5089 5078
f 5078 5079 5090
f 5091 5090 5079
f 5079 5080 5091
f 5092 5091 5080
f 5080 5088 5092
f 5101 5092 5088
f 5088 885 5101
f 908 5101 885
f 436 5085 448
f 5097 448 5085
f 5085 5083 5097
f 5094 5097 5083
f 5083 5081 5094
f 5093 5094 5081
f 5081 5082 5093
f 5095 5093 5082
f 5082 5084 5095
f 5096 5095 5084
f 5084 5086 5096
f 5098 5096 5086
f 5086 5087 5098
f 5099 5098 5087
f 5087 5089 5099
f 5100 5099 5089
f 5089 5090 5100
f 5102 5100 5090
f 5090 5091 5102
f 5103 5102 5091
f 5091 5092 5103
f 5104 5103 5092
f 5092 5101 5104
f 5113 5104 5101
f 5101 908 5113
f 929 5113 908
f 448 5097 460
f 5108 460 5097
f 5097 5094 5108
f 5106 5108 5094
f 5094 5093 5106
f 5105 5106 5093
f 5093 5095 5105
f 5107 5105 5095
f 5095 5096 5107
f 5109 5107 5096
f 5096 5098 5109
f 5110 5109 5098
f 5098 5099 5110
f 5111 5110 5099
f 5099 5100 5111
f 5112 5111 5100
f 5100 5102 5112
f 5114 5112 5102
f 5102 5103 5114
f 5115 5114 5103
f 5103 5104 5115
f 5120 5115 5104
f 5104 5113 5120
f 5125 5120 5113
f 5113 929 5125
f 947 5125 929
f 460 5108 470
f 5119 470 5108
f 5108 5106 5119
f 5117 5119 5106
f 5106 5105 5117
f 5116 5117 5105
f 5105 5107 5116
f 5118 5116 5107
f 5107 5109 5118
f 5121 5118 5109
f 5109 5110 5121
f 5122 5121 5110
f 5110 5111 5122
f 5123 5122 5111
f 5111 5112 5123
f 5124 5123 5112
f 5112 5114 5124
f 5126 5124 5114
f 5114 5115 5126
f 5127 5126 5115
f 5115 5120 5127
f 5134 5127 5120
f 5120 5125 5134
f 5138 5134 5125
f 5125 947 5138
f 959 5138 947
f 470 5119 480
f 5131 480 5119
f 5119 5117 5131
f 5128 5131 5117
f 5117 5116 5128
f 5129 5128 5116
f 5116 5118 5129
f 5130 5129 5118
f 5118 5121 5130
f 5132 5130 5121
f 5121 5122 5132
f 5133 5132 5122
f 5122 5123 5133
f 5135 5133 5123
f 5123 5124 5135
f 5136 5135 5124
f 5124 5126 5136
f 5137 5136 5126
f 5126 5127 5137
f 5139 5137 5127
f 5127 5134 5139
f 5146 5139 5134
f 5134 5138 5146
f 5150 5146 5138
f 5138 959 5150
f 970 5150 959
f 480 5131 490
f 5142 490 5131
f 5131 5128 5142
f 5140 5142 5128
f 5128 5129 5140
f 5141 5140 5129
f 5129 5130 5141
f 5143 5141 5130
f 5130 5132 5143
f 5144 5143 5132
f 5132 5133 5144
f 5145 5144 5133
f 5133 5135 5145
f 5147 5145 5135
f 5135 5136 5147
f 5148 5147 5136
f 5136 5137 5148
f 5149 5148 5137
f 5137 5139 5149
f 5151 5149 5139
f 5139 5146 5151
f 5159 5151 5146
f 5146 5150 5159
f 5162 5159 5150
f 5150 970 5162
f 981 5162 970
f 490 5142 500
f 5154 500 5142
f 5142 5140 5154
f 5152 5154 5140
f 5140 5141 5152
f 5153 5152 5141
f 5141 5143 5153
f 5155 5153 5143
f 5143 5144 5155
f 5156 5155 5144
f 5144 5145 5156
f 5157 5156 5145
f 5145 5147 5157
f 5158 5157 5147
f 5147 5148 5158
f 5160 5158 5148
f 5148 5149 5160
f 5161 5160 5149
f 5149 5151 5161
f 5163 5161 5151
f 5151 5159 5163
f 5171 5163 5159
f 5159 5162 5171
f 5174 5171 5162
f 5162 981 5174
f 982 5174 981
f 500 5154 506
f 5165 506 5154
f 5154 5152 5165
f 5164 5165 5152
f 5152 5153 5164
f 5166 5164 5153
f 5153 5155 5166
f 5167 5166 5155
f 5155 5156 5167
f 5168 5167 5156
f 5156 5157 5168
f 5169 5168 5157
f 5157 5158 5169
f 5170 5169 5158
f 5158 5160 5170
f 5172 5170 5160
f 5160 5161 5172
f 5173 5172 5161
f 5161 5163 5173
f 5175 5173 5163
f 5163 5171 5175
f 5183 5175 5171
f 5171 5174 5183
f 5186 5183 5174
f 5174 982 5186
f 995 5186 982
f 506 5165 512
f 5177 512 5165
f 5165 5164 5177
f 5176 5177 5164
f 5164 5166 5176
f 5178 5176 5166
f 5166 5167 5178
f 5179 5178 5167
f 5167 5168 5179
f 5180 5179 5168
f 5168 5169 5180
f 5181 5180 5169
f 5169 5170 5181
f 5182 5181 5170
f 5170 5172 5182
f 5184 5182 5172
f 5172 5173 5184
f 5185 5184 5173
f 5173 5175 5185
f 5187 5185 5175
f 5175 5183 5187
f 5196 5187 5183
f 5183 5186 5196
f 5198 5196 5186
f 5186 995 5198
f 1006 5198 995
f 512 5177 518
f 5188 518 5177
f 5177 5176 5188
f 5189 5188 5176
f 5176 5178 5189
f 5190 5189 5178
f 5178 5179 5190
f 5191 5190 5179
f 5179 5180 5191
f 5192 5191 5180
f 5180 5181 5192
f 5193 5192 5181
f 5181 5182 5193
f 5194 5193 5182
f 5182 5184 5194
f 5195 5194 5184
f 5184 5185 5195
f 5197 5195 5185
f 5185 5187 5197
f 5199 5197 5187
f 5187 5196 5199
f 5208 5199 5196
f 5196 5198 5208
f 5210 5208 5198
f 5198 1006 5210
f 1017 5210 1006
f 518 5188 519
f 5200 519 5188
f 5188 5189 5200
f 5201 5200 5189
f 5189 5190 5201
f 5202 5201 5190
f 5190 5191 5202
f 5203 5202 5191
f 5191 5192 5203
f 5204 5203 5192
f 5192 5193 5204
f 5205 5204 5193
f 5193 5194 5205
f 5206 5205 5194
f 5194 5195 5206
f 5207 5206 5195
f 5195 5197 5207
f 5209 5207 5197
f 5197 5199 5209
f 5214 5209 5199
f 5199 5208 5214
f 5220 5214 5208
f 5208 5210 5220
f 5227 5220 5210
f 5210 1017 5227
f 1028 5227 1017
f 519 5200 525
f 5211 525 5200
f 5200 5201 5211
f 5212 5211 5201
f 5201 5202 5212
f 5213 5212 5202
f 5202 5203 5213
f 5215 5213 5203
f 5203 5204 5215
f 5216 5215 5204
f 5204 5205 5216
f 5217 5216 5205
f 5205 5206 5217
f 5218 5217 5206
f 5206 5207 5218
f 5219 5218 5207
f 5207 5209 5219
f 5221 5219 5209
f 5209 5214 5221
f 5228 5221 5214
f 5214 5220 5228
f 5232 5228 5220
f 5220 5227 5232
f 5241 5232 5227
f 5227 1028 5241
f 1037 5241 1028
f 525 5211 529
f 5222 529 5211
f 5211 5212 5222
f 5223 5222 5212
f 5212 5213 5223
f 5224 5223 5213
f 5213 5215 5224
f 5225 5224 5215
f 5215 5216 5225
f 5226 5225 5216
f 5216 5217 5226
f 5229 5226 5217
f 5217 5218 5229
f 5230 5229 5218
f 5218 5219 5230
f 5231 5230 5219
f 5219 5221 5231
f 5233 5231 5221
f 5221 5228 5233
f 5239 5233 5228
f 5228 5232 5239
f 5244 5239 5232
f 5232 5241 5244
f 5253 5244 5241
f 5241 1037 5253
f 1046 5253 1037
f 529 5222 533
f 5234 533 5222
f 5222 5223 5234
f 5235 5234 5223
f 5223 5224 5235
f 5236 5235 5224
f 5224 5225 5236
f 5237 5236 5225
f 5225 5226 5237
f 5238 5237 5226
f 5226 5229 5238
f 5240 5238 5229
f 5229 5230 5240
f 5242 5240 5230
f 5230 5231 5242
f 5243 5242 5231
f 5231 5233 5243
f 5245 5243 5233
f 5233 5239 5245
f 5251 5245 5239
f 5239 5244 5251
f 5256 5251 5244
f 5244 5253 5256
f 5266 5256 5253
f 5253 1046 5266
f 1055 5266 1046
f 533 5234 537
f 5246 537 5234
f 5234 5235 5246
f 5247 5246 5235
f 5235 5236 5247
f 5248 5247 5236
f 5236 5237 5248
f 5249 5248 5237
f 5237 5238 5249
f 5250 5249 5238
f 5238 5240 5250
f 5252 5250 5240
f 5240 5242 5252
f 5254 5252 5242
f 5242 5243 5254
f 5255 5254 5243
f 5243 5245 5255
f 5257 5255 5245
f 5245 5251 5257
f 5263 5257 5251
f 5251 5256 5263
f 5268 5263 5256
f 5256 5266 5268
f 5278 5268 5266
f 5266 1055 5278
f 1064 5278 1055
f 537 5246 539
f 5258 539 5246
f 5246 5247 5258
f 5259 5258 5247
f 5247 5248 5259
f 5260 5259 5248
f 5248 5249 5260
f 5261 5260 5249
f 5249 5250 5261
f 5262 5261 5250
f 5250 5252 5262
f 5264 5262 5252
f 5252 5254 5264
f 5265 5264 5254
f 5254 5255 5265
f 5267 5265 5255
f 5255 5257 5267
f 5269 5267 5257
f 5257 5263 5269
f 5272 5269 5263
f 5263 5268 5272
f 5280 5272 5268
f 5268 5278 5280
f 5290 5280 5278
f 5278 1064 5290
f 1073 5290 1064
f 539 5258 541
f 5270 541 5258
f 5258 5259 5270
f 5271 5270 5259
f 5259 5260 5271
f 5273 5271 5260
f 5260 5261 5273
f 5274 5273 5261
f 5261 5262 5274
f 5275 5274 5262
f 5262 5264 5275
f 5276 5275 5264
f 5264 5265 5276
f 5277 5276 5265
f 5265 5267 5277
f 5279 5277 5267
f 5267 5269 5279
f 5281 5279 5269
f 5269 5272 5281
f 5282 5281 5272
f 5272 5280 5282
f 5291 5282 5280
f 5280 5290 5291
f 5298 5291 5290
f 5290 1073 5298
f 1074 5298 1073
f 541 5270 543
f 5283 543 5270
f 5270 5271 5283
f 5284 5283 5271
f 5271 5273 5284
f 5285 5284 5273
f 5273 5274 5285
f 5286 5285 5274
f 5274 5275 5286
f 5287 5286 5275
f 5275 5276 5287
f 5288 5287 5276
f 5276 5277 5288
f 5289 5288 5277
f 5277 5279 5289
f 5292 5289 5279
f 5279 5281 5292
f 5293 5292 5281
f 5281 5282 5293
f 5294 5293 5282
f 5282 5291 5294
f 5295 5294 5291
f 5291 5298 5306
f 5306 5295 5291
f 5298 1074 1082
f 1082 5306 5298
f 543 5283 545
f 5296 545 5283
f 5283 5284 5296
f 5297 5296 5284
f 5284 5285 5297
f 5299 5297 5285
f 5285 5286 5299
f 5300 5299 5286
f 5286 5287 5300
f 5301 5300 5287
f 5287 5288 5301
f 5302 5301 5288
f 5288 5289 5302
f 5303 5302 5289
f 5289 5292 5303
f 5304 5303 5292
f 5292 5293 5304
f 5305 5304 5293
f 5293 5294 5305
f 5307 5305 5294
f 5294 5295 5307
f 5306 5307 5295
f 545 5296 1
f 1162 1 5296
f 5296 5297 1162
f 1154 1162 5297
f 5297 5299 1154
f 1146 1154 5299
f 5299 5300 1146
f 1138 1146 5300
f 5300 5301 1138
f 1130 1138 5301
f 5301 5302 1130
f 1122 1130 5302
f 5302 5303 1122
f 1114 1122 5303
f 5303 5304 1114
f 1106 1114 5304
f 5304 5305 1106
f 1098 1106 5305
f 5305 5307 1098
f 1090 1098 5307
f 5307 5306 1090
f 1082 1090 5306
f 685 5308 5341
f 5341 683 685
f 5308 5309 5342
f 5342 5341 5308
f 5309 5310 5343
f 5343 5342 5309
f 5310 5311 5344
f 5344 5343 5310
f 5311 5312 5345
f 5345 5344 5311
f 5312 5313 5346
f 5346 5345 5312
f 5313 5314 5347
f 5347 5346 5313
f 5314 5315 5348
f 5348 5347 5314
f 5315 5316 5349
f 5349 5348 5315
f 5316 5317 5350
f 5350 5349 5316
f 5317 5318 5351
f 5351 5350 5317
f 5318 5319 5352
f 5352 5351 5318
f 5319 5320 5353
f 5353 5352 5319
f 5320 5321 5354
f 5354 5353 5320
f 5321 5322 5355
f 5355 5354 5321
f 5322 5323 5356
f 5356 5355 5322
f 5323 5324 5357
f 5357 5356 5323
f 5324 5325 5358
f 5358 5357 5324
f 5325 5326 5359
f 5359 5358 5325
f 5326 5327 5360
f 5360 5359 5326
f 5327 5328 5361
f 5361 5360 5327
f 5328 5329 5362
f 5362 5361 5328
f 5329 5330 5363
f 5363 5362 5329
f 5330 5331 5364
f 5364 5363 5330
f 5331 5332 5365
f 5365 5364 5331
f 5332 5333 5366
f 5366 5365 5332
f 5333 5334 5367
f 5367 5366 5333
f 5334 5335 5368
f 5368 5367 5334
f 5335 5336 5369
f 5369 5368 5335
f 5336 5337 5370
f 5370 5369 5336
f 5337 5338 5371
f 5371 5370 5337
f 5338 5339 5372
f 5372 5371 5338
f 5339 5340 5373
f 5373 5372 5339
f 5340 1499 1504
f 1504 5373 5340
f 683 5341 5374
f 5374 682 683
f 5341 5342 5375
f 5375 5374 5341
f 5342 5343 5376
f 5376 5375 5342
f 5343 5344 5377
f 5377 5376 5343
f 5344 5345 5378
f 5378 5377 5344
f 5345 5346 5379
f 5379 5378 5345
f 5346 5347 5380
f 5380 5379 5346
f 5347 5348 5381
f 5381 5380 5347
f 5348 5349 5382
f 5382 5381 5348
f 5349 5350 5383
f 5383 5382 5349
f 5350 5351 5384
f 5384 5383 5350
f 5351 5352 5385
f 5385 5384 5351
f 5352 5353 5386
f 5386 5385 5352
f 5353 5354 5387
f 5387 5386 5353
f 5354 5355 5388
f 5388 5387 5354
f 5355 5356 5389
f 5389 5388 5355
f 5356 5357 5390
f 5390 5389 5356
f 5357 5358 5391
f 5391 5390 5357
f 5358 5359 5392
f 5392 5391 5358
f 5359 5360 5393
f 5393 5392 5359
f 5360 5361 5394
f 5394 5393 5360
f 5361 5362 5395
f 5395 5394 5361
f 5362 5363 5396
f 5396 5395 5362
f 5363 5364 5397
f 5397 5396 5363
f 5364 5365 5398
f 5398 5397 5364
f 5365 5366 5399
f 5399 5398 5365
f 5366 5367 5400
f 5400 5399 5366
f 5367 5368 5401
f 5401 5400 5367
f 5368 5369 5402
f 5402 5401 5368
f 5369 5370 5403
f 5403 5402 5369
f 5370 5371 5404
f 5404 5403 5370
f 5371 5372 5405
f 5405 5404 5371
f 5372 5373 5406
f 5406 5405 5372
f 5373 1504 1509
f 1509 5406 5373
f 682 5374 5407
f 5407 681 682
f 5374 5375 5408
f 5408 5407 5374
f 5375 5376 5409
f 5409 5408 5375
f 5376 5377 5410
f 5410 5409 5376
f 5377 5378 5411
f 5411 5410 5377
f 5378 5379 5412
f 5412 5411 5378
f 5379 5380 5413
f 5413 5412 5379
f 5380 5381 5414
f 5414 5413 5380
f 5381 5382 5415
f 5415 5414 5381
f 5382 5383 5416
f 5416 5415 5382
f 5383 5384 5417
f 5417 5416 5383
f 5384 5385 5418
f 5418 5417 5384
f 5385 5386 5419
f 5419 5418 5385
f 5386 5387 5420
f 5420 5419 5386
f 5387 5388 5421
f 5421 5420 5387
f 5388 5389 5422
f 5422 5421 5388
f 5389 5390 5423
f 5423 5422 5389
f 5390 5391 5424
f 5424 5423 5390
f 5391 5392 5425
f 5425 5424 5391
f 5392 5393 5426
f 5426 5425 5392
f 5393 5394 5427
f 5427 5426 5393
f 5394 5395 5428
f 5428 5427 5394
f 5395 5396 5429
f 5429 5428 5395
f 5396 5397 5430
f 5430 5429 5396
f 5397 5398 5431
f 5431 5430 5397
f 5398 5399 5432
f 5432 5431 5398
f 5399 5400 5433
f 5433 5432 5399
f 5400 5401 5434
f 5434 5433 5400
f 5401 5402 5435
f 5435 5434 5401
f 5402 5403 5436
f 5436 5435 5402
f 5403 5404 5437
f 5437 5436 5403
f 5404 5405 5438
f 5438 5437 5404
f 5405 5406 5439
f 5439 5438 5405
f 5406 1509 1514
f 1514 5439 5406
f 681 5407 5440
f 5440 680 681
f 5407 5408 5441
f 5441 5440 5407
f 5408 5409 5442
f 5442 5441 5408
f 5409 5410 5443
f 5443 5442 5409
f 5410 5411 5444
f 5444 5443 5410
f 5411 5412 5445
f 5445 5444 5411
f 5412 5413 5446
f 5446 5445 5412
f 5413 5414 5447
f 5447 5446 5413
f 5414 5415 5448
f 5448 5447 5414
f 5415 5416 5449
f 5449 5448 5415
f 5416 5417 5450
f 5450 5449 5416
f 5417 5418 5451
f 5451 5450 5417
f 5418 5419 5452
f 5452 5451 5418
f 5419 5420 5453
f 5453 5452 5419
f 5420 5421 5454
f 5454 5453 5420
f 5421 5422 5455
f 5455 5454 5421
f 5422 5423 5456
f 5456 5455 5422
f 5423 5424 5457
f 5457 5456 5423
f 5424 5425 5458
f 5458 5457 5424
f 5425 5426 5459
f 5459 5458 5425
f 5426 5427 5460
f 5460 5459 5426
f 5427 5428 5461
f 5461 5460 5427
f 5428 5429 5462
f 5462 5461 5428
f 5429 5430 5463
f 5463 5462 5429
f 5430 5431 5464
f 5464 5463 5430
f 5431 5432 5465
f 5465 5464 5431
f 5432 5433 5466
f 5466 5465 5432
f 5433 5434 5467
f 5467 5466 5433
f 5434 5435 5468
f 5468 5467 5434
f 5435 5436 5469
f 5469 5468 5435
f 5436 5437 5470
f 5470 5469 5436
f 5437 5438 5471
f 5471 5470 5437
f 5438 5439 5472
f 5472 5471 5438
f 5439 1514 1519
f 1519 5472 5439
f 680 5440 5473
f 5473 679 680
f 5440 5441 5474
f 5474 5473 5440
f 5441 5442 5475
f 5475 5474 5441
f 5442 5443 5476
f 5476 5475 5442
f 5443 5444 5477
f 5477 5476 5443
f 5444 5445 5478
f 5478 5477 5444
f 5445 5446 5479
f 5479 5478 5445
f 5446 5447 5480
f 5480 5479 5446
f 5447 5448 5481
f 5481 5480 5447
f 5448 5449 5482
f 5482 5481 5448
f 5449 5450 5483
f 5483 5482 5449
f 5450 5451 5484
f 5484 5483 5450
f 5451 5452 5485
f 5485 5484 5451
f 5452 5453 5486
f 5486 5485 5452
f 5453 5454 5487
f 5487 5486 5453
f 5454 5455 5488
f 5488 5487 5454
f 5455 5456 5489
f 5489 5488 5455
f 5456 5457 5490
f 5490 5489 5456
f 5457 5458 5491
f 5491 5490 5457
f 5458 5459 5492
f 5492 5491 5458
f 5459 5460 5493
f 5493 5492 5459
f 5460 5461 5494
f 5494 5493 5460
f 5461 5462 5495
f 5495 5494 5461
f 5462 5463 5496
f 5496 5495 5462
f 5463 5464 5497
f 5497 5496 5463
f 5464 5465 5498
f 5498 5497 5464
f 5465 5466 5499
f 5499 5498 5465
f 5466 5467 5500
f 5500 5499 5466
f 5467 5468 5501
f 5501 5500 5467
f 5468 5469 5502
f 5502 5501 5468
f 5469 5470 5503
f 5503 5502 5469
f 5470 5471 5504
f 5504 5503 5470
f 5471 5472 5505
f 5505 5504 5471
f 5472 1519 1524
f 1524 5505 5472
f 679 5473 5506
f 5506 671 679
f 5473 5474 5507
f 5507 5506 5473
f 5474 5475 5508
f 5508 5507 5474
f 5475 5476 5509
f 5509 5508 5475
f 5476 5477 5510
f 5510 5509 5476
f 5477 5478 5511
f 5511 5510 5477
f 5478 5479 5512
f 5512 5511 5478
f 5479 5480 5513
f 5513 5512 5479
f 5480 5481 5514
f 5514 5513 5480
f 5481 5482 5515
f 5515 5514 5481
f 5482 5483 5516
f 5516 5515 5482
f 5483 5484 5517
f 5517 5516 5483
f 5484 5485 5518
f 5518 5517 5484
f 5485 5486 5519
f 5519 5518 5485
f 5486 5487 5520
f 5520 5519 5486
f 5487 5488 5521
f 5521 5520 5487
f 5488 5489 5522
f 5522 5521 5488
f 5489 5490 5523
f 5523 5522 5489
f 5490 5491 5524
f 5524 5523 5490
f 5491 5492 5525
f 5525 5524 5491
f 5492 5493 5526
f 5526 5525 5492
f 5493 5494 5527
f 5527 5526 5493
f 5494 5495 5528
f 5528 5527 5494
f 5495 5496 5529
f 5529 5528 5495
f 5496 5497 5530
f 5530 5529 5496
f 5497 5498 5531
f 5531 5530 5497
f 5498 5499 5532
f 5532 5531 5498
f 5499 5500 5533
f 5533 5532 5499
f 5500 5501 5534
f 5534 5533 5500
f 5501 5502 5535
f 5535 5534 5501
f 5502 5503 5536
f 5536 5535 5502
f 5503 5504 5537
f 5537 5536 5503
f 5504 5505 5538
f 5538 5537 5504
f 5505 1524 1529
f 1529 5538 5505
f 671 5506 5539
f 5539 650 671
f 5506 5507 5540
f 5540 5539 5506
f 5507 5508 5541
f 5541 5540 5507
f 5508 5509 5542
f 5542 5541 5508
f 5509 5510 5543
f 5543 5542 5509
f 5510 5511 5544
f 5544 5543 5510
f 5511 5512 5545
f 5545 5544 5511
f 5512 5513 5546
f 5546 5545 5512
f 5513 5514 5547
f 5547 5546 5513
f 5514 5515 5548
f 5548 5547 5514
f 5515 5516 5549
f 5549 5548 5515
f 5516 5517 5550
f 5550 5549 5516
f 5517 5518 5551
f 5551 5550 5517
f 5518 5519 5552
f 5552 5551 5518
f 5519 5520 5553
f 5553 5552 5519
f 5520 5521 5554
f 5554 5553 5520
f 5521 5522 5555
f 5555 5554 5521
f 5522 5523 5556
f 5556 5555 5522
f 5523 5524 5557
f 5557 5556 5523
f 5524 5525 5558
f 5558 5557 5524
f 5525 5526 5559
f 5559 5558 5525
f 5526 5527 5560
f 5560 5559 5526
f 5527 5528 5561
f 5561 5560 5527
f 5528 5529 5562
f 5562 5561 5528
f 5529 5530 5563
f 5563 5562 5529
f 5530 5531 5564
f 5564 5563 5530
f 5531 5532 5565
f 5565 5564 5531
f 5532 5533 5566
f 5566 5565 5532
f 5533 5534 5567
f 5567 5566 5533
f 5534 5535 5568
f 5568 5567 5534
f 5535 5536 5569
f 5569 5568 5535
f 5536 5537 5570
f 5570 5569 5536
f 5537 5538 5571
f 5571 5570 5537
f 5538 1529 1534
f 1534 5571 5538
f 650 5539 5572
f 5572 627 650
f 5539 5540 5573
f 5573 5572 5539
f 5540 5541 5574
f 5574 5573 5540
f 5541 5542 5575
f 5575 5574 5541
f 5542 5543 5576
f 5576 5575 5542
f 5543 5544 5577
f 5577 5576 5543
f 5544 5545 5578
f 5578 5577 5544
f 5545 5546 5579
f 5579 5578 5545
f 5546 5547 5580
f 5580 5579 5546
f 5547 5548 5581
f 5581 5580 5547
f 5548 5549 5582
f 5582 5581 5548
f 5549 5550 5583
f 5583 5582 5549
f 5550 5551 5584
f 5584 5583 5550
f 5551 5552 5585
f 5585 5584 5551
f 5552 5553 5586
f 5586 5585 5552
f 5553 5554 5587
f 5587 5586 5553
f 5554 5555 5588
f 5588 5587 5554
f 5555 5556 5589
f 5589 5588 5555
f 5556 5557 5590
f 5590 5589 5556
f 5557 5558 5591
f 5591 5590 5557
f 5558 5559 5592
f 5592 5591 5558
f 5559 5560 5593
f 5593 5592 5559
f 5560 5561 5594
f 5594 5593 5560
f 5561 5562 5595
f 5595 5594 5561
f 5562 5563 5596
f 5596 5595 5562
f 5563 5564 5597
f 5597 5596 5563
f 5564 5565 5598
f 5598 5597 5564
f 5565 5566 5599
f 5599 5598 5565
f 5566 5567 5600
f 5600 5599 5566
f 5567 5568 5601
f 5601 5600 5567
f 5568 5569 5602
f 5602 5601 5568
f 5569 5570 5603
f 5603 5602 5569
f 5570 5571 5604
f 5604 5603 5570
f 5571 1534 1537
f 1537 5604 5571
f 627 5572 1780
f 1780 626 627
f 5572 5573 1780
f 1776 1780 5573
f 5573 5574 1776
f 1772 1776 5574
f 5574 5575 1772
f 1768 1772 5575
f 5575 5576 1768
f 1764 1768 5576
f 5576 5577 1764
f 1760 1764 5577
f 5577 5578 1760
f 1756 1760 5578
f 5578 5579 1756
f 1751 1756 5579
f 5579 5580 1751
f 1746 1751 5580
f 5580 5581 1746
f 1741 1746 5581
f 5581 5582 1741
f 1734 1741 5582
f 5582 5583 1734
f 1726 1734 5583
f 5583 5584 1726
f 1718 1726 5584
f 5584 5585 1718
f 1709 1718 5585
f 5585 5586 1709
f 1700 1709 5586
f 5586 5587 1700
f 1689 1700 5587
f 5587 5588 1689
f 1675 1689 5588
f 5588 5589 1675
f 1659 1675 5589
f 5589 5590 1659
f 1643 1659 5590
f 5590 5591 1643
f 1626 1643 5591
f 5591 5592 1626
f 1607 1626 5592
f 5592 5593 1607
f 1599 1607 5593
f 5593 5594 1599
f 1591 1599 5594
f 5594 5595 1591
f 1584 1591 5595
f 5595 5596 1584
f 1579 1584 5596
f 5596 5597 1579
f 1574 1579 5597
f 5597 5598 1574
f 1569 1574 5598
f 5598 5599 1569
f 1564 1569 5599
f 5599 5600 1564
f 1558 1564 5600
f 5600 5601 1558
f 1552 1558 5601
f 5601 5602 1552
f 1549 1552 5602
f 5602 5603 1549
f 1546 1549 5603
f 5603 5604 1546
f 1543 1546 5604
f 5604 1537 1543
f 1540 1543 1537
f 1449 1463 5605
f 5606 5605 1463
f 1463 1475 5606
f 5607 5606 1475
f 1475 1485 5607
f 5608 5607 1485
f 1485 1493 5609
f 5609 5608 1485
f 1493 1499 5340
f 5340 5609 1493
f 5605 5606 5610
f 5611 5610 5606
f 5606 5607 5611
f 5612 5611 5607
f 5607 5608 5612
f 5613 5612 5608
f 5608 5609 5614
f 5614 5613 5608
f 5609 5340 5339
f 5339 5614 5609
f 5610 5611 5615
f 5616 5615 5611
f 5611 5612 5616
f 5617 5616 5612
f 5612 5613 5617
f 5618 5617 5613
f 5613 5614 5619
f 5619 5618 5613
f 5614 5339 5338
f 5338 5619 5614
f 5615 5616 5620
f 5621 5620 5616
f 5616 5617 5621
f 5622 5621 5617
f 5617 5618 5622
f 5623 5622 5618
f 5618 5619 5624
f 5624 5623 5618
f 5619 5338 5337
f 5337 5624 5619
f 5620 5621 5625
f 5626 5625 5621
f 5621 5622 5626
f 5627 5626 5622
f 5622 5623 5627
f 5628 5627 5623
f 5623 5624 5629
f 5629 5628 5623
f 5624 5337 5336
f 5336 5629 5624
f 5625 5626 5630
f 5631 5630 5626
f 5626 5627 5631
f 5632 5631 5627
f 5627 5628 5632
f 5633 5632 5628
f 5628 5629 5634
f 5634 5633 5628
f 5629 5336 5335
f 5335 5634 5629
f 5630 5631 5635
f 5636 5635 5631
f 5631 5632 5636
f 5637 5636 5632
f 5632 5633 5637
f 5638 5637 5633
f 5633 5634 5639
f 5639 5638 5633
f 5634 5335 5334
f 5334 5639 5634
f 5635 5636 5644
f 5643 5644 5636
f 5636 5637 5643
f 5642 5643 5637
f 5637 5638 5642
f 5641 5642 5638
f 5638 5639 5640
f 5640 5641 5638
f 5639 5334 5333
f 5333 5640 5639
f 5644 5643 5649
f 5648 5649 5643
f 5643 5642 5648
f 5647 5648 5642
f 5642 5641 5647
f 5646 5647 5641
f 5641 5640 5645
f 5645 5646 5641
f 5640 5333 5332
f 5332 5645 5640
f 5649 5648 5654
f 5653 5654 5648
f 5648 5647 5653
f 5652 5653 5647
f 5647 5646 5652
f 5651 5652 5646
f 5646 5645 5650
f 5650 5651 5646
f 5645 5332 5331
f 5331 5650 5645
f 5654 5653 5659
f 5658 5659 5653
f 5653 5652 5658
f 5657 5658 5652
f 5652 5651 5657
f 5656 5657 5651
f 5651 5650 5655
f 5655 5656 5651
f 5650 5331 5330
f 5330 5655 5650
f 5659 5658 5664
f 5663 5664 5658
f 5658 5657 5663
f 5662 5663 5657
f 5657 5656 5662
f 5661 5662 5656
f 5656 5655 5660
f 5660 5661 5656
f 5655 5330 5329
f 5329 5660 5655
f 5664 5663 5669
f 5668 5669 5663
f 5663 5662 5668
f 5667 5668 5662
f 5662 5661 5667
f 5666 5667 5661
f 5661 5660 5665
f 5665 5666 5661
f 5660 5329 5328
f 5328 5665 5660
f 5669 5668 5674
f 5673 5674 5668
f 5668 5667 5673
f 5672 5673 5667
f 5667 5666 5672
f 5671 5672 5666
f 5666 5665 5670
f 5670 5671 5666
f 5665 5328 5327
f 5327 5670 5665
f 5674 5673 5679
f 5678 5679 5673
f 5673 5672 5678
f 5677 5678 5672
f 5672 5671 5677
f 5676 5677 5671
f 5671 5670 5675
f 5675 5676 5671
f 5670 5327 5326
f 5326 5675 5670
f 5679 5678 5684
f 5683 5684 5678
f 5678 5677 5683
f 5682 5683 5677
f 5677 5676 5682
f 5681 5682 5676
f 5676 5675 5680
f 5680 5681 5676
f 5675 5326 5325
f 5325 5680 5675
f 5684 5683 5689
f 5688 5689 5683
f 5683 5682 5688
f 5687 5688 5682
f 5682 5681 5687
f 5686 5687 5681
f 5681 5680 5685
f 5685 5686 5681
f 5680 5325 5324
f 5324 5685 5680
f 5689 5688 5694
f 5693 5694 5688
f 5688 5687 5693
f 5692 5693 5687
f 5687 5686 5692
f 5691 5692 5686
f 5686 5685 5690
f 5690 5691 5686
f 5685 5324 5323
f 5323 5690 5685
f 5694 5693 5699
f 5698 5699 5693
f 5693 5692 5698
f 5697 5698 5692
f 5692 5691 5697
f 5696 5697 5691
f 5691 5690 5695
f 5695 5696 5691
f 5690 5323 5322
f 5322 5695 5690
f 5699 5698 5704
f 5703 5704 5698
f 5698 5697 5703
f 5702 5703 5697
f 5697 5696 5702
f 5701 5702 5696
f 5696 5695 5700
f 5700 5701 5696
f 5695 5322 5321
f 5321 5700 5695
f 5704 5703 5709
f 5708 5709 5703
f 5703 5702 5708
f 5707 5708 5702
f 5702 5701 5707
f 5706 5707 5701
f 5701 5700 5705
f 5705 5706 5701
f 5700 5321 5320
f 5320 5705 5700
f 5709 5708 5714
f 5713 5714 5708
f 5708 5707 5713
f 5712 5713 5707
f 5707 5706 5712
f 5711 5712 5706
f 5706 5705 5711
f 5710 5711 5705
f 5705 5320 5319
f 5319 5710 5705
f 5714 5713 5719
f 5718 5719 5713
f 5713 5712 5718
f 5717 5718 5712
f 5712 5711 5717
f 5716 5717 5711
f 5711 5710 5716
f 5715 5716 5710
f 5710 5319 5318
f 5318 5715 5710
f 5719 5718 5724
f 5723 5724 5718
f 5718 5717 5723
f 5722 5723 5717
f 5717 5716 5722
f 5721 5722 5716
f 5716 5715 5721
f 5720 5721 5715
f 5715 5318 5317
f 5317 5720 5715
f 5724 5723 5729
f 5728 5729 5723
f 5723 5722 5728
f 5727 5728 5722
f 5722 5721 5727
f 5726 5727 5721
f 5721 5720 5726
f 5725 5726 5720
f 5720 5317 5316
f 5316 5725 5720
f 5729 5728 5730
f 5731 5730 5728
f 5728 5727 5731
f 5732 5731 5727
f 5727 5726 5732
f 5733 5732 5726
f 5726 5725 5733
f 5734 5733 5725
f 5725 5316 5315
f 5315 5734 5725
f 5730 5731 5735
f 5736 5735 5731
f 5731 5732 5736
f 5737 5736 5732
f 5732 5733 5737
f 5738 5737 5733
f 5733 5734 5738
f 5739 5738 5734
f 5734 5315 5314
f 5314 5739 5734
f 5735 5736 5740
f 5741 5740 5736
f 5736 5737 5741
f 5742 5741 5737
f 5737 5738 5742
f 5743 5742 5738
f 5738 5739 5743
f 5744 5743 5739
f 5739 5314 5313
f 5313 5744 5739
f 5740 5741 5745
f 5746 5745 5741
f 5741 5742 5746
f 5747 5746 5742
f 5742 5743 5747
f 5748 5747 5743
f 5743 5744 5748
f 5749 5748 5744
f 5744 5313 5312
f 5312 5749 5744
f 5745 5746 5750
f 5751 5750 5746
f 5746 5747 5751
f 5752 5751 5747
f 5747 5748 5752
f 5753 5752 5748
f 5748 5749 5753
f 5754 5753 5749
f 5749 5312 5311
f 5311 5754 5749
f 5750 5751 5755
f 5756 5755 5751
f 5751 5752 5756
f 5757 5756 5752
f 5752 5753 5757
f 5758 5757 5753
f 5753 5754 5758
f 5759 5758 5754
f 5754 5311 5310
f 5310 5759 5754
f 5755 5756 5760
f 5761 5760 5756
f 5756 5757 5761
f 5762 5761 5757
f 5757 5758 5762
f 5763 5762 5758
f 5758 5759 5763
f 5764 5763 5759
f 5759 5310 5309
f 5309 5764 5759
f 5760 5761 5765
f 5766 5765 5761
f 5761 5762 5766
f 5767 5766 5762
f 5762 5763 5767
f 5768 5767 5763
f 5763 5764 5768
f 5769 5768 5764
f 5764 5309 5308
f 5308 5769 5764
f 5765 5766 572
f 595 572 5766
f 5766 5767 595
f 618 595 5767
f 5767 5768 618
f 641 618 5768
f 5768 5769 641
f 649 641 5769
f 5769 5308 685
f 685 649 5769
f 1409 1411 5770
f 5770 1906 1409
f 1411 1410 5771
f 5771 5770 1411
f 1410 1408 5772
f 5772 5771 1410
f 1408 1406 5773
f 5773 5772 1408
f 1406 1401 5773
f 5774 5773 1401
f 1906 5770 5775
f 5775 1902 1906
f 5770 5771 5776
f 5776 5775 5770
f 5771 5772 5777
f 5777 5776 5771
f 5772 5773 5777
f 5778 5777 5773
f 5773 5774 5778
f 5779 5778 5774
f 1902 5775 5780
f 5780 1898 1902
f 5775 5776 5781
f 5781 5780 5775
f 5776 5777 5782
f 5782 5781 5776
f 5777 5778 5782
f 5783 5782 5778
f 5778 5779 5783
f 5784 5783 5779
f 1898 5780 5785
f 5785 1894 1898
f 5780 5781 5786
f 5786 5785 5780
f 5781 5782 5787
f 5787 5786 5781
f 5782 5783 5787
f 5788 5787 5783
f 5783 5784 5788
f 5789 5788 5784
f 1894 5785 5790
f 5790 1890 1894
f 5785 5786 5791
f 5791 5790 5785
f 5786 5787 5792
f 5792 5791 5786
f 5787 5788 5792
f 5793 5792 5788
f 5788 5789 5793
f 5794 5793 5789
f 1890 5790 5795
f 5795 1886 1890
f 5790 5791 5796
f 5796 5795 5790
f 5791 5792 5796
f 5797 5796 5792
f 5792 5793 5797
f 5798 5797 5793
f 5793 5794 5798
f 5799 5798 5794
f 1886 5795 5804
f 5804 1882 1886
f 5795 5796 5803
f 5803 5804 5795
f 5796 5797 5802
f 5802 5803 5796
f 5797 5798 5802
f 5801 5802 5798
f 5798 5799 5801
f 5800 5801 5799
f 1882 5804 5809
f 5809 1878 1882
f 5804 5803 5808
f 5808 5809 5804
f 5803 5802 5807
f 5807 5808 5803
f 5802 5801 5807
f 5806 5807 5801
f 5801 5800 5806
f 5805 5806 5800
f 1878 5809 5814
f 5814 1874 1878
f 5809 5808 5813
f 5813 5814 5809
f 5808 5807 5812
f 5812 5813 5808
f 5807 5806 5812
f 5811 5812 5806
f 5806 5805 5811
f 5810 5811 5805
f 1874 5814 5819
f 5819 1870 1874
f 5814 5813 5818
f 5818 5819 5814
f 5813 5812 5817
f 5817 5818 5813
f 5812 5811 5817
f 5816 5817 5811
f 5811 5810 5816
f 5815 5816 5810
f 1870 5819 5824
f 5824 1866 1870
f 5819 5818 5823
f 5823 5824 5819
f 5818 5817 5822
f 5822 5823 5818
f 5817 5816 5822
f 5821 5822 5816
f 5816 5815 5821
f 5820 5821 5815
f 1866 5824 5829
f 5829 1862 1866
f 5824 5823 5828
f 5828 5829 5824
f 5823 5822 5827
f 5827 5828 5823
f 5822 5821 5827
f 5826 5827 5821
f 5821 5820 5826
f 5825 5826 5820
f 1862 5829 5834
f 5834 1858 1862
f 5829 5828 5833
f 5833 5834 5829
f 5828 5827 5832
f 5832 5833 5828
f 5827 5826 5832
f 5831 5832 5826
f 5826 5825 5831
f 5830 5831 5825
f 1858 5834 5839
f 5839 1854 1858
f 5834 5833 5838
f 5838 5839 5834
f 5833 5832 5837
f 5837 5838 5833
f 5832 5831 5837
f 5836 5837 5831
f 5831 5830 5836
f 5835 5836 5830
f 1854 5839 5844
f 5844 1850 1854
f 5839 5838 5843
f 5843 5844 5839
f 5838 5837 5842
f 5842 5843 5838
f 5837 5836 5842
f 5841 5842 5836
f 5836 5835 5841
f 5840 5841 5835
f 1850 5844 5849
f 5849 1846 1850
f 5844 5843 5848
f 5848 5849 5844
f 5843 5842 5847
f 5847 5848 5843
f 5842 5841 5847
f 5846 5847 5841
f 5841 5840 5846
f 5845 5846 5840
f 1846 5849 5854
f 5854 1843 1846
f 5849 5848 5853
f 5853 5854 5849
f 5848 5847 5852
f 5852 5853 5848
f 5847 5846 5852
f 5851 5852 5846
f 5846 5845 5851
f 5850 5851 5845
f 1843 5854 5859
f 5859 1840 1843
f 5854 5853 5858
f 5858 5859 5854
f 5853 5852 5857
f 5857 5858 5853
f 5852 5851 5857
f 5856 5857 5851
f 5851 5850 5856
f 5855 5856 5850
f 1840 5859 5864
f 5864 1837 1840
f 5859 5858 5863
f 5863 5864 5859
f 5858 5857 5862
f 5862 5863 5858
f 5857 5856 5862
f 5861 5862 5856
f 5856 5855 5861
f 5860 5861 5855
f 1837 5864 5869
f 5869 1834 1837
f 5864 5863 5868
f 5868 5869 5864
f 5863 5862 5867
f 5867 5868 5863
f 5862 5861 5867
f 5866 5867 5861
f 5861 5860 5866
f 5865 5866 5860
f 1834 5869 5874
f 5874 1831 1834
f 5869 5868 5873
f 5873 5874 5869
f 5868 5867 5872
f 5872 5873 5868
f 5867 5866 5872
f 5871 5872 5866
f 5866 5865 5871
f 5870 5871 5865
f 1831 5874 5879
f 5879 1827 1831
f 5874 5873 5878
f 5878 5879 5874
f 5873 5872 5877
f 5877 5878 5873
f 5872 5871 5877
f 5876 5877 5871
f 5871 5870 5876
f 5875 5876 5870
f 1827 5879 5884
f 5884 1823 1827
f 5879 5878 5883
f 5883 5884 5879
f 5878 5877 5882
f 5882 5883 5878
f 5877 5876 5882
f 5881 5882 5876
f 5876 5875 5881
f 5880 5881 5875
f 1823 5884 5889
f 5889 1819 1823
f 5884 5883 5888
f 5888 5889 5884
f 5883 5882 5887
f 5887 5888 5883
f 5882 5881 5887
f 5886 5887 5881
f 5881 5880 5886
f 5885 5886 5880
f 1819 5889 5894
f 5894 1815 1819
f 5889 5888 5893
f 5893 5894 5889
f 5888 5887 5892
f 5892 5893 5888
f 5887 5886 5892
f 5891 5892 5886
f 5886 5885 5891
f 5890 5891 5885
f 1815 5894 5899
f 5899 1811 1815
f 5894 5893 5898
f 5898 5899 5894
f 5893 5892 5897
f 5897 5898 5893
f 5892 5891 5897
f 5896 5897 5891
f 5891 5890 5896
f 5895 5896 5890
f 1811 5899 5900
f 5900 1807 1811
f 5899 5898 5901
f 5901 5900 5899
f 5898 5897 5902
f 5902 5901 5898
f 5897 5896 5902
f 5903 5902 5896
f 5896 5895 5903
f 5904 5903 5895
f 1807 5900 5905
f 5905 1803 1807
f 5900 5901 5906
f 5906 5905 5900
f 5901 5902 5907
f 5907 5906 5901
f 5902 5903 5907
f 5908 5907 5903
f 5903 5904 5908
f 5909 5908 5904
f 1803 5905 5910
f 5910 1799 1803
f 5905 5906 5911
f 5911 5910 5905
f 5906 5907 5911
f 5912 5911 5907
f 5907 5908 5912
f 5913 5912 5908
f 5908 5909 5913
f 5914 5913 5909
f 1799 5910 5915
f 5915 1795 1799
f 5910 5911 5916
f 5916 5915 5910
f 5911 5912 5916
f 5917 5916 5912
f 5912 5913 5917
f 5918 5917 5913
f 5913 5914 5918
f 5919 5918 5914
f 1795 5915 5920
f 5920 1791 1795
f 5915 5916 5920
f 5921 5920 5916
f 5916 5917 5921
f 5922 5921 5917
f 5917 5918 5922
f 5923 5922 5918
f 5918 5919 5923
f 5924 5923 5919
f 1791 5920 1787
f 5925 1787 5920
f 5920 5921 5925
f 5926 5925 5921
f 5921 5922 5926
f 5927 5926 5922
f 5922 5923 5927
f 5928 5927 5923
f 5923 5924 5928
f 5929 5928 5924
f 1787 5925 704
f 670 704 5925
f 5925 5926 670
f 640 670 5926
f 5926 5927 640
f 617 640 5927
f 5927 5928 617
f 594 617 5928
f 5928 5929 594
f 571 594 5929
f 1401 1414 5930
f 5930 5774 1401
f 1414 1426 5931
f 5931 5930 1414
f 1426 1438 5932
f 5932 5931 1426
f 1438 1445 5932
f 5933 5932 1445
f 1445 1446 5933
f 5934 5933 1446
f 1446 1447 5934
f 5935 5934 1447
f 1447 1448 5935
f 5936 5935 1448
f 1448 1449 5936
f 5605 5936 1449
f 5774 5930 5939
f 5939 5779 5774
f 5930 5931 5937
f 5937 5939 5930
f 5931 5932 5938
f 5938 5937 5931
f 5932 5933 5938
f 5940 5938 5933
f 5933 5934 5940
f 5941 5940 5934
f 5934 5935 5941
f 5942 5941 5935
f 5935 5936 5942
f 5943 5942 5936
f 5936 5605 5943
f 5610 5943 5605
f 5779 5939 5947
f 5947 5784 5779
f 5939 5937 5945
f 5945 5947 5939
f 5937 5938 5944
f 5944 5945 5937
f 5938 5940 5944
f 5946 5944 5940
f 5940 5941 5946
f 5948 5946 5941
f 5941 5942 5948
f 5949 5948 5942
f 5942 5943 5949
f 5950 5949 5943
f 5943 5610 5950
f 5615 5950 5610
f 5784 5947 5955
f 5955 5789 5784
f 5947 5945 5953
f 5953 5955 5947
f 5945 5944 5951
f 5951 5953 5945
f 5944 5946 5952
f 5952 5951 5944
f 5946 5948 5952
f 5954 5952 5948
f 5948 5949 5954
f 5956 5954 5949
f 5949 5950 5956
f 5957 5956 5950
f 5950 5615 5957
f 5620 5957 5615
f 5789 5955 5963
f 5963 5794 5789
f 5955 5953 5960
f 5960 5963 5955
f 5953 5951 5958
f 5958 5960 5953
f 5951 5952 5959
f 5959 5958 5951
f 5952 5954 5959
f 5961 5959 5954
f 5954 5956 5961
f 5962 5961 5956
f 5956 5957 5962
f 5964 5962 5957
f 5957 5620 5964
f 5625 5964 5620
f 5794 5963 5969
f 5969 5799 5794
f 5963 5960 5967
f 5967 5969 5963
f 5960 5958 5965
f 5965 5967 5960
f 5958 5959 5966
f 5966 5965 5958
f 5959 5961 5966
f 5968 5966 5961
f 5961 5962 5968
f 5970 5968 5962
f 5962 5964 5970
f 5971 5970 5964
f 5964 5625 5971
f 5630 5971 5625
f 5799 5969 5976
f 5976 5800 5799
f 5969 5967 5973
f 5973 5976 5969
f 5967 5965 5972
f 5972 5973 5967
f 5965 5966 5974
f 5974 5972 5965
f 5966 5968 5974
f 5975 5974 5968
f 5968 5970 5975
f 5977 5975 5970
f 5970 5971 5977
f 5978 5977 5971
f 5971 5630 5978
f 5635 5978 5630
f 5800 5976 5983
f 5983 5805 5800
f 5976 5973 5980
f 5980 5983 5976
f 5973 5972 5979
f 5979 5980 5973
f 5972 5974 5981
f 5981 5979 5972
f 5974 5975 5981
f 5982 5981 5975
f 5975 5977 5982
f 5984 5982 5977
f 5977 5978 5984
f 5985 5984 5978
f 5978 5635 5985
f 5644 5985 5635
f 5805 5983 5990
f 5990 5810 5805
f 5983 5980 5987
f 5987 5990 5983
f 5980 5979 5986
f 5986 5987 5980
f 5979 5981 5988
f 5988 5986 5979
f 5981 5982 5988
f 5989 5988 5982
f 5982 5984 5989
f 5991 5989 5984
f 5984 5985 5991
f 5992 5991 5985
f 5985 5644 5649
f 5649 5992 5985
f 5810 5990 5998
f 5998 5815 5810
f 5990 5987 5995
f 5995 5998 5990
f 5987 5986 5993
f 5993 5995 5987
f 5986 5988 5994
f 5994 5993 5986
f 5988 5989 5994
f 5996 5994 5989
f 5989 5991 5996
f 5997 5996 5991
f 5991 5992 5997
f 5999 5997 5992
f 5992 5649 5654
f 5654 5999 5992
f 5815 5998 6005
f 6005 5820 5815
f 5998 5995 6002
f 6002 6005 5998
f 5995 5993 6000
f 6000 6002 5995
f 5993 5994 6001
f 6001 6000 5993
f 5994 5996 6001
f 6003 6001 5996
f 5996 5997 6003
f 6004 6003 5997
f 5997 5999 6004
f 6006 6004 5999
f 5999 5654 5659
f 5659 6006 5999
f 5820 6005 6012
f 6012 5825 5820
f 6005 6002 6009
f 6009 6012 6005
f 6002 6000 6007
f 6007 6009 6002
f 6000 6001 6008
f 6008 6007 6000
f 6001 6003 6010
f 6010 6008 6001
f 6003 6004 6010
f 6011 6010 6004
f 6004 6006 6011
f 6013 6011 6006
f 6006 5659 5664
f 5664 6013 6006
f 5825 6012 6019
f 6019 5830 5825
f 6012 6009 6016
f 6016 6019 6012
f 6009 6007 6014
f 6014 6016 6009
f 6007 6008 6015
f 6015 6014 6007
f 6008 6010 6017
f 6017 6015 6008
f 6010 6011 6017
f 6018 6017 6011
f 6011 6013 6018
f 6020 6018 6013
f 6013 5664 5669
f 5669 6020 6013
f 5830 6019 6026
f 6026 5835 5830
f 6019 6016 6023
f 6023 6026 6019
f 6016 6014 6021
f 6021 6023 6016
f 6014 6015 6022
f 6022 6021 6014
f 6015 6017 6024
f 6024 6022 6015
f 6017 6018 6024
f 6025 6024 6018
f 6018 6020 6025
f 6027 6025 6020
f 6020 5669 5674
f 5674 6027 6020
f 5835 6026 6032
f 6032 5840 5835
f 6026 6023 6030
f 6030 6032 6026
f 6023 6021 6028
f 6028 6030 6023
f 6021 6022 6029
f 6029 6028 6021
f 6022 6024 6031
f 6031 6029 6022
f 6024 6025 6033
f 6033 6031 6024
f 6025 6027 6034
f 6034 6033 6025
f 6027 5674 5679
f 5679 6034 6027
f 5840 6032 6037
f 6037 5845 5840
f 6032 6030 6035
f 6035 6037 6032
f 6030 6028 6036
f 6036 6035 6030
f 6028 6029 6038
f 6038 6036 6028
f 6029 6031 6039
f 6039 6038 6029
f 6031 6033 6040
f 6040 6039 6031
f 6033 6034 6041
f 6041 6040 6033
f 6034 5679 5684
f 5684 6041 6034
f 6037 6035 6042
f 6043 6042 6035
f 6035 6036 6043
f 6044 6043 6036
f 6036 6038 6045
f 6045 6044 6036
f 6038 6039 6046
f 6046 6045 6038
f 6039 6040 6047
f 6047 6046 6039
f 6040 6041 6048
f 6048 6047 6040
f 6041 5684 5689
f 5689 6048 6041
f 5845 6042 5850
f 6049 5850 6042
f 6042 6043 6049
f 6050 6049 6043
f 6043 6044 6050
f 6051 6050 6044
f 6044 6045 6051
f 6052 6051 6045
f 6045 6046 6053
f 6053 6052 6045
f 6046 6047 6054
f 6054 6053 6046
f 6047 6048 6055
f 6055 6054 6047
f 6048 5689 5694
f 5694 6055 6048
f 5850 6049 5855
f 6056 5855 6049
f 6049 6050 6056
f 6057 6056 6050
f 6050 6051 6057
f 6058 6057 6051
f 6051 6052 6058
f 6059 6058 6052
f 6052 6053 6060
f 6060 6059 6052
f 6053 6054 6061
f 6061 6060 6053
f 6054 6055 6062
f 6062 6061 6054
f 6055 5694 5699
f 5699 6062 6055
f 5855 6056 5860
f 6063 5860 6056
f 6056 6057 6063
f 6064 6063 6057
f 6057 6058 6064
f 6065 6064 6058
f 6058 6059 6065
f 6066 6065 6059
f 6059 6060 6067
f 6067 6066 6059
f 6060 6061 6068
f 6068 6067 6060
f 6061 6062 6069
f 6069 6068 6061
f 6062 5699 5704
f 5704 6069 6062
f 5860 6063 5865
f 6070 5865 6063
f 6063 6064 6070
f 6071 6070 6064
f 6064 6065 6071
f 6072 6071 6065
f 6065 6066 6072
f 6073 6072 6066
f 6066 6067 6074
f 6074 6073 6066
f 6067 6068 6075
f 6075 6074 6067
f 6068 6069 6076
f 6076 6075 6068
f 6069 5704 5709
f 5709 6076 6069
f 5865 6070 5870
f 6077 5870 6070
f 6070 6071 6077
f 6078 6077 6071
f 6071 6072 6078
f 6079 6078 6072
f 6072 6073 6079
f 6080 6079 6073
f 6073 6074 6081
f 6081 6080 6073
f 6074 6075 6082
f 6082 6081 6074
f 6075 6076 6083
f 6083 6082 6075
f 6076 5709 5714
f 5714 6083 6076
f 5870 6077 5875
f 6084 5875 6077
f 6077 6078 6084
f 6085 6084 6078
f 6078 6079 6085
f 6086 6085 6079
f 6079 6080 6086
f 6087 6086 6080
f 6080 6081 6088
f 6088 6087 6080
f 6081 6082 6089
f 6089 6088 6081
f 6082 6083 6090
f 6090 6089 6082
f 6083 5714 5719
f 5719 6090 6083
f 5875 6084 5880
f 6091 5880 6084
f 6084 6085 6091
f 6092 6091 6085
f 6085 6086 6092
f 6093 6092 6086
f 6086 6087 6093
f 6094 6093 6087
f 6087 6088 6095
f 6095 6094 6087
f 6088 6089 6096
f 6096 6095 6088
f 6089 6090 6097
f 6097 6096 6089
f 6090 5719 5724
f 5724 6097 6090
f 5880 6091 5885
f 6098 5885 6091
f 6091 6092 6098
f 6099 6098 6092
f 6092 6093 6099
f 6100 6099 6093
f 6093 6094 6100
f 6101 6100 6094
f 6094 6095 6102
f 6102 6101 6094
f 6095 6096 6103
f 6103 6102 6095
f 6096 6097 6104
f 6104 6103 6096
f 6097 5724 5729
f 5729 6104 6097
f 5885 6098 5890
f 6105 5890 6098
f 6098 6099 6105
f 6106 6105 6099
f 6099 6100 6106
f 6107 6106 6100
f 6100 6101 6107
f 6108 6107 6101
f 6101 6102 6109
f 6109 6108 6101
f 6102 6103 6110
f 6110 6109 6102
f 6103 6104 6111
f 6111 6110 6103
f 6104 5729 5730
f 5730 6111 6104
f 5890 6105 5895
f 6112 5895 6105
f 6105 6106 6112
f 6113 6112 6106
f 6106 6107 6113
f 6114 6113 6107
f 6107 6108 6114
f 6115 6114 6108
f 6108 6109 6116
f 6116 6115 6108
f 6109 6110 6117
f 6117 6116 6109
f 6110 6111 6118
f 6118 6117 6110
f 6111 5730 5735
f 5735 6118 6111
f 5895 6112 5904
f 6119 5904 6112
f 6112 6113 6119
f 6120 6119 6113
f 6113 6114 6120
f 6121 6120 6114
f 6114 6115 6121
f 6122 6121 6115
f 6115 6116 6123
f 6123 6122 6115
f 6116 6117 6124
f 6124 6123 6116
f 6117 6118 6125
f 6125 6124 6117
f 6118 5735 5740
f 5740 6125 6118
f 5904 6119 5909
f 6126 5909 6119
f 6119 6120 6126
f 6127 6126 6120
f 6120 6121 6127
f 6128 6127 6121
f 6121 6122 6128
f 6129 6128 6122
f 6122 6123 6130
f 6130 6129 6122
f 6123 6124 6131
f 6131 6130 6123
f 6124 6125 6132
f 6132 6131 6124
f 6125 5740 5745
f 5745 6132 6125
f 5909 6126 5914
f 6133 5914 6126
f 6126 6127 6133
f 6134 6133 6127
f 6127 6128 6134
f 6135 6134 6128
f 6128 6129 6135
f 6136 6135 6129
f 6129 6130 6137
f 6137 6136 6129
f 6130 6131 6138
f 6138 6137 6130
f 6131 6132 6139
f 6139 6138 6131
f 6132 5745 5750
f 5750 6139 6132
f 5914 6133 5919
f 6140 5919 6133
f 6133 6134 6140
f 6141 6140 6134
f 6134 6135 6141
f 6142 6141 6135
f 6135 6136 6142
f 6143 6142 6136
f 6136 6137 6144
f 6144 6143 6136
f 6137 6138 6145
f 6145 6144 6137
f 6138 6139 6146
f 6146 6145 6138
f 6139 5750 5755
f 5755 6146 6139
f 5919 6140 5924
f 6147 5924 6140
f 6140 6141 6147
f 6148 6147 6141
f 6141 6142 6148
f 6149 6148 6142
f 6142 6143 6149
f 6150 6149 6143
f 6143 6144 6151
f 6151 6150 6143
f 6144 6145 6152
f 6152 6151 6144
f 6145 6146 6153
f 6153 6152 6145
f 6146 5755 5760
f 5760 6153 6146
f 5924 6147 5929
f 6154 5929 6147
f 6147 6148 6154
f 6155 6154 6148
f 6148 6149 6155
f 6156 6155 6149
f 6149 6150 6156
f 6157 6156 6150
f 6150 6151 6158
f 6158 6157 6150
f 6151 6152 6159
f 6159 6158 6151
f 6152 6153 6160
f 6160 6159 6152
f 6153 5760 5765
f 5765 6160 6153
f 5929 6154 574
f 574 571 5929
f 6154 6155 574
f 576 574 6155
f 6155 6156 576
f 578 576 6156
f 6156 6157 578
f 579 578 6157
f 6157 6158 577
f 577 579 6157
f 6158 6159 575
f 575 577 6158
f 6159 6160 575
f 573 575 6160
f 6160 5765 572
f 572 573 6160
f 1387 1389 6161
f 6161 3741 1387
f 3741 6161 3763
f 6164 3763 6161
f 3763 6164 3764
f 6167 3764 6164
f 3764 6167 3765
f 6171 3765 6167
f 3765 6171 3766
f 6175 3766 6171
f 3766 6175 6179
f 6179 3790 3766
f 6175 6171 6174
f 6174 6179 6175
f 6171 6167 6170
f 6170 6174 6171
f 6167 6164 6166
f 6166 6170 6167
f 6164 6161 6162
f 6162 6166 6164
f 6161 1389 6162
f 1388 6162 1389
f 3790 6179 6181
f 6181 3814 3790
f 6179 6174 6180
f 6180 6181 6179
f 6174 6170 6173
f 6173 6180 6174
f 6170 6166 6168
f 6168 6173 6170
f 6166 6162 6163
f 6163 6168 6166
f 6162 1388 6163
f 1386 6163 1388
f 3814 6181 6186
f 6186 3834 3814
f 6181 6180 6182
f 6182 6186 6181
f 6180 6173 6178
f 6178 6182 6180
f 6173 6168 6172
f 6172 6178 6173
f 6168 6163 6165
f 6165 6172 6168
f 6163 1386 6165
f 1383 6165 1386
f 3834 6186 6191
f 6191 3852 3834
f 6186 6182 6187
f 6187 6191 6186
f 6182 6178 6184
f 6184 6187 6182
f 6178 6172 6177
f 6177 6184 6178
f 6172 6165 6169
f 6169 6177 6172
f 6165 1383 1903
f 1903 6169 6165
f 3852 6191 6195
f 6195 3868 3852
f 6191 6187 6192
f 6192 6195 6191
f 6187 6184 6188
f 6188 6192 6187
f 6184 6177 6183
f 6183 6188 6184
f 6177 6169 6176
f 6176 6183 6177
f 6169 1903 1899
f 1899 6176 6169
f 3868 6195 6200
f 6200 3884 3868
f 6195 6192 6197
f 6197 6200 6195
f 6192 6188 6193
f 6193 6197 6192
f 6188 6183 6189
f 6189 6193 6188
f 6183 6176 6185
f 6185 6189 6183
f 6176 1899 1895
f 1895 6185 6176
f 3884 6200 6204
f 6204 3900 3884
f 6200 6197 6201
f 6201 6204 6200
f 6197 6193 6198
f 6198 6201 6197
f 6193 6189 6194
f 6194 6198 6193
f 6189 6185 6190
f 6190 6194 6189
f 6185 1895 1891
f 1891 6190 6185
f 3900 6204 6209
f 6209 3913 3900
f 6204 6201 6206
f 6206 6209 6204
f 6201 6198 6203
f 6203 6206 6201
f 6198 6194 6199
f 6199 6203 6198
f 6194 6190 6196
f 6196 6199 6194
f 6190 1891 1887
f 1887 6196 6190
f 3913 6209 6212
f 6212 3924 3913
f 6209 6206 6211
f 6211 6212 6209
f 6206 6203 6208
f 6208 6211 6206
f 6203 6199 6205
f 6205 6208 6203
f 6199 6196 6202
f 6202 6205 6199
f 6196 1887 1883
f 1883 6202 6196
f 3924 6212 6217
f 6217 3933 3924
f 6212 6211 6215
f 6215 6217 6212
f 6211 6208 6213
f 6213 6215 6211
f 6208 6205 6210
f 6210 6213 6208
f 6205 6202 6207
f 6207 6210 6205
f 6202 1883 1879
f 1879 6207 6202
f 3933 6217 6222
f 6222 3938 3933
f 6217 6215 6220
f 6220 6222 6217
f 6215 6213 6218
f 6218 6220 6215
f 6213 6210 6216
f 6216 6218 6213
f 6210 6207 6214
f 6214 6216 6210
f 6207 1879 1875
f 1875 6214 6207
f 3938 6222 6226
f 6226 3945 3938
f 6222 6220 6224
f 6224 6226 6222
f 6220 6218 6223
f 6223 6224 6220
f 6218 6216 6221
f 6221 6223 6218
f 6216 6214 6219
f 6219 6221 6216
f 6214 1875 1871
f 1871 6219 6214
f 3945 6226 6230
f 6230 3949 3945
f 6226 6224 6229
f 6229 6230 6226
f 6224 6223 6228
f 6228 6229 6224
f 6223 6221 6227
f 6227 6228 6223
f 6221 6219 6225
f 6225 6227 6221
f 6219 1871 1867
f 1867 6225 6219
f 3949 6230 6235
f 6235 3953 3949
f 6230 6229 6234
f 6234 6235 6230
f 6229 6228 6233
f 6233 6234 6229
f 6228 6227 6232
f 6232 6233 6228
f 6227 6225 6231
f 6231 6232 6227
f 6225 1867 1863
f 1863 6231 6225
f 3953 6235 6240
f 6240 3955 3953
f 6235 6234 6239
f 6239 6240 6235
f 6234 6233 6238
f 6238 6239 6234
f 6233 6232 6237
f 6237 6238 6233
f 6232 6231 6236
f 6236 6237 6232
f 6231 1863 1859
f 1859 6236 6231
f 3955 6240 6245
f 6245 3956 3955
f 6240 6239 6244
f 6244 6245 6240
f 6239 6238 6243
f 6243 6244 6239
f 6238 6237 6242
f 6242 6243 6238
f 6237 6236 6241
f 6241 6242 6237
f 6236 1859 1855
f 1855 6241 6236
f 3956 6245 6246
f 6246 3958 3956
f 6245 6244 6248
f 6248 6246 6245
f 6244 6243 6247
f 6247 6248 6244
f 6243 6242 6249
f 6249 6247 6243
f 6242 6241 6250
f 6250 6249 6242
f 6241 1855 1851
f 1851 6250 6241
f 3958 6246 6251
f 6251 3960 3958
f 6246 6248 6252
f 6252 6251 6246
f 6248 6247 6253
f 6253 6252 6248
f 6247 6249 6254
f 6254 6253 6247
f 6249 6250 6255
f 6255 6254 6249
f 6250 1851 1847
f 1847 6255 6250
f 3960 6251 6256
f 6256 3962 3960
f 6251 6252 6257
f 6257 6256 6251
f 6252 6253 6258
f 6258 6257 6252
f 6253 6254 6259
f 6259 6258 6253
f 6254 6255 6260
f 6260 6259 6254
f 6255 1847 278
f 278 6260 6255
f 3962 6256 315
f 315 320 3962
f 6256 6257 302
f 302 315 6256
f 6257 6258 293
f 293 302 6257
f 6258 6259 287
f 287 293 6258
f 6259 6260 280
f 280 287 6259
f 3405 1280 6265
f 6265 6266 3405
f 1280 1279 6265
f 6262 6265 1279
f 1279 1278 6262
f 6261 6262 1278
f 1278 1277 6261
f 6263 6261 1277
f 1277 1276 6263
f 6264 6263 1276
f 1276 1275 6264
f 3675 6264 1275
f 6266 6265 6270
f 6270 6272 6266
f 6265 6262 6270
f 6267 6270 6262
f 6262 6261 6267
f 6268 6267 6261
f 6261 6263 6268
f 6269 6268 6263
f 6263 6264 6269
f 6271 6269 6264
f 6264 3675 6271
f 3672 6271 3675
f 3405 6266 3403
f 6273 3403 6266
f 6266 6272 6273
f 6274 6273 6272
f 6272 6270 6274
f 6275 6274 6270
f 6270 6267 6275
f 6276 6275 6267
f 6267 6268 6276
f 6277 6276 6268
f 6268 6269 6277
f 6278 6277 6269
f 6269 6271 6278
f 6279 6278 6271
f 6271 3672 6279
f 3669 6279 3672
f 3403 6273 3399
f 6280 3399 6273
f 6273 6274 6280
f 6281 6280 6274
f 6274 6275 6281
f 6282 6281 6275
f 6275 6276 6282
f 6283 6282 6276
f 6276 6277 6283
f 6284 6283 6277
f 6277 6278 6284
f 6285 6284 6278
f 6278 6279 6285
f 6286 6285 6279
f 6279 3669 6286
f 3668 6286 3669
f 3399 6280 3393
f 6287 3393 6280
f 6280 6281 6287
f 6288 6287 6281
f 6281 6282 6288
f 6289 6288 6282
f 6282 6283 6289
f 6290 6289 6283
f 6283 6284 6290
f 6291 6290 6284
f 6284 6285 6291
f 6292 6291 6285
f 6285 6286 6292
f 6293 6292 6286
f 6286 3668 6293
f 3665 6293 3668
f 3393 6287 3385
f 6294 3385 6287
f 6287 6288 6294
f 6295 6294 6288
f 6288 6289 6295
f 6296 6295 6289
f 6289 6290 6296
f 6297 6296 6290
f 6290 6291 6297
f 6298 6297 6291
f 6291 6292 6298
f 6299 6298 6292
f 6292 6293 6299
f 6300 6299 6293
f 6293 3665 6300
f 3661 6300 3665
f 3385 6294 3375
f 6301 3375 6294
f 6294 6295 6301
f 6302 6301 6295
f 6295 6296 6302
f 6303 6302 6296
f 6296 6297 6303
f 6304 6303 6297
f 6297 6298 6304
f 6305 6304 6298
f 6298 6299 6305
f 6306 6305 6299
f 6299 6300 6306
f 6307 6306 6300
f 6300 3661 6307
f 3657 6307 3661
f 3375 6301 3363
f 6308 3363 6301
f 6301 6302 6308
f 6309 6308 6302
f 6302 6303 6309
f 6310 6309 6303
f 6303 6304 6310
f 6311 6310 6304
f 6304 6305 6311
f 6312 6311 6305
f 6305 6306 6312
f 6313 6312 6306
f 6306 6307 6313
f 6314 6313 6307
f 6307 3657 6314
f 3653 6314 3657
f 3363 6308 3348
f 6315 3348 6308
f 6308 6309 6315
f 6316 6315 6309
f 6309 6310 6316
f 6317 6316 6310
f 6310 6311 6317
f 6318 6317 6311
f 6311 6312 6318
f 6319 6318 6312
f 6312 6313 6319
f 6320 6319 6313
f 6313 6314 6320
f 6321 6320 6314
f 6314 3653 6321
f 3646 6321 3653
f 3348 6315 3331
f 6322 3331 6315
f 6315 6316 6322
f 6323 6322 6316
f 6316 6317 6323
f 6324 6323 6317
f 6317 6318 6324
f 6325 6324 6318
f 6318 6319 6325
f 6326 6325 6319
f 6319 6320 6326
f 6327 6326 6320
f 6320 6321 6327
f 6328 6327 6321
f 6321 3646 6328
f 3639 6328 3646
f 3331 6322 3312
f 6329 3312 6322
f 6322 6323 6329
f 6330 6329 6323
f 6323 6324 6330
f 6331 6330 6324
f 6324 6325 6331
f 6332 6331 6325
f 6325 6326 6332
f 6333 6332 6326
f 6326 6327 6333
f 6334 6333 6327
f 6327 6328 6334
f 6335 6334 6328
f 6328 3639 6335
f 3632 6335 3639
f 3312 6329 3291
f 6336 3291 6329
f 6329 6330 6336
f 6337 6336 6330
f 6330 6331 6337
f 6338 6337 6331
f 6331 6332 6338
f 6339 6338 6332
f 6332 6333 6339
f 6340 6339 6333
f 6333 6334 6340
f 6341 6340 6334
f 6334 6335 6341
f 6342 6341 6335
f 6335 3632 6342
f 3625 6342 3632
f 3291 6336 3268
f 6343 3268 6336
f 6336 6337 6343
f 6344 6343 6337
f 6337 6338 6344
f 6345 6344 6338
f 6338 6339 6345
f 6346 6345 6339
f 6339 6340 6346
f 6347 6346 6340
f 6340 6341 6347
f 6348 6347 6341
f 6341 6342 6348
f 6349 6348 6342
f 6342 3625 6349
f 3618 6349 3625
f 3268 6343 3245
f 6350 3245 6343
f 6343 6344 6350
f 6351 6350 6344
f 6344 6345 6351
f 6352 6351 6345
f 6345 6346 6352
f 6353 6352 6346
f 6346 6347 6353
f 6354 6353 6347
f 6347 6348 6354
f 6355 6354 6348
f 6348 6349 6355
f 6356 6355 6349
f 6349 3618 6356
f 3611 6356 3618
f 3245 6350 3214
f 6360 3214 6350
f 6350 6351 6360
f 6358 6360 6351
f 6351 6352 6358
f 6357 6358 6352
f 6352 6353 6357
f 6359 6357 6353
f 6353 6354 6359
f 6361 6359 6354
f 6354 6355 6361
f 6362 6361 6355
f 6355 6356 6362
f 6363 6362 6356
f 6356 3611 6363
f 3608 6363 3611
f 3214 6360 3181
f 6368 3181 6360
f 6360 6358 6368
f 6366 6368 6358
f 6358 6357 6366
f 6364 6366 6357
f 6357 6359 6364
f 6365 6364 6359
f 6359 6361 6365
f 6367 6365 6361
f 6361 6362 6367
f 6369 6367 6362
f 6362 6363 6369
f 6370 6369 6363
f 6363 3608 6370
f 3598 6370 3608
f 3181 6368 3126
f 6376 3126 6368
f 6368 6366 6376
f 6374 6376 6366
f 6366 6364 6374
f 6372 6374 6364
f 6364 6365 6372
f 6371 6372 6365
f 6365 6367 6371
f 6373 6371 6367
f 6367 6369 6373
f 6375 6373 6369
f 6369 6370 6375
f 6377 6375 6370
f 6370 3598 6377
f 3588 6377 3598
f 3126 6376 3073
f 6384 3073 6376
f 6376 6374 6384
f 6381 6384 6374
f 6374 6372 6381
f 6379 6381 6372
f 6372 6371 6379
f 6378 6379 6371
f 6371 6373 6378
f 6380 6378 6373
f 6373 6375 6380
f 6382 6380 6375
f 6375 6377 6382
f 6383 6382 6377
f 6377 3588 6383
f 3578 6383 3588
f 3073 6384 3020
f 6391 3020 6384
f 6384 6381 6391
f 6389 6391 6381
f 6381 6379 6389
f 6387 6389 6379
f 6379 6378 6387
f 6385 6387 6378
f 6378 6380 6385
f 6386 6385 6380
f 6380 6382 6386
f 6388 6386 6382
f 6382 6383 6388
f 6390 6388 6383
f 6383 3578 6390
f 3566 6390 3578
f 3020 6391 6398
f 6398 2969 3020
f 6391 6389 6398
f 6397 6398 6389
f 6389 6387 6397
f 6394 6397 6387
f 6387 6385 6394
f 6392 6394 6385
f 6385 6386 6392
f 6393 6392 6386
f 6386 6388 6393
f 6395 6393 6388
f 6388 6390 6395
f 6396 6395 6390
f 6390 3566 6396
f 3565 6396 3566
f 2969 6398 6405
f 6405 2920 2969
f 6398 6397 6405
f 6404 6405 6397
f 6397 6394 6404
f 6401 6404 6394
f 6394 6392 6401
f 6399 6401 6392
f 6392 6393 6399
f 6400 6399 6393
f 6393 6395 6400
f 6402 6400 6395
f 6395 6396 6402
f 6403 6402 6396
f 6396 3565 6403
f 3562 6403 3565
f 2920 6405 6412
f 6412 2871 2920
f 6405 6404 6412
f 6410 6412 6404
f 6404 6401 6410
f 6408 6410 6401
f 6401 6399 6408
f 6406 6408 6399
f 6399 6400 6406
f 6407 6406 6400
f 6400 6402 6407
f 6409 6407 6402
f 6402 6403 6409
f 6411 6409 6403
f 6403 3562 6411
f 3552 6411 3562
f 2871 6412 6419
f 6419 2822 2871
f 6412 6410 6419
f 6416 6419 6410
f 6410 6408 6416
f 6414 6416 6408
f 6408 6406 6414
f 6413 6414 6406
f 6406 6407 6413
f 6415 6413 6407
f 6407 6409 6415
f 6417 6415 6409
f 6409 6411 6417
f 6418 6417 6411
f 6411 3552 6418
f 3542 6418 3552
f 2822 6419 6425
f 6425 2821 2822
f 6419 6416 6425
f 6422 6425 6416
f 6416 6414 6422
f 6420 6422 6414
f 6414 6413 6420
f 6421 6420 6413
f 6413 6415 6421
f 6423 6421 6415
f 6415 6417 6423
f 6424 6423 6417
f 6417 6418 6424
f 6426 6424 6418
f 6418 3542 6426
f 3541 6426 3542
f 2821 6425 6430
f 6430 2773 2821
f 6425 6422 6430
f 6428 6430 6422
f 6422 6420 6428
f 6427 6428 6420
f 6420 6421 6427
f 6429 6427 6421
f 6421 6423 6429
f 6431 6429 6423
f 6423 6424 6431
f 6432 6431 6424
f 6424 6426 6432
f 6433 6432 6426
f 6426 3541 6433
f 3528 6433 3541
f 2773 6430 2725
f 6436 2725 6430
f 6430 6428 6436
f 6434 6436 6428
f 6428 6427 6434
f 6435 6434 6427
f 6427 6429 6435
f 6437 6435 6429
f 6429 6431 6437
f 6438 6437 6431
f 6431 6432 6438
f 6439 6438 6432
f 6432 6433 6439
f 6440 6439 6433
f 6433 3528 6440
f 3514 6440 3528
f 2725 6436 2677
f 6441 2677 6436
f 6436 6434 6441
f 6442 6441 6434
f 6434 6435 6442
f 6443 6442 6435
f 6435 6437 6443
f 6444 6443 6437
f 6437 6438 6444
f 6445 6444 6438
f 6438 6439 6445
f 6446 6445 6439
f 6439 6440 6446
f 6447 6446 6440
f 6440 3514 6447
f 3500 6447 3514
f 2677 6441 2635
f 6448 2635 6441
f 6441 6442 6448
f 6449 6448 6442
f 6442 6443 6449
f 6450 6449 6443
f 6443 6444 6450
f 6451 6450 6444
f 6444 6445 6451
f 6452 6451 6445
f 6445 6446 6452
f 6453 6452 6446
f 6446 6447 6453
f 6454 6453 6447
f 6447 3500 6454
f 3486 6454 3500
f 2635 6448 2593
f 6455 2593 6448
f 6448 6449 6455
f 6456 6455 6449
f 6449 6450 6456
f 6457 6456 6450
f 6450 6451 6457
f 6458 6457 6451
f 6451 6452 6458
f 6459 6458 6452
f 6452 6453 6459
f 6460 6459 6453
f 6453 6454 6460
f 6461 6460 6454
f 6454 3486 6461
f 3472 6461 3486
f 2593 6455 2549
f 6462 2549 6455
f 6455 6456 6462
f 6463 6462 6456
f 6456 6457 6463
f 6464 6463 6457
f 6457 6458 6464
f 6465 6464 6458
f 6458 6459 6465
f 6466 6465 6459
f 6459 6460 6466
f 6467 6466 6460
f 6460 6461 6467
f 6468 6467 6461
f 6461 3472 6468
f 3460 6468 3472
f 2549 6462 2509
f 6469 2509 6462
f 6462 6463 6469
f 6470 6469 6463
f 6463 6464 6470
f 6471 6470 6464
f 6464 6465 6471
f 6472 6471 6465
f 6465 6466 6472
f 6473 6472 6466
f 6466 6467 6473
f 6474 6473 6467
f 6467 6468 6474
f 6475 6474 6468
f 6468 3460 6475
f 3450 6475 3460
f 2509 6469 2471
f 3964 2471 6469
f 6469 6470 3964
f 3965 3964 6470
f 6470 6471 3965
f 3966 3965 6471
f 6471 6472 3966
f 3967 3966 6472
f 6472 6473 3967
f 3968 3967 6473
f 6473 6474 3968
f 3969 3968 6474
f 6474 6475 3969
f 3970 3969 6475
f 6475 3450 3970
f 3441 3970 3450

