vertex,dx,dy,dz,magnitude
0,0.0,0.0,0.0,0.0
1,0.0,0.0,0.0,0.0
2,0.0,0.0,0.0,0.0
3,0.0,0.0,0.0,0.0
4,0.0,0.0,0.0,0.0
5,0.0,0.0,0.0,0.0
6,0.0,0.0,0.0,0.0
7,0.0,0.0,0.0,0.0
8,0.0,0.0,0.0,0.0
9,0.0,0.0,0.0,0.0
10,0.0,0.0,0.0,0.0
11,0.0,0.0,0.0,0.0
12,0.0,0.0,0.0,0.0
13,0.0,0.0,0.0,0.0
14,0.0,0.0,0.0,0.0
15,0.0,0.0,0.0,0.0
16,0.0,0.0,0.0,0.0
17,0.0,0.0,0.0,0.0
18,0.0,0.0,0.0,0.0
19,0.0,0.0,0.0,0.0
20,0.0,0.0,0.0,0.0
21,0.0,0.0,0.0,0.0
22,0.0,0.0,0.0,0.0
23,0.0,0.0,0.0,0.0
24,0.0,0.0,0.0,0.0
25,0.0,0.0,0.0,0.0
26,0.0,0.0,0.0,0.0
27,0.0,0.0,0.0,0.0
28,0.0,0.0,0.0,0.0
29,0.0,0.0,0.0,0.0
30,0.0,0.0,0.0,0.0
31,0.0,0.0,0.0,0.0
32,0.0,0.0,0.0,0.0
33,0.0,0.0,0.0,0.0
34,0.0,0.0,0.0,0.0
35,0.0,0.0,0.0,0.0
36,0.0,0.0,0.0,0.0
37,0.0,0.0,0.0,0.0
38,0.0,0.0,0.0,0.0
39,0.0,0.0,0.0,0.0
40,0.0,0.0,0.0,0.0
41,0.0,0.0,0.0,0.0
42,0.0,0.0,0.0,0.0
43,0.0,0.0,0.0,0.0
44,0.0,0.0,0.0,0.0
45,0.0,0.0,0.0,0.0
46,0.0,0.0,0.0,0.0
47,0.0,0.0,0.0,0.0
48,0.0,0.0,0.0,0.0
49,0.0,0.0,0.0,0.0
50,0.0,0.0,0.0,0.0
51,0.0,0.0,0.0,0.0
52,0.0,0.0,0.0,0.0
53,0.0,0.0,0.0,0.0
54,0.0,0.0,0.0,0.0
55,0.0,0.0,0.0,0.0
56,0.0,0.0,0.0,0.0
57,0.0,0.0,0.0,0.0
58,0.0,0.0,0.0,0.0
59,0.0,0.0,0.0,0.0
60,0.0,0.0,0.0,0.0
61,0.0,0.0,0.0,0.0
62,0.0,0.0,0.0,0.0
63,0.0,0.0,0.0,0.0
64,0.0,0.0,0.0,0.0
65,0.0,0.0,0.0,0.0
66,0.0,0.0,0.0,0.0
67,0.0,0.0,0.0,0.0
68,0.0,0.0,0.0,0.0
69,0.0,0.0,0.0,0.0
70,0.0,0.0,0.0,0.0
71,0.0,0.0,0.0,0.0
72,0.0,0.0,0.0,0.0
73,0.0,0.0,0.0,0.0
74,0.0,0.0,0.0,0.0
75,0.0,0.0,0.0,0.0
76,0.0,0.0,0.0,0.0
77,0.0,0.0,0.0,0.0
78,0.0,0.0,0.0,0.0
79,0.0,0.0,0.0,0.0
80,0.0,0.0,0.0,0.0
81,0.0,0.0,0.0,0.0
82,0.0,0.0,0.0,0.0
83,0.0,0.0,0.0,0.0
84,0.0,0.0,0.0,0.0
85,0.0,0.0,0.0,0.0
86,0.0,0.0,0.0,0.0
87,0.0,0.0,0.0,0.0
88,0.0,0.0,0.0,0.0
89,0.0,0.0,0.0,0.0
90,0.0,0.0,0.0,0.0
91,0.0,0.0,0.0,0.0
92,0.0,0.0,0.0,0.0
93,0.0,0.0,0.0,0.0
94,0.0,0.0,0.0,0.0
95,0.0,0.0,0.0,0.0
96,0.0,0.0,0.0,0.0
97,0.0,0.0,0.0,0.0
98,0.0,0.0,0.0,0.0
99,0.0,0.0,0.0,0.0
100,0.0,0.0,0.0,0.0
101,0.0,0.0,0.0,0.0
102,0.0,0.0,0.0,0.0
103,0.0,0.0,0.0,0.0
104,0.0,0.0,0.0,0.0
105,0.0,0.0,0.0,0.0
106,0.0,0.0,0.0,0.0
107,0.0,0.0,0.0,0.0
108,0.0,0.0,0.0,0.0
109,0.0,0.0,0.0,0.0
110,0.0,0.0,0.0,0.0
111,0.0,0.0,0.0,0.0
112,0.0,0.0,0.0,0.0
113,0.0,0.0,0.0,0.0
114,0.0,0.0,0.0,0.0
115,0.0,0.0,0.0,0.0
116,0.0,0.0,0.0,0.0
117,0.0,0.0,0.0,0.0
118,0.0,0.0,0.0,0.0
119,0.0,0.0,0.0,0.0
120,0.0,0.0,0.0,0.0
121,0.0,0.0,0.0,0.0
122,0.0,0.0,0.0,0.0
123,0.0,0.0,0.0,0.0
124,0.0,0.0,0.0,0.0
125,0.0,0.0,0.0,0.0
126,0.0,0.0,0.0,0.0
127,0.0,0.0,0.0,0.0
128,0.0,0.0,0.0,0.0
129,0.0,0.0,0.0,0.0
130,0.0,0.0,0.0,0.0
131,0.0,0.0,0.0,0.0
132,0.0,0.0,0.0,0.0
133,0.0,0.0,0.0,0.0
134,0.0,0.0,0.0,0.0
135,0.0,0.0,0.0,0.0
136,0.0,0.0,0.0,0.0
137,0.0,0.0,0.0,0.0
138,0.0,0.0,0.0,0.0
139,0.0,0.0,0.0,0.0
140,0.0,0.0,0.0,0.0
141,0.0,0.0,0.0,0.0
142,0.0,0.0,0.0,0.0
143,0.0,0.0,0.0,0.0
144,0.0,0.0,0.0,0.0
145,0.0,0.0,0.0,0.0
146,0.0,0.0,0.0,0.0
147,0.0,0.0,0.0,0.0
148,0.0,0.0,0.0,0.0
149,0.0,0.0,0.0,0.0
150,0.0,0.0,0.0,0.0
151,0.0,0.0,0.0,0.0
152,0.0,0.0,0.0,0.0
153,0.0,0.0,0.0,0.0
154,0.0,0.0,0.0,0.0
155,0.0,0.0,0.0,0.0
156,0.0,0.0,0.0,0.0
157,0.0,0.0,0.0,0.0
158,0.0,0.0,0.0,0.0
159,0.0,0.0,0.0,0.0
160,0.0,0.0,0.0,0.0
161,0.0,0.0,0.0,0.0
162,0.0,0.0,0.0,0.0
163,0.0,0.0,0.0,0.0
164,0.0,0.0,0.0,0.0
165,0.0,0.0,0.0,0.0
166,0.0,0.0,0.0,0.0
167,0.0,0.0,0.0,0.0
168,0.0,0.0,0.0,0.0
169,0.0,0.0,0.0,0.0
170,0.0,0.0,0.0,0.0
171,0.0,0.0,0.0,0.0
172,0.0,0.0,0.0,0.0
173,0.0,0.0,0.0,0.0
174,0.0,0.0,0.0,0.0
175,0.0,0.0,0.0,0.0
176,0.0,0.0,0.0,0.0
177,0.0,0.0,0.0,0.0
178,0.0,0.0,0.0,0.0
179,0.0,0.0,0.0,0.0
180,0.0,0.0,0.0,0.0
181,0.0,0.0,0.0,0.0
182,0.0,0.0,0.0,0.0
183,0.0,0.0,0.0,0.0
184,0.0,0.0,0.0,0.0
185,0.0,0.0,0.0,0.0
186,0.0,0.0,0.0,0.0
187,0.0,0.0,0.0,0.0
188,0.0,0.0,0.0,0.0
189,0.0,0.0,0.0,0.0
190,0.0,0.0,0.0,0.0
191,0.0,0.0,0.0,0.0
192,0.0,0.0,0.0,0.0
193,0.0,0.0,0.0,0.0
194,0.0,0.0,0.0,0.0
195,0.0,0.0,0.0,0.0
196,0.0,0.0,0.0,0.0
197,0.0,0.0,0.0,0.0
198,0.0,0.0,0.0,0.0
199,0.0,0.0,0.0,0.0
200,0.0,0.0,0.0,0.0
201,0.0,0.0,0.0,0.0
202,0.0,0.0,0.0,0.0
203,0.0,0.0,0.0,0.0
204,0.0,0.0,0.0,0.0
205,0.0,0.0,0.0,0.0
206,0.0,0.0,0.0,0.0
207,0.0,0.0,0.0,0.0
208,0.0,0.0,0.0,0.0
209,0.0,0.0,0.0,0.0
210,0.0,0.0,0.0,0.0
211,0.0,0.0,0.0,0.0
212,0.0,0.0,0.0,0.0
213,0.0,0.0,0.0,0.0
214,0.0,0.0,0.0,0.0
215,0.0,0.0,0.0,0.0
216,0.0,0.0,0.0,0.0
217,0.0,0.0,0.0,0.0
218,0.0,0.0,0.0,0.0
219,0.0,0.0,0.0,0.0
220,0.0,0.0,0.0,0.0
221,0.0,0.0,0.0,0.0
222,0.0,0.0,0.0,0.0
223,0.0,0.0,0.0,0.0
224,0.0,0.0,0.0,0.0
225,0.0,0.0,0.0,0.0
226,0.0,0.0,0.0,0.0
227,0.0,0.0,0.0,0.0
228,0.0,0.0,0.0,0.0
229,0.0,0.0,0.0,0.0
230,0.0,0.0,0.0,0.0
231,0.0,0.0,0.0,0.0
232,0.0,0.0,0.0,0.0
233,0.0,0.0,0.0,0.0
234,0.0,0.0,0.0,0.0
235,0.0,0.0,0.0,0.0
236,0.0,0.0,0.0,0.0
237,0.0,0.0,0.0,0.0
238,0.0,0.0,0.0,0.0
239,0.0,0.0,0.0,0.0
240,0.0,0.0,0.0,0.0
241,0.0,0.0,0.0,0.0
242,0.0,0.0,0.0,0.0
243,0.0,0.0,0.0,0.0
244,0.0,0.0,0.0,0.0
245,0.0,0.0,0.0,0.0
246,0.0,0.0,0.0,0.0
247,0.0,0.0,0.0,0.0
248,0.0,0.0,0.0,0.0
249,0.0,0.0,0.0,0.0
250,0.0,0.0,0.0,0.0
251,0.0,0.0,0.0,0.0
252,0.0,0.0,0.0,0.0
253,0.0,0.0,0.0,0.0
254,0.0,0.0,0.0,0.0
255,0.0,0.0,0.0,0.0
256,0.0,0.0,0.0,0.0
257,0.0,0.0,0.0,0.0
258,0.0,0.0,0.0,0.0
259,0.0,0.0,0.0,0.0
260,0.0,0.0,0.0,0.0
261,0.0,0.0,0.0,0.0
262,0.0,0.0,0.0,0.0
263,0.0,0.0,0.0,0.0
264,0.0,0.0,0.0,0.0
265,0.0,0.0,0.0,0.0
266,0.0,0.0,0.0,0.0
267,0.0,0.0,0.0,0.0
268,0.0,0.0,0.0,0.0
269,0.0,0.0,0.0,0.0
270,0.0,0.0,0.0,0.0
271,0.0,0.0,0.0,0.0
272,0.0,0.0,0.0,0.0
273,0.0,0.0,0.0,0.0
274,0.0,0.0,0.0,0.0
275,0.0,0.0,0.0,0.0
276,0.0,0.0,0.0,0.0
277,-0.0022008227051459883,-0.0015237260223841531,0.002889985900071501,0.003939210590129553
278,-0.00041390628621629233,-0.00016000231748591887,0.0004792100242578812,0.0006531166838471263
279,-5.259944860114274e-06,0.0007796164328137678,-0.0002962018190881821,0.0008340053758605779
280,-5.211531138193948e-06,0.0020863497745438053,-0.0010074179785399817,0.002316845598066771
281,0.0013000281524471191,0.0009846902816583736,-0.001547542375659905,0.002248238321978037
282,0.0014693059485857418,0.0017814630623949057,-0.0016765789704349388,0.002853662148421141
283,-0.00014177350654165366,-0.00019021267100605144,0.00013186867239367572,0.0002714220590284497
284,0.0,0.0,0.0,0.0
285,2.6911677073471196e-06,0.0005774775213325256,-0.00022911196479902252,0.0006212727440038354
286,4.525475549854718e-09,9.770983874446415e-06,-3.624707120009063e-06,1.0421643251448652e-05
287,-2.5243219559989427e-05,0.0037586458620619823,-0.001057657710478832,0.003904701751614935
288,-1.1320866084130188e-05,0.0023259711382266346,-0.00036426250827004125,0.002354348545310015
289,0.0,0.0,0.0,0.0
290,0.0,0.0,0.0,0.0
291,0.0,0.0,0.0,0.0
292,2.5598385633429643e-09,-1.4761310254129967e-06,5.397522817585099e-07,1.571719403272675e-06
293,0.0,0.0,0.0,0.0
294,-3.602042708550357e-08,4.33103778796351e-06,-1.8877750984636066e-06,4.724709579891081e-06
295,-6.111745687320536e-08,5.385415057901355e-06,-2.0217971927749545e-06,5.752746698588248e-06
296,-5.891327425899817e-09,2.0164851441961673e-06,-2.642006757813675e-07,2.033727868124447e-06
297,-3.661040359759227e-08,6.9126223962712174e-06,-1.580369731746245e-06,7.091068833688029e-06
298,-7.581913763488046e-09,9.98512544825303e-06,-3.7436792608147584e-06,1.0663860563164782e-05
299,0.0,0.0,0.0,0.0
300,0.0,0.0,0.0,0.0
301,2.563306118474884e-07,-2.350752006563539e-05,7.860753596711234e-06,2.4788316847398677e-05
302,0.0,0.0,0.0,0.0
303,0.0,0.0,0.0,0.0
304,0.0,0.0,0.0,0.0
305,-2.1281683970642007e-08,-6.915698751441823e-06,3.37744939482576e-06,7.696395685343595e-06
306,2.2336460112626355e-05,0.005746227421202121,-0.0026900927469626357,0.006344779545491437
307,0.0,0.0,0.0,0.0
308,0.0,0.0,0.0,0.0
309,0.0,0.0,0.0,0.0
310,-2.010178716815858e-07,3.6318393352274825e-05,-1.6958457118132486e-05,4.008310581408125e-05
311,0.0,0.0,0.0,0.0
312,0.0,0.0,0.0,0.0
313,0.0,0.0,0.0,0.0
314,6.546112910399415e-06,-0.006604339167475715,0.0022357441251135146,0.006972509625925779
315,0.0,0.0,0.0,0.0
316,0.0,0.0,0.0,0.0
317,0.0,0.0,0.0,0.0
318,0.0,0.0,0.0,0.0
319,-0.0006315632936693127,-0.006157542991982012,0.003378228155193286,0.007051711378137782
320,8.694953054755317e-05,0.006244549133187505,-0.0033699032977201338,0.007096351339501187
321,0.0,0.0,0.0,0.0
322,0.0,0.0,0.0,0.0
323,9.581329374341863e-08,1.6362450431017805e-05,-6.8111462001585465e-06,1.7723732023891213e-05
324,0.0,0.0,0.0,0.0
325,0.0,0.0,0.0,0.0
326,0.0,0.0,0.0,0.0
327,0.0,0.0,0.0,0.0
328,0.0,0.0,0.0,0.0
329,0.0,0.0,0.0,0.0
330,0.0,0.0,0.0,0.0
331,-0.0012297244020853526,-0.0020346518286480375,0.003371486498491505,0.0041254031776803935
332,-9.344293214752497e-07,-0.00013194448500186695,0.00013935575364498742,0.00019191207975145064
333,-0.0009326520701744556,-0.004559638145185119,0.004504359190715457,0.006476835000060654
334,0.00013171996817051834,0.006834084960688713,-0.004879463262825512,0.008398287273795192
335,1.9474335403391052e-05,0.0007172420763605913,-0.0006502965643306879,0.0009683496617553768
336,-6.061470130269697e-07,2.739616249947119e-05,-1.6151612594050846e-05,3.180867371153872e-05
337,0.0,0.0,0.0,0.0
338,0.0,0.0,0.0,0.0
339,0.0,0.0,0.0,0.0
340,0.0,0.0,0.0,0.0
341,0.0,0.0,0.0,0.0
342,0.0,0.0,0.0,0.0
343,0.0,0.0,0.0,0.0
344,0.0,0.0,0.0,0.0
345,0.0,0.0,0.0,0.0
346,5.6254430447211234e-08,1.1212004137561848e-05,-1.1120701297606672e-05,1.5791839623433353e-05
347,-1.2461059428758858e-07,1.1440532571072026e-05,-9.651644815589222e-06,1.4968485593280936e-05
348,0.0,0.0,0.0,0.0
349,0.0,0.0,0.0,0.0
350,0.0,0.0,0.0,0.0
351,0.0,0.0,0.0,0.0
352,0.0,0.0,0.0,0.0
353,0.0,0.0,0.0,0.0
354,0.0,0.0,0.0,0.0
355,0.0,0.0,0.0,0.0
356,0.0,0.0,0.0,0.0
357,0.0,0.0,0.0,0.0
358,0.0,0.0,0.0,0.0
359,0.0,0.0,0.0,0.0
360,0.0,0.0,0.0,0.0
361,0.0,0.0,0.0,0.0
362,0.0,0.0,0.0,0.0
363,0.0,0.0,0.0,0.0
364,0.0,0.0,0.0,0.0
365,0.0,0.0,0.0,0.0
366,0.0,0.0,0.0,0.0
367,0.0,0.0,0.0,0.0
368,0.0,0.0,0.0,0.0
369,0.0,0.0,0.0,0.0
370,0.0,0.0,0.0,0.0
371,0.0,0.0,0.0,0.0
372,0.0,0.0,0.0,0.0
373,0.0,0.0,0.0,0.0
374,0.0,0.0,0.0,0.0
375,0.0,0.0,0.0,0.0
376,0.0,0.0,0.0,0.0
377,0.0,0.0,0.0,0.0
378,0.0,0.0,0.0,0.0
379,0.0,0.0,0.0,0.0
380,0.0,0.0,0.0,0.0
381,0.0,0.0,0.0,0.0
382,0.0,0.0,0.0,0.0
383,0.0,0.0,0.0,0.0
384,0.0,0.0,0.0,0.0
385,0.0,0.0,0.0,0.0
386,0.0,0.0,0.0,0.0
387,0.0,0.0,0.0,0.0
388,0.0,0.0,0.0,0.0
389,0.0,0.0,0.0,0.0
390,0.0,0.0,0.0,0.0
391,0.0,0.0,0.0,0.0
392,0.0,0.0,0.0,0.0
393,0.0,0.0,0.0,0.0
394,0.0,0.0,0.0,0.0
395,0.0,0.0,0.0,0.0
396,0.0,0.0,0.0,0.0
397,0.0,0.0,0.0,0.0
398,0.0,0.0,0.0,0.0
399,0.0,0.0,0.0,0.0
400,0.0,0.0,0.0,0.0
401,0.0,0.0,0.0,0.0
402,0.0,0.0,0.0,0.0
403,0.0,0.0,0.0,0.0
404,0.0,0.0,0.0,0.0
405,0.0,0.0,0.0,0.0
406,0.0,0.0,0.0,0.0
407,0.0,0.0,0.0,0.0
408,0.0,0.0,0.0,0.0
409,0.0,0.0,0.0,0.0
410,0.0,0.0,0.0,0.0
411,0.0,0.0,0.0,0.0
412,0.0,0.0,0.0,0.0
413,0.0,0.0,0.0,0.0
414,0.0,0.0,0.0,0.0
415,0.0,0.0,0.0,0.0
416,0.0,0.0,0.0,0.0
417,0.0,0.0,0.0,0.0
418,0.0,0.0,0.0,0.0
419,0.0,0.0,0.0,0.0
420,0.0,0.0,0.0,0.0
421,0.0,0.0,0.0,0.0
422,0.0,0.0,0.0,0.0
423,0.0,0.0,0.0,0.0
424,0.0,0.0,0.0,0.0
425,0.0,0.0,0.0,0.0
426,0.0,0.0,0.0,0.0
427,0.0,0.0,0.0,0.0
428,0.0,0.0,0.0,0.0
429,0.0,0.0,0.0,0.0
430,0.0,0.0,0.0,0.0
431,0.0,0.0,0.0,0.0
432,0.0,0.0,0.0,0.0
433,0.0,0.0,0.0,0.0
434,0.0,0.0,0.0,0.0
435,0.0,0.0,0.0,0.0
436,0.0,0.0,0.0,0.0
437,0.0,0.0,0.0,0.0
438,0.0,0.0,0.0,0.0
439,0.0,0.0,0.0,0.0
440,0.0,0.0,0.0,0.0
441,0.0,0.0,0.0,0.0
442,0.0,0.0,0.0,0.0
443,0.0,0.0,0.0,0.0
444,0.0,0.0,0.0,0.0
445,0.0,0.0,0.0,0.0
446,0.0,0.0,0.0,0.0
447,0.0,0.0,0.0,0.0
448,0.0,0.0,0.0,0.0
449,0.0,0.0,0.0,0.0
450,0.0,0.0,0.0,0.0
451,0.0,0.0,0.0,0.0
452,0.0,0.0,0.0,0.0
453,0.0,0.0,0.0,0.0
454,0.0,0.0,0.0,0.0
455,0.0,0.0,0.0,0.0
456,0.0,0.0,0.0,0.0
457,0.0,0.0,0.0,0.0
458,0.0,0.0,0.0,0.0
459,0.0,0.0,0.0,0.0
460,0.0,0.0,0.0,0.0
461,0.0,0.0,0.0,0.0
462,0.0,0.0,0.0,0.0
463,0.0,0.0,0.0,0.0
464,0.0,0.0,0.0,0.0
465,0.0,0.0,0.0,0.0
466,0.0,0.0,0.0,0.0
467,0.0,0.0,0.0,0.0
468,0.0,0.0,0.0,0.0
469,0.0,0.0,0.0,0.0
470,0.0,0.0,0.0,0.0
471,0.0,0.0,0.0,0.0
472,0.0,0.0,0.0,0.0
473,0.0,0.0,0.0,0.0
474,0.0,0.0,0.0,0.0
475,0.0,0.0,0.0,0.0
476,0.0,0.0,0.0,0.0
477,0.0,0.0,0.0,0.0
478,0.0,0.0,0.0,0.0
479,0.0,0.0,0.0,0.0
480,0.0,0.0,0.0,0.0
481,0.0,0.0,0.0,0.0
482,0.0,0.0,0.0,0.0
483,0.0,0.0,0.0,0.0
484,0.0,0.0,0.0,0.0
485,0.0,0.0,0.0,0.0
486,0.0,0.0,0.0,0.0
487,0.0,0.0,0.0,0.0
488,0.0,0.0,0.0,0.0
489,0.0,0.0,0.0,0.0
490,0.0,0.0,0.0,0.0
491,0.0,0.0,0.0,0.0
492,0.0,0.0,0.0,0.0
493,0.0,0.0,0.0,0.0
494,0.0,0.0,0.0,0.0
495,0.0,0.0,0.0,0.0
496,0.0,0.0,0.0,0.0
497,0.0,0.0,0.0,0.0
498,0.0,0.0,0.0,0.0
499,0.0,0.0,0.0,0.0
500,0.0,0.0,0.0,0.0
501,0.0,0.0,0.0,0.0
502,0.0,0.0,0.0,0.0
503,0.0,0.0,0.0,0.0
504,0.0,0.0,0.0,0.0
505,0.0,0.0,0.0,0.0
506,0.0,0.0,0.0,0.0
507,0.0,0.0,0.0,0.0
508,0.0,0.0,0.0,0.0
509,0.0,0.0,0.0,0.0
510,0.0,0.0,0.0,0.0
511,0.0,0.0,0.0,0.0
512,0.0,0.0,0.0,0.0
513,0.0,0.0,0.0,0.0
514,0.0,0.0,0.0,0.0
515,0.0,0.0,0.0,0.0
516,0.0,0.0,0.0,0.0
517,0.0,0.0,0.0,0.0
518,0.0,0.0,0.0,0.0
519,0.0,0.0,0.0,0.0
520,0.0,0.0,0.0,0.0
521,0.0,0.0,0.0,0.0
522,0.0,0.0,0.0,0.0
523,0.0,0.0,0.0,0.0
524,0.0,0.0,0.0,0.0
525,0.0,0.0,0.0,0.0
526,0.0,0.0,0.0,0.0
527,0.0,0.0,0.0,0.0
528,0.0,0.0,0.0,0.0
529,0.0,0.0,0.0,0.0
530,0.0,0.0,0.0,0.0
531,0.0,0.0,0.0,0.0
532,0.0,0.0,0.0,0.0
533,0.0,0.0,0.0,0.0
534,0.0,0.0,0.0,0.0
535,0.0,0.0,0.0,0.0
536,0.0,0.0,0.0,0.0
537,0.0,0.0,0.0,0.0
538,0.0,0.0,0.0,0.0
539,0.0,0.0,0.0,0.0
540,0.0,0.0,0.0,0.0
541,0.0,0.0,0.0,0.0
542,0.0,0.0,0.0,0.0
543,0.0,0.0,0.0,0.0
544,0.0,0.0,0.0,0.0
545,0.0,0.0,0.0,0.0
546,-0.0028698071120358826,0.006707463691240534,0.004677040078909567,0.008666058269439931
547,2.5389899117822523e-05,-0.0002674014380623646,-0.0001627500520333669,0.00031406329854329914
548,-0.0001800237597406884,-0.009184468058665018,-0.005564313421779765,0.010740039382167442
549,3.688598666307108e-05,-0.009226399504740357,-0.00555719772472818,0.010770805677794456
550,2.0387387182241312e-05,-0.007321260237363347,-0.0046803716569079334,0.008689484792295851
551,0.00024484174834760175,-0.008421935115137558,-0.007580307058197455,0.011333578149105388
552,-0.00041057671935651463,-0.009171870639480773,-0.006236857452907252,0.011099106953162121
553,-5.750355867117918e-05,-0.0014111493893143034,-0.001087199191937227,0.0017823162853912715
554,0.0027310105421500808,0.008377039400102149,0.0049309756289885875,0.010096916774237472
555,0.005205632349354339,0.0069737307752788524,0.0067678864068185796,0.011024328346811677
556,-0.006554705717509268,0.006633795409490162,0.004248699554259439,0.010248065987321012
557,4.41326113476137e-06,-0.0014951120114794492,-0.008595000171586431,0.00872407057246299
558,-8.612311254596605e-05,0.0016428707186104674,0.008408347414868622,0.008567773785395489
559,0.00017524176672401026,-0.0015834794945668307,-0.00941213867141455,0.009546018612827833
560,0.00015238982990384287,0.0012808444753567017,0.008928812315031731,0.009021500683776076
561,0.00013207780255064527,-0.001174086266500396,-0.007011342257340125,0.007110192919793018
562,-1.6511773040184252e-05,-0.0012093472015930473,-0.007721878474741484,0.007816022036261522
563,2.2403089339206872e-07,-3.2335858684007235e-06,-2.3200573406434444e-05,2.3425901771263107e-05
564,-0.0002990355209997464,-0.0014836716944408579,-0.00976060800183598,0.009877255312343057
565,-8.527911017908174e-05,0.0017168003195831005,0.0103256062363144,0.010467703664671082
566,0.006209606979800331,0.0041016401745146425,0.004157707616122774,0.008524623369154957
567,-4.965102664966636e-05,-0.0018244202398065568,-0.010526340819542845,0.010683390168155291
568,0.00016727812138794818,0.0016099631541184323,0.008716769375814337,0.008865778684280852
569,5.563765813643151e-05,-0.0013755113528119978,-0.007340703403374782,0.007468671467338465
570,0.0,0.0,0.0,0.0
571,0.0,0.0,0.0,0.0
572,0.0,0.0,0.0,0.0
573,0.0,0.0,0.0,0.0
574,0.0,0.0,0.0,0.0
575,0.0,0.0,0.0,0.0
576,0.0,0.0,0.0,0.0
577,0.0,0.0,0.0,0.0
578,0.0,0.0,0.0,0.0
579,-0.00533260099263666,0.002662842669293397,0.0046532924421032185,0.0075617785592950295
580,-5.266416153881792e-05,0.001823589558155092,0.009784952962152982,0.009953570056119024
581,6.517635142699874e-08,3.927948473148035e-07,1.974925144310191e-06,2.014662521240474e-06
582,5.213963039096825e-08,-1.09167164197288e-06,-6.2978197639118605e-06,6.391948004612046e-06
583,-2.8702060728136303e-08,2.2862567305992343e-07,1.2073085282615637e-06,1.2291002355728549e-06
584,1.3609399607261707e-08,-2.3973553435752137e-06,-1.5035332120660883e-05,1.5225265509596316e-05
585,-9.524974142749443e-10,-1.247645695201527e-06,-7.573276822103736e-06,7.67535943863347e-06
586,-5.774045597206623e-08,-1.410400916057597e-06,-8.361120773958675e-06,8.479440152568757e-06
587,2.1411976014462653e-07,-1.6346699709401946e-06,-1.1027366521698667e-05,1.1149924017205615e-05
588,-1.278424794914912e-07,9.96351067428236e-07,5.595597687868548e-06,5.685048164581173e-06
589,-0.0019357846046372806,-0.00041564996671006327,-0.0012777447972798228,0.0023564080074028873
590,-2.222398309825735e-08,2.7015156405241214e-06,1.533617599269732e-05,1.5572314366862968e-05
591,-6.958762638276106e-05,0.001405808274048681,0.00813593448145733,0.008256789280809803
592,-6.877959815909662e-06,-0.00028128869769261655,-0.0015564702710872957,0.0015816985624825602
593,0.0,0.0,0.0,0.0
594,0.0,0.0,0.0,0.0
595,0.0,0.0,0.0,0.0
596,0.0,0.0,0.0,0.0
597,0.0,0.0,0.0,0.0
598,0.0,0.0,0.0,0.0
599,0.0,0.0,0.0,0.0
600,0.0,0.0,0.0,0.0
601,0.0,0.0,0.0,0.0
602,0.0016360855350949777,-0.0004302297601466165,-0.0015681836942769145,0.00230674524463774
603,-0.00016536730835214897,-0.0022182686843663646,-0.011327187355427704,0.011543536532955288
604,-2.037396340526243e-08,2.9536842660604634e-07,1.9256636085707157e-06,1.9482910304146454e-06
605,0.0,0.0,0.0,0.0
606,0.0,0.0,0.0,0.0
607,0.0,0.0,0.0,0.0
608,0.0,0.0,0.0,0.0
609,0.0,0.0,0.0,0.0
610,0.0,0.0,0.0,0.0
611,0.0,0.0,0.0,0.0
612,-0.006647303388217729,-0.0013422138132472838,-0.007796454515116125,0.010333096499198936
613,1.1074177130865337e-09,-5.0397970241533585e-08,-2.891685002559541e-07,2.9352956123487033e-07
614,0.00027771807316789854,-0.0019465212820222177,-0.009896048065209495,0.010089491550046816
615,4.2796268084899225e-08,-3.217244870512559e-07,-1.273412913782579e-06,1.3141227549656942e-06
616,0.0,0.0,0.0,0.0
617,0.0,0.0,0.0,0.0
618,0.0,0.0,0.0,0.0
619,0.0,0.0,0.0,0.0
620,0.0,0.0,0.0,0.0
621,0.0,0.0,0.0,0.0
622,0.0,0.0,0.0,0.0
623,0.0,0.0,0.0,0.0
624,0.0,0.0,0.0,0.0
625,0.0,0.0,0.0,0.0
626,0.0,0.0,0.0,0.0
627,0.0003911044219324644,0.0017663233028741843,0.01095642565704047,0.011104779325019755
628,0.007557149116113049,-0.001969382353445681,-0.01032035912059781,0.012942132049833903
629,-1.611243751309388e-06,1.1735618851815843e-05,8.686886550757222e-05,8.767280451105632e-05
630,0.0,0.0,0.0,0.0
631,0.0,0.0,0.0,0.0
632,0.0,0.0,0.0,0.0
633,0.0,0.0,0.0,0.0
634,0.0,0.0,0.0,0.0
635,-0.007415085977631186,-0.0011931958295026135,-0.006591581277710201,0.009992805416091356
636,0.0,0.0,0.0,0.0
637,-0.00014503256935305409,0.001157226739993078,0.007475044584051904,0.007565480798170852
638,2.0872166217600352e-08,-1.3087955146318109e-06,-7.3984028166051985e-06,7.5133045714382365e-06
639,0.0,0.0,0.0,0.0
640,0.0,0.0,0.0,0.0
641,0.0,0.0,0.0,0.0
642,0.0,0.0,0.0,0.0
643,0.0,0.0,0.0,0.0
644,0.0,0.0,0.0,0.0
645,0.0,0.0,0.0,0.0
646,0.0,0.0,0.0,0.0
647,0.0,0.0,0.0,0.0
648,0.0,0.0,0.0,0.0
649,0.0,0.0,0.0,0.0
650,-1.895781515637296e-05,0.00016946591526512123,0.00018321623689177002,0.0002502923983123132
651,-8.324896327849274e-12,2.3659598724634634e-09,1.3575727209058641e-08,1.3780355752910782e-08
652,0.0,0.0,0.0,0.0
653,-0.0003802711572449269,0.0026036825263080488,0.0019246206262080179,0.0032600511354363144
654,0.005842354203628997,-0.0012263160340761914,-0.008905989213362275,0.010721641549903587
655,9.471246684711332e-07,1.59678604223501e-05,7.450625841975977e-05,7.620401666131061e-05
656,-0.00042376469740901257,-0.0019800663853590805,-0.010422677220523369,0.010617553383544434
657,0.0,0.0,0.0,0.0
658,0.0,0.0,0.0,0.0
659,0.0,0.0,0.0,0.0
660,0.0,0.0,0.0,0.0
661,0.0,0.0,0.0,0.0
662,-0.0021242178073490603,-0.0001562897567080057,-0.0012879201290147968,0.002489069311978312
663,0.0,0.0,0.0,0.0
664,1.5368190344755561e-06,-1.795981206065278e-05,-9.866991939988523e-05,0.00010030288957143031
665,3.421561411975915e-08,1.01303121802232e-06,5.636956801780002e-06,5.72736282612436e-06
666,0.0,0.0,0.0,0.0
667,0.0,0.0,0.0,0.0
668,0.0,0.0,0.0,0.0
669,0.0,0.0,0.0,0.0
670,0.0,0.0,0.0,0.0
671,0.0,0.0,0.0,0.0
672,0.0,0.0,0.0,0.0
673,0.0,0.0,0.0,0.0
674,0.0,0.0,0.0,0.0
675,0.0,0.0,0.0,0.0
676,0.0,0.0,0.0,0.0
677,0.0,0.0,0.0,0.0
678,0.0,0.0,0.0,0.0
679,0.0,0.0,0.0,0.0
680,0.0,0.0,0.0,0.0
681,0.0,0.0,0.0,0.0
682,0.0,0.0,0.0,0.0
683,0.0,0.0,0.0,0.0
684,0.0,0.0,0.0,0.0
685,0.0,0.0,0.0,0.0
686,-2.394850406872706e-08,-1.4847495872771788e-06,-8.067467823558161e-06,8.202992865528602e-06
687,1.1546319456101628e-13,-4.405311671007439e-10,-2.49797871276769e-09,2.5365262411336133e-09
688,0.0,0.0,0.0,0.0
689,-3.5354476635163223e-07,2.4371737911366154e-05,0.00013682229173594962,0.00013897642288747918
690,0.0,0.0,0.0,0.0
691,-8.562156797786713e-06,-0.00026397227953189883,-0.0017805187733168637,0.0018000004936177339
692,0.0,0.0,0.0,0.0
693,-1.1521876075448745e-07,-1.6613063227310931e-06,-9.834911681938507e-06,9.974903601153579e-06
694,0.0,0.0,0.0,0.0
695,0.0,0.0,0.0,0.0
696,0.0,0.0,0.0,0.0
697,0.0,0.0,0.0,0.0
698,0.0,0.0,0.0,0.0
699,0.0,0.0,0.0,0.0
700,0.0,0.0,0.0,0.0
701,0.0,0.0,0.0,0.0
702,0.0,0.0,0.0,0.0
703,0.0,0.0,0.0,0.0
704,0.0,0.0,0.0,0.0
705,0.0,0.0,0.0,0.0
706,0.0,0.0,0.0,0.0
707,0.0,0.0,0.0,0.0
708,0.0,0.0,0.0,0.0
709,0.0,0.0,0.0,0.0
710,0.0,0.0,0.0,0.0
711,0.0,0.0,0.0,0.0
712,0.0,0.0,0.0,0.0
713,0.0,0.0,0.0,0.0
714,0.0,0.0,0.0,0.0
715,0.0,0.0,0.0,0.0
716,0.0,0.0,0.0,0.0
717,0.0,0.0,0.0,0.0
718,0.0,0.0,0.0,0.0
719,0.0,0.0,0.0,0.0
720,0.0,0.0,0.0,0.0
721,0.0,0.0,0.0,0.0
722,0.0,0.0,0.0,0.0
723,0.0,0.0,0.0,0.0
724,-2.3803181647963356e-13,-2.637783325099008e-10,-1.4914518509101526e-09,1.5145981938930767e-09
725,0.0,0.0,0.0,0.0
726,0.0,0.0,0.0,0.0
727,1.1857181902996672e-13,-1.9255708139098715e-10,-1.0927139193483981e-09,1.1095503382861136e-09
728,1.7078230474254497e-07,-2.1976088994790643e-05,-0.00012769226784836718,0.00012956964506535362
729,-4.878564219268355e-10,-6.965203169784218e-08,-3.9745466295926235e-07,4.0351189899628295e-07
730,0.0,0.0,0.0,0.0
731,0.0,0.0,0.0,0.0
732,0.0,0.0,0.0,0.0
733,0.0,0.0,0.0,0.0
734,0.0,0.0,0.0,0.0
735,0.0,0.0,0.0,0.0
736,0.0,0.0,0.0,0.0
737,0.0,0.0,0.0,0.0
738,0.0,0.0,0.0,0.0
739,0.0,0.0,0.0,0.0
740,0.0,0.0,0.0,0.0
741,0.0,0.0,0.0,0.0
742,0.0,0.0,0.0,0.0
743,0.0,0.0,0.0,0.0
744,0.0,0.0,0.0,0.0
745,0.0,0.0,0.0,0.0
746,0.0,0.0,0.0,0.0
747,0.0,0.0,0.0,0.0
748,0.0,0.0,0.0,0.0
749,0.0,0.0,0.0,0.0
750,0.0,0.0,0.0,0.0
751,0.0,0.0,0.0,0.0
752,0.0,0.0,0.0,0.0
753,0.0,0.0,0.0,0.0
754,0.0,0.0,0.0,0.0
755,0.0,0.0,0.0,0.0
756,0.0,0.0,0.0,0.0
757,0.0,0.0,0.0,0.0
758,0.0,0.0,0.0,0.0
759,0.0,0.0,0.0,0.0
760,0.0,0.0,0.0,0.0
761,0.0,0.0,0.0,0.0
762,0.0,0.0,0.0,0.0
763,0.0,0.0,0.0,0.0
764,0.0,0.0,0.0,0.0
765,0.0,0.0,0.0,0.0
766,0.0,0.0,0.0,0.0
767,0.0,0.0,0.0,0.0
768,0.0,0.0,0.0,0.0
769,0.0,0.0,0.0,0.0
770,0.0,0.0,0.0,0.0
771,0.0,0.0,0.0,0.0
772,0.0,0.0,0.0,0.0
773,0.0,0.0,0.0,0.0
774,0.0,0.0,0.0,0.0
775,0.0,0.0,0.0,0.0
776,0.0,0.0,0.0,0.0
777,0.0,0.0,0.0,0.0
778,0.0,0.0,0.0,0.0
779,0.0,0.0,0.0,0.0
780,0.0,0.0,0.0,0.0
781,0.0,0.0,0.0,0.0
782,0.0,0.0,0.0,0.0
783,0.0,0.0,0.0,0.0
784,0.0,0.0,0.0,0.0
785,0.0,0.0,0.0,0.0
786,0.0,0.0,0.0,0.0
787,0.0,0.0,0.0,0.0
788,0.0,0.0,0.0,0.0
789,0.0,0.0,0.0,0.0
790,0.0,0.0,0.0,0.0
791,0.0,0.0,0.0,0.0
792,0.0,0.0,0.0,0.0
793,0.0,0.0,0.0,0.0
794,0.0,0.0,0.0,0.0
795,0.0,0.0,0.0,0.0
796,0.0,0.0,0.0,0.0
797,0.0,0.0,0.0,0.0
798,0.0,0.0,0.0,0.0
799,0.0,0.0,0.0,0.0
800,0.0,0.0,0.0,0.0
801,0.0,0.0,0.0,0.0
802,0.0,0.0,0.0,0.0
803,0.0,0.0,0.0,0.0
804,0.0,0.0,0.0,0.0
805,0.0,0.0,0.0,0.0
806,0.0,0.0,0.0,0.0
807,0.0,0.0,0.0,0.0
808,0.0,0.0,0.0,0.0
809,0.0,0.0,0.0,0.0
810,0.0,0.0,0.0,0.0
811,0.0,0.0,0.0,0.0
812,0.0,0.0,0.0,0.0
813,0.0,0.0,0.0,0.0
814,0.0,0.0,0.0,0.0
815,0.0,0.0,0.0,0.0
816,0.0,0.0,0.0,0.0
817,0.0,0.0,0.0,0.0
818,0.0,0.0,0.0,0.0
819,0.0,0.0,0.0,0.0
820,0.0,0.0,0.0,0.0
821,0.0,0.0,0.0,0.0
822,0.0,0.0,0.0,0.0
823,0.0,0.0,0.0,0.0
824,0.0,0.0,0.0,0.0
825,0.0,0.0,0.0,0.0
826,0.0,0.0,0.0,0.0
827,0.0,0.0,0.0,0.0
828,0.0,0.0,0.0,0.0
829,0.0,0.0,0.0,0.0
830,0.0,0.0,0.0,0.0
831,0.0,0.0,0.0,0.0
832,0.0,0.0,0.0,0.0
833,0.0,0.0,0.0,0.0
834,0.0,0.0,0.0,0.0
835,0.0,0.0,0.0,0.0
836,0.0,0.0,0.0,0.0
837,0.0,0.0,0.0,0.0
838,0.0,0.0,0.0,0.0
839,0.0,0.0,0.0,0.0
840,0.0,0.0,0.0,0.0
841,0.0,0.0,0.0,0.0
842,0.0,0.0,0.0,0.0
843,0.0,0.0,0.0,0.0
844,0.0,0.0,0.0,0.0
845,0.0,0.0,0.0,0.0
846,0.0,0.0,0.0,0.0
847,0.0,0.0,0.0,0.0
848,0.0,0.0,0.0,0.0
849,0.0,0.0,0.0,0.0
850,0.0,0.0,0.0,0.0
851,0.0,0.0,0.0,0.0
852,0.0,0.0,0.0,0.0
853,0.0,0.0,0.0,0.0
854,0.0,0.0,0.0,0.0
855,0.0,0.0,0.0,0.0
856,0.0,0.0,0.0,0.0
857,0.0,0.0,0.0,0.0
858,0.0,0.0,0.0,0.0
859,0.0,0.0,0.0,0.0
860,0.0,0.0,0.0,0.0
861,0.0,0.0,0.0,0.0
862,0.0,0.0,0.0,0.0
863,0.0,0.0,0.0,0.0
864,0.0,0.0,0.0,0.0
865,0.0,0.0,0.0,0.0
866,0.0,0.0,0.0,0.0
867,0.0,0.0,0.0,0.0
868,0.0,0.0,0.0,0.0
869,0.0,0.0,0.0,0.0
870,0.0,0.0,0.0,0.0
871,0.0,0.0,0.0,0.0
872,0.0,0.0,0.0,0.0
873,0.0,0.0,0.0,0.0
874,0.0,0.0,0.0,0.0
875,0.0,0.0,0.0,0.0
876,0.0,0.0,0.0,0.0
877,0.0,0.0,0.0,0.0
878,0.0,0.0,0.0,0.0
879,0.0,0.0,0.0,0.0
880,0.0,0.0,0.0,0.0
881,0.0,0.0,0.0,0.0
882,0.0,0.0,0.0,0.0
883,0.0,0.0,0.0,0.0
884,0.0,0.0,0.0,0.0
885,0.0,0.0,0.0,0.0
886,0.0,0.0,0.0,0.0
887,0.0,0.0,0.0,0.0
888,0.0,0.0,0.0,0.0
889,0.0,0.0,0.0,0.0
890,0.0,0.0,0.0,0.0
891,0.0,0.0,0.0,0.0
892,0.0,0.0,0.0,0.0
893,0.0,0.0,0.0,0.0
894,0.0,0.0,0.0,0.0
895,0.0,0.0,0.0,0.0
896,0.0,0.0,0.0,0.0
897,0.0,0.0,0.0,0.0
898,0.0,0.0,0.0,0.0
899,0.0,0.0,0.0,0.0
900,0.0,0.0,0.0,0.0
901,0.0,0.0,0.0,0.0
902,0.0,0.0,0.0,0.0
903,0.0,0.0,0.0,0.0
904,0.0,0.0,0.0,0.0
905,0.0,0.0,0.0,0.0
906,0.0,0.0,0.0,0.0
907,0.0,0.0,0.0,0.0
908,0.0,0.0,0.0,0.0
909,0.0,0.0,0.0,0.0
910,0.0,0.0,0.0,0.0
911,0.0,0.0,0.0,0.0
912,0.0,0.0,0.0,0.0
913,0.0,0.0,0.0,0.0
914,0.0,0.0,0.0,0.0
915,0.0,0.0,0.0,0.0
916,0.0,0.0,0.0,0.0
917,0.0,0.0,0.0,0.0
918,0.0,0.0,0.0,0.0
919,0.0,0.0,0.0,0.0
920,0.0,0.0,0.0,0.0
921,0.0,0.0,0.0,0.0
922,0.0,0.0,0.0,0.0
923,0.0,0.0,0.0,0.0
924,0.0,0.0,0.0,0.0
925,0.0,0.0,0.0,0.0
926,0.0,0.0,0.0,0.0
927,0.0,0.0,0.0,0.0
928,0.0,0.0,0.0,0.0
929,0.0,0.0,0.0,0.0
930,0.0,0.0,0.0,0.0
931,0.0,0.0,0.0,0.0
932,0.0,0.0,0.0,0.0
933,0.0,0.0,0.0,0.0
934,0.0,0.0,0.0,0.0
935,0.0,0.0,0.0,0.0
936,0.0,0.0,0.0,0.0
937,0.0,0.0,0.0,0.0
938,0.0,0.0,0.0,0.0
939,0.0,0.0,0.0,0.0
940,0.0,0.0,0.0,0.0
941,0.0,0.0,0.0,0.0
942,0.0,0.0,0.0,0.0
943,0.0,0.0,0.0,0.0
944,0.0,0.0,0.0,0.0
945,0.0,0.0,0.0,0.0
946,0.0,0.0,0.0,0.0
947,0.0,0.0,0.0,0.0
948,0.0,0.0,0.0,0.0
949,0.0,0.0,0.0,0.0
950,0.0,0.0,0.0,0.0
951,0.0,0.0,0.0,0.0
952,0.0,0.0,0.0,0.0
953,0.0,0.0,0.0,0.0
954,0.0,0.0,0.0,0.0
955,0.0,0.0,0.0,0.0
956,0.0,0.0,0.0,0.0
957,0.0,0.0,0.0,0.0
958,0.0,0.0,0.0,0.0
959,0.0,0.0,0.0,0.0
960,0.0,0.0,0.0,0.0
961,0.0,0.0,0.0,0.0
962,0.0,0.0,0.0,0.0
963,0.0,0.0,0.0,0.0
964,0.0,0.0,0.0,0.0
965,0.0,0.0,0.0,0.0
966,0.0,0.0,0.0,0.0
967,0.0,0.0,0.0,0.0
968,0.0,0.0,0.0,0.0
969,0.0,0.0,0.0,0.0
970,0.0,0.0,0.0,0.0
971,0.0,0.0,0.0,0.0
972,0.0,0.0,0.0,0.0
973,0.0,0.0,0.0,0.0
974,0.0,0.0,0.0,0.0
975,0.0,0.0,0.0,0.0
976,0.0,0.0,0.0,0.0
977,0.0,0.0,0.0,0.0
978,0.0,0.0,0.0,0.0
979,0.0,0.0,0.0,0.0
980,0.0,0.0,0.0,0.0
981,0.0,0.0,0.0,0.0
982,0.0,0.0,0.0,0.0
983,0.0,0.0,0.0,0.0
984,0.0,0.0,0.0,0.0
985,0.0,0.0,0.0,0.0
986,0.0,0.0,0.0,0.0
987,0.0,0.0,0.0,0.0
988,0.0,0.0,0.0,0.0
989,0.0,0.0,0.0,0.0
990,0.0,0.0,0.0,0.0
991,0.0,0.0,0.0,0.0
992,0.0,0.0,0.0,0.0
993,0.0,0.0,0.0,0.0
994,0.0,0.0,0.0,0.0
995,0.0,0.0,0.0,0.0
996,0.0,0.0,0.0,0.0
997,0.0,0.0,0.0,0.0
998,0.0,0.0,0.0,0.0
999,0.0,0.0,0.0,0.0
1000,0.0,0.0,0.0,0.0
1001,0.0,0.0,0.0,0.0
1002,0.0,0.0,0.0,0.0
1003,0.0,0.0,0.0,0.0
1004,0.0,0.0,0.0,0.0
1005,0.0,0.0,0.0,0.0
1006,0.0,0.0,0.0,0.0
1007,0.0,0.0,0.0,0.0
1008,0.0,0.0,0.0,0.0
1009,0.0,0.0,0.0,0.0
1010,0.0,0.0,0.0,0.0
1011,0.0,0.0,0.0,0.0
1012,0.0,0.0,0.0,0.0
1013,0.0,0.0,0.0,0.0
1014,0.0,0.0,0.0,0.0
1015,0.0,0.0,0.0,0.0
1016,0.0,0.0,0.0,0.0
1017,0.0,0.0,0.0,0.0
1018,0.0,0.0,0.0,0.0
1019,0.0,0.0,0.0,0.0
1020,0.0,0.0,0.0,0.0
1021,0.0,0.0,0.0,0.0
1022,0.0,0.0,0.0,0.0
1023,0.0,0.0,0.0,0.0
1024,0.0,0.0,0.0,0.0
1025,0.0,0.0,0.0,0.0
1026,0.0,0.0,0.0,0.0
1027,0.0,0.0,0.0,0.0
1028,0.0,0.0,0.0,0.0
1029,0.0,0.0,0.0,0.0
1030,0.0,0.0,0.0,0.0
1031,0.0,0.0,0.0,0.0
1032,0.0,0.0,0.0,0.0
1033,0.0,0.0,0.0,0.0
1034,0.0,0.0,0.0,0.0
1035,0.0,0.0,0.0,0.0
1036,0.0,0.0,0.0,0.0
1037,0.0,0.0,0.0,0.0
1038,0.0,0.0,0.0,0.0
1039,0.0,0.0,0.0,0.0
1040,0.0,0.0,0.0,0.0
1041,0.0,0.0,0.0,0.0
1042,0.0,0.0,0.0,0.0
1043,0.0,0.0,0.0,0.0
1044,0.0,0.0,0.0,0.0
1045,0.0,0.0,0.0,0.0
1046,0.0,0.0,0.0,0.0
1047,0.0,0.0,0.0,0.0
1048,0.0,0.0,0.0,0.0
1049,0.0,0.0,0.0,0.0
1050,0.0,0.0,0.0,0.0
1051,0.0,0.0,0.0,0.0
1052,0.0,0.0,0.0,0.0
1053,0.0,0.0,0.0,0.0
1054,0.0,0.0,0.0,0.0
1055,0.0,0.0,0.0,0.0
1056,0.0,0.0,0.0,0.0
1057,0.0,0.0,0.0,0.0
1058,0.0,0.0,0.0,0.0
1059,0.0,0.0,0.0,0.0
1060,0.0,0.0,0.0,0.0
1061,0.0,0.0,0.0,0.0
1062,0.0,0.0,0.0,0.0
1063,0.0,0.0,0.0,0.0
1064,0.0,0.0,0.0,0.0
1065,0.0,0.0,0.0,0.0
1066,0.0,0.0,0.0,0.0
1067,0.0,0.0,0.0,0.0
1068,0.0,0.0,0.0,0.0
1069,0.0,0.0,0.0,0.0
1070,0.0,0.0,0.0,0.0
1071,0.0,0.0,0.0,0.0
1072,0.0,0.0,0.0,0.0
1073,0.0,0.0,0.0,0.0
1074,0.0,0.0,0.0,0.0
1075,0.0,0.0,0.0,0.0
1076,0.0,0.0,0.0,0.0
1077,0.0,0.0,0.0,0.0
1078,0.0,0.0,0.0,0.0
1079,0.0,0.0,0.0,0.0
1080,0.0,0.0,0.0,0.0
1081,0.0,0.0,0.0,0.0
1082,0.0,0.0,0.0,0.0
1083,0.0,0.0,0.0,0.0
1084,0.0,0.0,0.0,0.0
1085,0.0,0.0,0.0,0.0
1086,0.0,0.0,0.0,0.0
1087,0.0,0.0,0.0,0.0
1088,0.0,0.0,0.0,0.0
1089,0.0,0.0,0.0,0.0
1090,0.0,0.0,0.0,0.0
1091,0.0,0.0,0.0,0.0
1092,0.0,0.0,0.0,0.0
1093,0.0,0.0,0.0,0.0
1094,0.0,0.0,0.0,0.0
1095,0.0,0.0,0.0,0.0
1096,0.0,0.0,0.0,0.0
1097,0.0,0.0,0.0,0.0
1098,0.0,0.0,0.0,0.0
1099,0.0,0.0,0.0,0.0
1100,0.0,0.0,0.0,0.0
1101,0.0,0.0,0.0,0.0
1102,0.0,0.0,0.0,0.0
1103,0.0,0.0,0.0,0.0
1104,0.0,0.0,0.0,0.0
1105,0.0,0.0,0.0,0.0
1106,0.0,0.0,0.0,0.0
1107,0.0,0.0,0.0,0.0
1108,0.0,0.0,0.0,0.0
1109,0.0,0.0,0.0,0.0
1110,0.0,0.0,0.0,0.0
1111,0.0,0.0,0.0,0.0
1112,0.0,0.0,0.0,0.0
1113,0.0,0.0,0.0,0.0
1114,0.0,0.0,0.0,0.0
1115,0.0,0.0,0.0,0.0
1116,0.0,0.0,0.0,0.0
1117,0.0,0.0,0.0,0.0
1118,0.0,0.0,0.0,0.0
1119,0.0,0.0,0.0,0.0
1120,0.0,0.0,0.0,0.0
1121,0.0,0.0,0.0,0.0
1122,0.0,0.0,0.0,0.0
1123,0.0,0.0,0.0,0.0
1124,0.0,0.0,0.0,0.0
1125,0.0,0.0,0.0,0.0
1126,0.0,0.0,0.0,0.0
1127,0.0,0.0,0.0,0.0
1128,0.0,0.0,0.0,0.0
1129,0.0,0.0,0.0,0.0
1130,0.0,0.0,0.0,0.0
1131,0.0,0.0,0.0,0.0
1132,0.0,0.0,0.0,0.0
1133,0.0,0.0,0.0,0.0
1134,0.0,0.0,0.0,0.0
1135,0.0,0.0,0.0,0.0
1136,0.0,0.0,0.0,0.0
1137,0.0,0.0,0.0,0.0
1138,0.0,0.0,0.0,0.0
1139,0.0,0.0,0.0,0.0
1140,0.0,0.0,0.0,0.0
1141,0.0,0.0,0.0,0.0
1142,0.0,0.0,0.0,0.0
1143,0.0,0.0,0.0,0.0
1144,0.0,0.0,0.0,0.0
1145,0.0,0.0,0.0,0.0
1146,0.0,0.0,0.0,0.0
1147,0.0,0.0,0.0,0.0
1148,0.0,0.0,0.0,0.0
1149,0.0,0.0,0.0,0.0
1150,0.0,0.0,0.0,0.0
1151,0.0,0.0,0.0,0.0
1152,0.0,0.0,0.0,0.0
1153,0.0,0.0,0.0,0.0
1154,0.0,0.0,0.0,0.0
1155,0.0,0.0,0.0,0.0
1156,0.0,0.0,0.0,0.0
1157,0.0,0.0,0.0,0.0
1158,0.0,0.0,0.0,0.0
1159,0.0,0.0,0.0,0.0
1160,0.0,0.0,0.0,0.0
1161,0.0,0.0,0.0,0.0
1162,0.0,0.0,0.0,0.0
1163,0.0,0.0,0.0,0.0
1164,0.0,0.0,0.0,0.0
1165,0.0,0.0,0.0,0.0
1166,0.0,0.0,0.0,0.0
1167,0.0,0.0,0.0,0.0
1168,0.0,0.0,0.0,0.0
1169,0.0,0.0,0.0,0.0
1170,0.0,0.0,0.0,0.0
1171,0.0,0.0,0.0,0.0
1172,0.0,0.0,0.0,0.0
1173,0.0,0.0,0.0,0.0
1174,0.0,0.0,0.0,0.0
1175,0.0,0.0,0.0,0.0
1176,0.0,0.0,0.0,0.0
1177,0.0,0.0,0.0,0.0
1178,0.0,0.0,0.0,0.0
1179,0.0,0.0,0.0,0.0
1180,0.0,0.0,0.0,0.0
1181,0.0,0.0,0.0,0.0
1182,0.0,0.0,0.0,0.0
1183,0.0,0.0,0.0,0.0
1184,0.0,0.0,0.0,0.0
1185,0.0,0.0,0.0,0.0
1186,0.0,0.0,0.0,0.0
1187,0.0,0.0,0.0,0.0
1188,0.0,0.0,0.0,0.0
1189,0.0,0.0,0.0,0.0
1190,0.0,0.0,0.0,0.0
1191,0.0,0.0,0.0,0.0
1192,0.0,0.0,0.0,0.0
1193,0.0,0.0,0.0,0.0
1194,0.0,0.0,0.0,0.0
1195,0.0,0.0,0.0,0.0
1196,0.0,0.0,0.0,0.0
1197,0.0,0.0,0.0,0.0
1198,0.0,0.0,0.0,0.0
1199,0.0,0.0,0.0,0.0
1200,0.0,0.0,0.0,0.0
1201,0.0,0.0,0.0,0.0
1202,0.0,0.0,0.0,0.0
1203,0.0,0.0,0.0,0.0
1204,0.0,0.0,0.0,0.0
1205,0.0,0.0,0.0,0.0
1206,0.0,0.0,0.0,0.0
1207,0.0,0.0,0.0,0.0
1208,0.0,0.0,0.0,0.0
1209,0.0,0.0,0.0,0.0
1210,0.0,0.0,0.0,0.0
1211,0.0,0.0,0.0,0.0
1212,0.0,0.0,0.0,0.0
1213,0.0,0.0,0.0,0.0
1214,0.0,0.0,0.0,0.0
1215,0.0,0.0,0.0,0.0
1216,0.0,0.0,0.0,0.0
1217,0.0,0.0,0.0,0.0
1218,0.0,0.0,0.0,0.0
1219,0.0,0.0,0.0,0.0
1220,0.0,0.0,0.0,0.0
1221,0.0,0.0,0.0,0.0
1222,0.0,0.0,0.0,0.0
1223,0.0,0.0,0.0,0.0
1224,0.0,0.0,0.0,0.0
1225,0.0,0.0,0.0,0.0
1226,0.0,0.0,0.0,0.0
1227,0.0,0.0,0.0,0.0
1228,0.0,0.0,0.0,0.0
1229,0.0,0.0,0.0,0.0
1230,0.0,0.0,0.0,0.0
1231,0.0,0.0,0.0,0.0
1232,0.0,0.0,0.0,0.0
1233,0.0,0.0,0.0,0.0
1234,0.0,0.0,0.0,0.0
1235,0.0,0.0,0.0,0.0
1236,0.0,0.0,0.0,0.0
1237,0.0,0.0,0.0,0.0
1238,0.0,0.0,0.0,0.0
1239,0.0,0.0,0.0,0.0
1240,0.0,0.0,0.0,0.0
1241,0.0,0.0,0.0,0.0
1242,0.0,0.0,0.0,0.0
1243,0.0,0.0,0.0,0.0
1244,0.0,0.0,0.0,0.0
1245,0.0,0.0,0.0,0.0
1246,0.0,0.0,0.0,0.0
1247,0.0,0.0,0.0,0.0
1248,0.0,0.0,0.0,0.0
1249,0.0,0.0,0.0,0.0
1250,0.0,0.0,0.0,0.0
1251,0.0,0.0,0.0,0.0
1252,0.0,0.0,0.0,0.0
1253,0.0,0.0,0.0,0.0
1254,0.0,0.0,0.0,0.0
1255,0.0,0.0,0.0,0.0
1256,0.0,0.0,0.0,0.0
1257,0.0,0.0,0.0,0.0
1258,0.0,0.0,0.0,0.0
1259,0.0,0.0,0.0,0.0
1260,0.0,0.0,0.0,0.0
1261,0.0,0.0,0.0,0.0
1262,0.0,0.0,0.0,0.0
1263,0.0,0.0,0.0,0.0
1264,0.0,0.0,0.0,0.0
1265,0.0,0.0,0.0,0.0
1266,0.0,0.0,0.0,0.0
1267,0.0,0.0,0.0,0.0
1268,0.0,0.0,0.0,0.0
1269,0.0,0.0,0.0,0.0
1270,0.0,0.0,0.0,0.0
1271,0.0,0.0,0.0,0.0
1272,0.0,0.0,0.0,0.0
1273,0.0,0.0,0.0,0.0
1274,0.0,0.0,0.0,0.0
1275,0.0008421455694733737,0.0007522215985993341,-1.4211484698323229e-05,0.0011292689935884636
1276,0.0,0.0,0.0,0.0
1277,0.0,0.0,0.0,0.0
1278,0.0,0.0,0.0,0.0
1279,0.0,0.0,0.0,0.0
1280,-0.0004241673613449848,3.388875122212198e-05,0.00027161247190221616,0.0005048165337848929
1281,0.0026424841715373404,-3.139392423179288e-05,-3.508795856976832e-06,0.0026426729814625987
1282,8.611546014059002e-06,7.611706820398467e-09,1.6367979971398938e-08,8.611564933338454e-06
1283,0.0,0.0,0.0,0.0
1284,0.0,0.0,0.0,0.0
1285,0.0,0.0,0.0,0.0
1286,-0.004380553734608661,-0.0004209190040675992,0.0051452105492374445,0.006770495951240458
1287,-0.007167415812356914,-9.657740989155172e-07,7.403118248927587e-06,0.007167419700708432
1288,-4.971623905447586e-06,1.754949963128638e-08,3.132894704771516e-08,4.9717535885317505e-06
1289,0.0,0.0,0.0,0.0
1290,0.0,0.0,0.0,0.0
1291,0.0,0.0,0.0,0.0
1292,0.0009391032090677598,-0.00017606418791871192,-0.0008260418595781305,0.0012630354663761964
1293,0.002190951907715011,5.408074173374189e-05,1.8100763876149895e-05,0.00219169400834136
1294,-4.629652331722411e-06,-1.1241034769682301e-08,1.0551156559568398e-08,4.629678001804251e-06
1295,0.0,0.0,0.0,0.0
1296,0.0,0.0,0.0,0.0
1297,0.0,0.0,0.0,0.0
1298,0.0027105974141372613,-0.0004428817777011318,-0.002328550072992819,0.0036007815891806304
1299,6.508292641704827e-05,-1.5491531257794122e-07,2.8381521671727583e-07,6.508372961684226e-05
1300,3.8185425488279634e-08,-2.227551476607914e-12,7.057743278693351e-12,3.818542620548685e-08
1301,0.0,0.0,0.0,0.0
1302,0.0,0.0,0.0,0.0
1303,0.0,0.0,0.0,0.0
1304,0.00030876508202215547,-3.480261775834492e-05,-0.00017969468958373147,0.000358939102834416
1305,1.1535724348199494e-05,-2.960240763627553e-08,3.943878984502547e-08,1.153582974728411e-05
1306,0.0,0.0,0.0,0.0
1307,0.0,0.0,0.0,0.0
1308,0.0,0.0,0.0,0.0
1309,0.0,0.0,0.0,0.0
1310,0.0,0.0,0.0,0.0
1311,0.0,0.0,0.0,0.0
1312,0.0,0.0,0.0,0.0
1313,0.0,0.0,0.0,0.0
1314,0.0,0.0,0.0,0.0
1315,0.0,0.0,0.0,0.0
1316,0.0,0.0,0.0,0.0
1317,0.0,0.0,0.0,0.0
1318,0.0,0.0,0.0,0.0
1319,0.0,0.0,0.0,0.0
1320,0.0,0.0,0.0,0.0
1321,0.0,0.0,0.0,0.0
1322,0.0,0.0,0.0,0.0
1323,0.0,0.0,0.0,0.0
1324,0.0,0.0,0.0,0.0
1325,0.0,0.0,0.0,0.0
1326,0.0,0.0,0.0,0.0
1327,0.0,0.0,0.0,0.0
1328,0.0,0.0,0.0,0.0
1329,0.0,0.0,0.0,0.0
1330,0.0,0.0,0.0,0.0
1331,0.0,0.0,0.0,0.0
1332,0.0,0.0,0.0,0.0
1333,0.0,0.0,0.0,0.0
1334,0.0,0.0,0.0,0.0
1335,0.0,0.0,0.0,0.0
1336,0.0,0.0,0.0,0.0
1337,0.0,0.0,0.0,0.0
1338,0.0,0.0,0.0,0.0
1339,0.0,0.0,0.0,0.0
1340,0.0,0.0,0.0,0.0
1341,0.0,0.0,0.0,0.0
1342,0.0,0.0,0.0,0.0
1343,0.0,0.0,0.0,0.0
1344,0.0,0.0,0.0,0.0
1345,0.0,0.0,0.0,0.0
1346,0.0,0.0,0.0,0.0
1347,0.0,0.0,0.0,0.0
1348,0.0,0.0,0.0,0.0
1349,0.0,0.0,0.0,0.0
1350,0.0,0.0,0.0,0.0
1351,0.0,0.0,0.0,0.0
1352,0.0,0.0,0.0,0.0
1353,0.0,0.0,0.0,0.0
1354,0.0,0.0,0.0,0.0
1355,0.0,0.0,0.0,0.0
1356,0.0,0.0,0.0,0.0
1357,0.0,0.0,0.0,0.0
1358,0.0,0.0,0.0,0.0
1359,0.0,0.0,0.0,0.0
1360,0.0,0.0,0.0,0.0
1361,0.0,0.0,0.0,0.0
1362,0.0,0.0,0.0,0.0
1363,0.0,0.0,0.0,0.0
1364,0.0,0.0,0.0,0.0
1365,0.0,0.0,0.0,0.0
1366,0.0,0.0,0.0,0.0
1367,0.0,0.0,0.0,0.0
1368,0.0,0.0,0.0,0.0
1369,0.0,0.0,0.0,0.0
1370,0.0,0.0,0.0,0.0
1371,0.0,0.0,0.0,0.0
1372,0.0,0.0,0.0,0.0
1373,0.0,0.0,0.0,0.0
1374,0.0,0.0,0.0,0.0
1375,0.0,0.0,0.0,0.0
1376,0.0,0.0,0.0,0.0
1377,0.0,0.0,0.0,0.0
1378,0.0,0.0,0.0,0.0
1379,0.0,0.0,0.0,0.0
1380,0.0,0.0,0.0,0.0
1381,0.0,0.0,0.0,0.0
1382,0.0,0.0,0.0,0.0
1383,0.0,0.0,0.0,0.0
1384,0.0,0.0,0.0,0.0
1385,0.0,0.0,0.0,0.0
1386,0.0,0.0,0.0,0.0
1387,0.0,0.0,0.0,0.0
1388,0.0,0.0,0.0,0.0
1389,0.0,0.0,0.0,0.0
1390,0.0,0.0,0.0,0.0
1391,0.0,0.0,0.0,0.0
1392,0.0,0.0,0.0,0.0
1393,0.0,0.0,0.0,0.0
1394,0.0,0.0,0.0,0.0
1395,0.0,0.0,0.0,0.0
1396,0.0,0.0,0.0,0.0
1397,0.0,0.0,0.0,0.0
1398,0.0,0.0,0.0,0.0
1399,0.0,0.0,0.0,0.0
1400,0.0,0.0,0.0,0.0
1401,0.0,0.0,0.0,0.0
1402,0.0,0.0,0.0,0.0
1403,0.0,0.0,0.0,0.0
1404,0.0,0.0,0.0,0.0
1405,0.0,0.0,0.0,0.0
1406,0.0,0.0,0.0,0.0
1407,0.0,0.0,0.0,0.0
1408,0.0,0.0,0.0,0.0
1409,0.0,0.0,0.0,0.0
1410,0.0,0.0,0.0,0.0
1411,0.0,0.0,0.0,0.0
1412,0.0,0.0,0.0,0.0
1413,0.0,0.0,0.0,0.0
1414,0.0,0.0,0.0,0.0
1415,0.0,0.0,0.0,0.0
1416,0.0,0.0,0.0,0.0
1417,0.0,0.0,0.0,0.0
1418,0.0,0.0,0.0,0.0
1419,0.0,0.0,0.0,0.0
1420,0.0,0.0,0.0,0.0
1421,0.0,0.0,0.0,0.0
1422,0.0,0.0,0.0,0.0
1423,0.0,0.0,0.0,0.0
1424,0.0,0.0,0.0,0.0
1425,0.0,0.0,0.0,0.0
1426,0.0,0.0,0.0,0.0
1427,0.0,0.0,0.0,0.0
1428,0.0,0.0,0.0,0.0
1429,0.0,0.0,0.0,0.0
1430,0.0,0.0,0.0,0.0
1431,0.0,0.0,0.0,0.0
1432,0.0,0.0,0.0,0.0
1433,0.0,0.0,0.0,0.0
1434,0.0,0.0,0.0,0.0
1435,0.0,0.0,0.0,0.0
1436,0.0,0.0,0.0,0.0
1437,0.0,0.0,0.0,0.0
1438,0.0,0.0,0.0,0.0
1439,0.0,0.0,0.0,0.0
1440,0.0,0.0,0.0,0.0
1441,0.0,0.0,0.0,0.0
1442,0.0,0.0,0.0,0.0
1443,0.0,0.0,0.0,0.0
1444,0.0,0.0,0.0,0.0
1445,0.0,0.0,0.0,0.0
1446,0.0,0.0,0.0,0.0
1447,0.0,0.0,0.0,0.0
1448,0.0,0.0,0.0,0.0
1449,0.0,0.0,0.0,0.0
1450,0.0,0.0,0.0,0.0
1451,0.0,0.0,0.0,0.0
1452,0.0,0.0,0.0,0.0
1453,0.0,0.0,0.0,0.0
1454,0.0,0.0,0.0,0.0
1455,0.0,0.0,0.0,0.0
1456,0.0,0.0,0.0,0.0
1457,0.0,0.0,0.0,0.0
1458,0.0,0.0,0.0,0.0
1459,0.0,0.0,0.0,0.0
1460,0.0,0.0,0.0,0.0
1461,0.0,0.0,0.0,0.0
1462,0.0,0.0,0.0,0.0
1463,0.0,0.0,0.0,0.0
1464,0.0,0.0,0.0,0.0
1465,0.0,0.0,0.0,0.0
1466,0.0,0.0,0.0,0.0
1467,0.0,0.0,0.0,0.0
1468,0.0,0.0,0.0,0.0
1469,0.0,0.0,0.0,0.0
1470,0.0,0.0,0.0,0.0
1471,0.0,0.0,0.0,0.0
1472,0.0,0.0,0.0,0.0
1473,0.0,0.0,0.0,0.0
1474,0.0,0.0,0.0,0.0
1475,0.0,0.0,0.0,0.0
1476,0.0,0.0,0.0,0.0
1477,0.0,0.0,0.0,0.0
1478,0.0,0.0,0.0,0.0
1479,0.0,0.0,0.0,0.0
1480,0.0,0.0,0.0,0.0
1481,0.0,0.0,0.0,0.0
1482,0.0,0.0,0.0,0.0
1483,0.0,0.0,0.0,0.0
1484,0.0,0.0,0.0,0.0
1485,0.0,0.0,0.0,0.0
1486,0.0,0.0,0.0,0.0
1487,0.0,0.0,0.0,0.0
1488,0.0,0.0,0.0,0.0
1489,0.0,0.0,0.0,0.0
1490,0.0,0.0,0.0,0.0
1491,0.0,0.0,0.0,0.0
1492,0.0,0.0,0.0,0.0
1493,0.0,0.0,0.0,0.0
1494,0.0,0.0,0.0,0.0
1495,0.0,0.0,0.0,0.0
1496,0.0,0.0,0.0,0.0
1497,0.0,0.0,0.0,0.0
1498,0.0,0.0,0.0,0.0
1499,0.0,0.0,0.0,0.0
1500,0.0,0.0,0.0,0.0
1501,0.0,0.0,0.0,0.0
1502,0.0,0.0,0.0,0.0
1503,0.0,0.0,0.0,0.0
1504,0.0,0.0,0.0,0.0
1505,0.0,0.0,0.0,0.0
1506,0.0,0.0,0.0,0.0
1507,0.0,0.0,0.0,0.0
1508,0.0,0.0,0.0,0.0
1509,0.0,0.0,0.0,0.0
1510,0.0,0.0,0.0,0.0
1511,0.0,0.0,0.0,0.0
1512,0.0,0.0,0.0,0.0
1513,0.0,0.0,0.0,0.0
1514,0.0,0.0,0.0,0.0
1515,0.0,0.0,0.0,0.0
1516,0.0,0.0,0.0,0.0
1517,0.0,0.0,0.0,0.0
1518,0.0,0.0,0.0,0.0
1519,0.0,0.0,0.0,0.0
1520,0.0,0.0,0.0,0.0
1521,0.0,0.0,0.0,0.0
1522,0.0,0.0,0.0,0.0
1523,0.0,0.0,0.0,0.0
1524,0.0,0.0,0.0,0.0
1525,0.0,0.0,0.0,0.0
1526,0.0,0.0,0.0,0.0
1527,0.0,0.0,0.0,0.0
1528,0.0,0.0,0.0,0.0
1529,0.0,0.0,0.0,0.0
1530,0.0,0.0,0.0,0.0
1531,0.0,0.0,0.0,0.0
1532,0.0,0.0,0.0,0.0
1533,0.0,0.0,0.0,0.0
1534,0.0,0.0,0.0,0.0
1535,0.0,0.0,0.0,0.0
1536,0.0,0.0,0.0,0.0
1537,0.0,0.0,0.0,0.0
1538,0.0,0.0,0.0,0.0
1539,0.0,0.0,0.0,0.0
1540,0.0,0.0,0.0,0.0
1541,0.0,0.0,0.0,0.0
1542,0.0,0.0,0.0,0.0
1543,0.0,0.0,0.0,0.0
1544,0.0,0.0,0.0,0.0
1545,0.0,0.0,0.0,0.0
1546,0.0,0.0,0.0,0.0
1547,0.0,0.0,0.0,0.0
1548,0.0,0.0,0.0,0.0
1549,0.0,0.0,0.0,0.0
1550,0.0,0.0,0.0,0.0
1551,0.0,0.0,0.0,0.0
1552,0.0,0.0,0.0,0.0
1553,0.0,0.0,0.0,0.0
1554,0.0,0.0,0.0,0.0
1555,0.0,0.0,0.0,0.0
1556,0.0,0.0,0.0,0.0
1557,0.0,0.0,0.0,0.0
1558,0.0,0.0,0.0,0.0
1559,0.0,0.0,0.0,0.0
1560,0.0,0.0,0.0,0.0
1561,0.0,0.0,0.0,0.0
1562,0.0,0.0,0.0,0.0
1563,0.0,0.0,0.0,0.0
1564,0.0,0.0,0.0,0.0
1565,0.0,0.0,0.0,0.0
1566,0.0,0.0,0.0,0.0
1567,0.0,0.0,0.0,0.0
1568,0.0,0.0,0.0,0.0
1569,0.0,0.0,0.0,0.0
1570,0.0,0.0,0.0,0.0
1571,0.0,0.0,0.0,0.0
1572,0.0,0.0,0.0,0.0
1573,0.0,0.0,0.0,0.0
1574,0.0,0.0,0.0,0.0
1575,0.0,0.0,0.0,0.0
1576,0.0,0.0,0.0,0.0
1577,0.0,0.0,0.0,0.0
1578,0.0,0.0,0.0,0.0
1579,0.0,0.0,0.0,0.0
1580,0.0,0.0,0.0,0.0
1581,0.0,0.0,0.0,0.0
1582,0.0,0.0,0.0,0.0
1583,0.0,0.0,0.0,0.0
1584,0.0,0.0,0.0,0.0
1585,0.0,0.0,0.0,0.0
1586,0.0,0.0,0.0,0.0
1587,0.0,0.0,0.0,0.0
1588,0.0,0.0,0.0,0.0
1589,0.0,0.0,0.0,0.0
1590,0.0,0.0,0.0,0.0
1591,0.0,0.0,0.0,0.0
1592,0.0,0.0,0.0,0.0
1593,0.0,0.0,0.0,0.0
1594,0.0,0.0,0.0,0.0
1595,0.0,0.0,0.0,0.0
1596,0.0,0.0,0.0,0.0
1597,0.0,0.0,0.0,0.0
1598,0.0,0.0,0.0,0.0
1599,0.0,0.0,0.0,0.0
1600,0.0,0.0,0.0,0.0
1601,0.0,0.0,0.0,0.0
1602,0.0,0.0,0.0,0.0
1603,0.0,0.0,0.0,0.0
1604,0.0,0.0,0.0,0.0
1605,0.0,0.0,0.0,0.0
1606,0.0,0.0,0.0,0.0
1607,0.0,0.0,0.0,0.0
1608,0.0,0.0,0.0,0.0
1609,0.0,0.0,0.0,0.0
1610,0.0,0.0,0.0,0.0
1611,0.0,0.0,0.0,0.0
1612,0.0,0.0,0.0,0.0
1613,0.0,0.0,0.0,0.0
1614,0.0,0.0,0.0,0.0
1615,0.0,0.0,0.0,0.0
1616,-7.566436366346352e-11,4.801989916813909e-10,-4.87868427763758e-10,6.887174822444269e-10
1617,-2.430389540286626e-06,1.7371234040552963e-05,-1.7525655196804433e-05,2.4795466430105303e-05
1618,-0.0003491246004734272,0.0020481308744031423,-0.002751861818393871,0.0034481112993743593
1619,0.0,0.0,0.0,0.0
1620,0.0,0.0,0.0,0.0
1621,0.0,0.0,0.0,0.0
1622,0.0,0.0,0.0,0.0
1623,0.0,0.0,0.0,0.0
1624,0.0,0.0,0.0,0.0
1625,0.0,0.0,0.0,0.0
1626,0.0,0.0,0.0,0.0
1627,0.0,0.0,0.0,0.0
1628,0.0,0.0,0.0,0.0
1629,0.0,0.0,0.0,0.0
1630,0.0,0.0,0.0,0.0
1631,0.0,0.0,0.0,0.0
1632,0.0,0.0,0.0,0.0
1633,0.0,0.0,0.0,0.0
1634,1.2403411631112249e-12,-7.982947636264726e-12,5.5289106626332796e-14,8.078920475506873e-12
1635,2.373317723680657e-06,-1.4684816703081083e-05,1.3943377670522228e-07,1.4876018297875013e-05
1636,1.7127431527708126e-05,-9.439013929402051e-05,1.1210957709534286e-06,9.593802250624397e-05
1637,0.004840253356155344,-0.003484224829451321,-4.179332286274873e-06,0.005963882349674289
1638,0.0,0.0,0.0,0.0
1639,0.0,0.0,0.0,0.0
1640,0.0,0.0,0.0,0.0
1641,0.0,0.0,0.0,0.0
1642,0.0,0.0,0.0,0.0
1643,0.0,0.0,0.0,0.0
1644,0.0,0.0,0.0,0.0
1645,0.0,0.0,0.0,0.0
1646,0.0,0.0,0.0,0.0
1647,0.0,0.0,0.0,0.0
1648,0.0,0.0,0.0,0.0
1649,0.0,0.0,0.0,0.0
1650,-1.5054624213917123e-13,9.627854069549358e-13,-1.3766765505351941e-14,9.745816716417802e-13
1651,-3.662028724704669e-08,2.2259249377043488e-07,-3.0336030076849596e-09,2.2560511179537918e-07
1652,-5.0215933510955324e-05,0.0002803064526943899,-2.9471973273798024e-06,0.0002847841873640028
1653,0.0033175392939819304,-0.0017661279594136658,-4.372254118056862e-05,0.003758614983839671
1654,2.595753031631176e-06,-1.9384883458428703e-06,3.3324713377691495e-08,3.2398736711039792e-06
1655,0.0,0.0,0.0,0.0
1656,0.0,0.0,0.0,0.0
1657,0.0,0.0,0.0,0.0
1658,0.0,0.0,0.0,0.0
1659,0.0,0.0,0.0,0.0
1660,0.0,0.0,0.0,0.0
1661,0.0,0.0,0.0,0.0
1662,0.0,0.0,0.0,0.0
1663,0.0,0.0,0.0,0.0
1664,0.0,0.0,0.0,0.0
1665,0.0,0.0,0.0,0.0
1666,-4.382333429475693e-08,2.680377928498956e-07,-5.925919366323029e-09,2.7166129563279663e-07
1667,-4.69940735214891e-08,2.741081921442401e-07,-6.6111343066665995e-09,2.7818600080440345e-07
1668,0.0,0.0,0.0,0.0
1669,0.0,0.0,0.0,0.0
1670,0.0,0.0,0.0,0.0
1671,0.0,0.0,0.0,0.0
1672,0.0,0.0,0.0,0.0
1673,0.0,0.0,0.0,0.0
1674,0.0,0.0,0.0,0.0
1675,0.0,0.0,0.0,0.0
1676,0.0,0.0,0.0,0.0
1677,0.0,0.0,0.0,0.0
1678,0.0,0.0,0.0,0.0
1679,0.0,0.0,0.0,0.0
1680,0.0,0.0,0.0,0.0
1681,0.0,0.0,0.0,0.0
1682,0.0,0.0,0.0,0.0
1683,0.0,0.0,0.0,0.0
1684,0.0,0.0,0.0,0.0
1685,0.0,0.0,0.0,0.0
1686,0.0,0.0,0.0,0.0
1687,0.0,0.0,0.0,0.0
1688,0.0,0.0,0.0,0.0
1689,0.0,0.0,0.0,0.0
1690,0.0,0.0,0.0,0.0
1691,0.0,0.0,0.0,0.0
1692,0.0,0.0,0.0,0.0
1693,0.0,0.0,0.0,0.0
1694,0.0,0.0,0.0,0.0
1695,0.0,0.0,0.0,0.0
1696,0.0,0.0,0.0,0.0
1697,0.0,0.0,0.0,0.0
1698,0.0,0.0,0.0,0.0
1699,0.0,0.0,0.0,0.0
1700,0.0,0.0,0.0,0.0
1701,0.0,0.0,0.0,0.0
1702,0.0,0.0,0.0,0.0
1703,0.0,0.0,0.0,0.0
1704,0.0,0.0,0.0,0.0
1705,0.0,0.0,0.0,0.0
1706,0.0,0.0,0.0,0.0
1707,0.0,0.0,0.0,0.0
1708,0.0,0.0,0.0,0.0
1709,0.0,0.0,0.0,0.0
1710,0.0,0.0,0.0,0.0
1711,0.0,0.0,0.0,0.0
1712,0.0,0.0,0.0,0.0
1713,0.0,0.0,0.0,0.0
1714,0.0,0.0,0.0,0.0
1715,0.0,0.0,0.0,0.0
1716,0.0,0.0,0.0,0.0
1717,0.0,0.0,0.0,0.0
1718,0.0,0.0,0.0,0.0
1719,0.0,0.0,0.0,0.0
1720,0.0,0.0,0.0,0.0
1721,0.0,0.0,0.0,0.0
1722,0.0,0.0,0.0,0.0
1723,0.0,0.0,0.0,0.0
1724,0.0,0.0,0.0,0.0
1725,0.0,0.0,0.0,0.0
1726,0.0,0.0,0.0,0.0
1727,0.0,0.0,0.0,0.0
1728,0.0,0.0,0.0,0.0
1729,0.0,0.0,0.0,0.0
1730,0.0,0.0,0.0,0.0
1731,0.0,0.0,0.0,0.0
1732,0.0,0.0,0.0,0.0
1733,0.0,0.0,0.0,0.0
1734,0.0,0.0,0.0,0.0
1735,0.0,0.0,0.0,0.0
1736,0.0,0.0,0.0,0.0
1737,0.0,0.0,0.0,0.0
1738,0.0,0.0,0.0,0.0
1739,0.0,0.0,0.0,0.0
1740,0.0,0.0,0.0,0.0
1741,0.0,0.0,0.0,0.0
1742,0.0,0.0,0.0,0.0
1743,0.0,0.0,0.0,0.0
1744,0.0,0.0,0.0,0.0
1745,0.0,0.0,0.0,0.0
1746,0.0,0.0,0.0,0.0
1747,0.0,0.0,0.0,0.0
1748,0.0,0.0,0.0,0.0
1749,0.0,0.0,0.0,0.0
1750,0.0,0.0,0.0,0.0
1751,0.0,0.0,0.0,0.0
1752,0.0,0.0,0.0,0.0
1753,0.0,0.0,0.0,0.0
1754,0.0,0.0,0.0,0.0
1755,0.0,0.0,0.0,0.0
1756,0.0,0.0,0.0,0.0
1757,0.0,0.0,0.0,0.0
1758,0.0,0.0,0.0,0.0
1759,0.0,0.0,0.0,0.0
1760,0.0,0.0,0.0,0.0
1761,0.0,0.0,0.0,0.0
1762,0.0,0.0,0.0,0.0
1763,0.0,0.0,0.0,0.0
1764,0.0,0.0,0.0,0.0
1765,0.0,0.0,0.0,0.0
1766,0.0,0.0,0.0,0.0
1767,0.0,0.0,0.0,0.0
1768,0.0,0.0,0.0,0.0
1769,0.0,0.0,0.0,0.0
1770,0.0,0.0,0.0,0.0
1771,0.0,0.0,0.0,0.0
1772,0.0,0.0,0.0,0.0
1773,0.0,0.0,0.0,0.0
1774,2.4360755697117042e-06,-2.2890441293554886e-06,3.574377469561796e-07,3.361837139189247e-06
1775,0.0,0.0,0.0,0.0
1776,1.0418008677959278e-09,-6.272708574783792e-09,1.0041478759603706e-09,6.4374323195744885e-09
1777,3.8258532164547887e-07,-2.166636335232397e-06,3.4910324009373994e-07,2.227679871465331e-06
1778,0.002958762410439242,-0.002094627767045054,0.0003961064752031618,0.0036467301550296063
1779,5.71702756255732e-05,-3.898757466735958e-05,4.143504367615236e-06,6.932272370580512e-05
1780,3.5390003341184695e-06,-2.1599035051167448e-05,3.5925747829956833e-06,2.21799330945309e-05
1781,-3.586847069936283e-05,0.00019229811811705133,-3.221207711812113e-05,0.00019824916477487176
1782,0.005534692586449452,-0.0025644729979799052,0.00046988146825199806,0.006118017029894019
1783,0.0,0.0,0.0,0.0
1784,0.0,0.0,0.0,0.0
1785,0.0,0.0,0.0,0.0
1786,0.0,0.0,0.0,0.0
1787,0.0,0.0,0.0,0.0
1788,0.0,0.0,0.0,0.0
1789,0.0,0.0,0.0,0.0
1790,0.0,0.0,0.0,0.0
1791,0.0,0.0,0.0,0.0
1792,0.0,0.0,0.0,0.0
1793,0.0,0.0,0.0,0.0
1794,0.0,0.0,0.0,0.0
1795,0.0,0.0,0.0,0.0
1796,0.0,0.0,0.0,0.0
1797,0.0,0.0,0.0,0.0
1798,0.0,0.0,0.0,0.0
1799,0.0,0.0,0.0,0.0
1800,0.0,0.0,0.0,0.0
1801,0.0,0.0,0.0,0.0
1802,0.0,0.0,0.0,0.0
1803,0.0,0.0,0.0,0.0
1804,0.0,0.0,0.0,0.0
1805,0.0,0.0,0.0,0.0
1806,0.0,0.0,0.0,0.0
1807,0.0,0.0,0.0,0.0
1808,0.0,0.0,0.0,0.0
1809,0.0,0.0,0.0,0.0
1810,0.0,0.0,0.0,0.0
1811,0.0,0.0,0.0,0.0
1812,0.0,0.0,0.0,0.0
1813,0.0,0.0,0.0,0.0
1814,0.0,0.0,0.0,0.0
1815,0.0,0.0,0.0,0.0
1816,0.0,0.0,0.0,0.0
1817,0.0,0.0,0.0,0.0
1818,0.0,0.0,0.0,0.0
1819,0.0,0.0,0.0,0.0
1820,0.0,0.0,0.0,0.0
1821,0.0,0.0,0.0,0.0
1822,0.0,0.0,0.0,0.0
1823,-0.0009423318000401082,-0.0007599546402037305,0.0005943703174335901,0.0013486275804610102
1824,2.03330211356878e-05,-1.9325823661375807e-06,-1.126936194228989e-05,2.332734750657615e-05
1825,-2.164711077057291e-09,2.1448443021654384e-10,1.2162633122869693e-09,2.492242777651311e-09
1826,0.0,0.0,0.0,0.0
1827,-0.001827929291596142,-0.0016631583193067456,0.0013013805368617959,0.0027930292500933655
1828,-1.2197168331340436e-05,1.2893235172839468e-06,7.638081562122423e-06,1.444899859453623e-05
1829,2.0529654554124477e-06,-2.2921822839805372e-07,-1.2859559157529787e-06,2.433288058287975e-06
1830,0.0,0.0,0.0,0.0
1831,0.0016350952174435385,-0.0002025367720275284,-0.0011461151165037542,0.0020070220164234566
1832,6.3349724972461274e-06,-7.956652314788926e-07,-4.416230483972328e-06,7.76325005323258e-06
1833,0.0,0.0,0.0,0.0
1834,0.0021127637345568218,-0.00029092757484328047,-0.0016061260189916826,0.0026698408643109706
1835,8.510193549859935e-06,-1.1743205305947413e-06,-6.556629996490315e-06,1.0807026412271348e-05
1836,0.0,0.0,0.0,0.0
1837,0.002095990198307529,-0.0003181631316486744,-0.0017680301682605482,0.002760495130519369
1838,4.141278757696654e-06,-6.311582172457975e-07,-3.542000431400183e-06,5.4858287888144585e-06
1839,0.0,0.0,0.0,0.0
1840,0.00139956688308418,-0.00023036896414474484,-0.0013109423320034619,0.0019314313650000002
1841,6.361538654076071e-06,-1.0686654761116188e-06,-5.98609225876956e-06,8.800256841572166e-06
1842,0.0,0.0,0.0,0.0
1843,-0.0011852670701446577,0.00021741894173210596,0.0012268534898827177,0.0017196797694427337
1844,-3.7704697231077944e-07,7.080447339546936e-08,3.935556227574466e-07,5.496032396061154e-07
1845,0.0,0.0,0.0,0.0
1846,0.001066229649253625,0.0007010204310287094,-0.0013993446192106518,0.0018937900287468487
1847,-2.3459316137675046e-05,4.751211177378423e-06,2.6827372172189e-05,3.5953044641094965e-05
1848,-2.6561590611429153e-06,5.35031031034805e-07,3.0318598545076014e-06,4.066154613346206e-06
1849,0.0,0.0,0.0,0.0
1850,2.456969339537096e-06,3.0247193141264006e-06,-3.721301005787936e-06,5.38829346271646e-06
1851,2.25055150249176e-06,-5.024964213617977e-07,-2.8474652939980416e-06,3.6640883340024276e-06
1852,-3.9526454553850954e-08,8.725546507548643e-09,4.953844601196522e-08,6.397291149176682e-08
1853,0.0,0.0,0.0,0.0
1854,0.0,0.0,0.0,0.0
1855,0.0,0.0,0.0,0.0
1856,0.0,0.0,0.0,0.0
1857,0.0,0.0,0.0,0.0
1858,0.0,0.0,0.0,0.0
1859,0.0,0.0,0.0,0.0
1860,0.0,0.0,0.0,0.0
1861,0.0,0.0,0.0,0.0
1862,0.0,0.0,0.0,0.0
1863,0.0,0.0,0.0,0.0
1864,0.0,0.0,0.0,0.0
1865,0.0,0.0,0.0,0.0
1866,0.0,0.0,0.0,0.0
1867,0.0,0.0,0.0,0.0
1868,0.0,0.0,0.0,0.0
1869,0.0,0.0,0.0,0.0
1870,0.0,0.0,0.0,0.0
1871,0.0,0.0,0.0,0.0
1872,0.0,0.0,0.0,0.0
1873,0.0,0.0,0.0,0.0
1874,0.0,0.0,0.0,0.0
1875,0.0,0.0,0.0,0.0
1876,0.0,0.0,0.0,0.0
1877,0.0,0.0,0.0,0.0
1878,0.0,0.0,0.0,0.0
1879,0.0,0.0,0.0,0.0
1880,0.0,0.0,0.0,0.0
1881,0.0,0.0,0.0,0.0
1882,0.0,0.0,0.0,0.0
1883,0.0,0.0,0.0,0.0
1884,0.0,0.0,0.0,0.0
1885,0.0,0.0,0.0,0.0
1886,0.0,0.0,0.0,0.0
1887,0.0,0.0,0.0,0.0
1888,0.0,0.0,0.0,0.0
1889,0.0,0.0,0.0,0.0
1890,0.0,0.0,0.0,0.0
1891,0.0,0.0,0.0,0.0
1892,0.0,0.0,0.0,0.0
1893,0.0,0.0,0.0,0.0
1894,0.0,0.0,0.0,0.0
1895,0.0,0.0,0.0,0.0
1896,0.0,0.0,0.0,0.0
1897,0.0,0.0,0.0,0.0
1898,0.0,0.0,0.0,0.0
1899,0.0,0.0,0.0,0.0
1900,0.0,0.0,0.0,0.0
1901,0.0,0.0,0.0,0.0
1902,0.0,0.0,0.0,0.0
1903,0.0,0.0,0.0,0.0
1904,0.0,0.0,0.0,0.0
1905,0.0,0.0,0.0,0.0
1906,0.0020934611095129174,0.00613306820789461,-0.0056737183383777255,0.008613256343739826
1907,-1.3548820472442102e-05,-0.00017645777963970488,0.00023299420826166243,0.0002925871145745281
1908,-0.00022061726065003562,8.91888172080968e-05,0.009599510118425535,0.009602459119130158
1909,3.372526845946133e-05,0.00014507997887136526,-0.008722070660795108,0.00872334237582733
1910,7.729260829147933e-06,1.014300063850726e-05,0.00874925294874221,0.008749262242212723
1911,0.005799990984603376,0.006564532076216878,-0.005256122422291325,0.010215664428673953
1912,0.00015058691037062033,-0.008074368897620587,0.00707047496305407,0.010733579352462632
1913,-0.00011392175367785917,-0.0002646565779524934,-0.008338952516088627,0.008343928950787836
1914,2.4200059067780444e-08,1.0429189956084883e-08,-1.1190990607538364e-06,1.119409272179815e-06
1915,-8.71841754346292e-09,1.2505775970339528e-08,7.104074043710861e-06,7.104090400872125e-06
1916,-1.3413102895043494e-07,9.05793804406585e-08,5.049020668331571e-07,5.302092550877529e-07
1917,7.732484550970753e-05,-0.00022632135969935518,-0.009651461953613,0.009654424805840507
1918,0.006209219136232402,0.002557741147519721,-0.004547533356755182,0.0081102713697059
1919,-1.4932196236827622e-05,-0.007999816332347365,0.007024884427682206,0.010646421255241973
1920,-0.0001160353121099078,7.005869617060512e-05,0.007091430783991131,0.007092726061163129
1921,-1.8014095770624294e-08,2.4098107687109405e-07,1.4982955357049252e-05,1.498490399096328e-05
1922,0.0,0.0,0.0,0.0
1923,0.0,0.0,0.0,0.0
1924,0.0,0.0,0.0,0.0
1925,1.8784349498091046e-07,7.220852182854287e-08,-1.9356008247563506e-05,1.9357054386682333e-05
1926,-0.0001058325471585686,0.00041229981313861686,-0.01040042106484449,0.010409128205090627
1927,-0.0005138356010316869,-7.534893845928536e-05,0.0007999611603321369,0.0009537517210754982
1928,0.0,0.0,0.0,0.0
1929,0.0,0.0,0.0,0.0
1930,0.0,0.0,0.0,0.0
1931,0.0,0.0,0.0,0.0
1932,0.0,0.0,0.0,0.0
1933,0.0,0.0,0.0,0.0
1934,0.0,0.0,0.0,0.0
1935,0.0,0.0,0.0,0.0
1936,-1.5371589963342203e-05,-0.006391342720435844,0.005874954028605977,0.008681277722436938
1937,-5.282017829810748e-05,0.00012661603044961112,0.007526217822208477,0.007527468120007601
1938,-6.923374318290598e-09,1.0679750950259859e-07,7.955539812925535e-06,7.956259633533282e-06
1939,0.0,0.0,0.0,0.0
1940,0.0,0.0,0.0,0.0
1941,0.0,0.0,0.0,0.0
1942,0.0,0.0,0.0,0.0
1943,0.0,0.0,0.0,0.0
1944,2.7709664363051445e-07,2.160756373825734e-08,1.2407632146911324e-05,1.2410744737113455e-05
1945,0.0001687063272199918,-0.00046796175812602314,0.011016893055194805,0.011028117818626712
1946,-0.007099644935671279,-5.230016780544133e-05,0.009931605966045214,0.01220837788508122
1947,-0.008413949427515721,0.0002268808467285055,0.008396799555572126,0.011889165768205128
1948,-0.0031804248396629653,0.0001203765228243725,0.003187792774846584,0.004504621564943782
1949,0.0,0.0,0.0,0.0
1950,0.0,0.0,0.0,0.0
1951,0.0,0.0,0.0,0.0
1952,0.0,0.0,0.0,0.0
1953,0.0,0.0,0.0,0.0
1954,0.0,0.0,0.0,0.0
1955,0.0,0.0,0.0,0.0
1956,0.0,0.0,0.0,0.0
1957,0.0,0.0,0.0,0.0
1958,-0.0002504570289989516,-0.008001137249841861,0.007540222332480198,0.010997085015467284
1959,-4.033823282623139e-05,4.8350223178061924e-05,0.0033550685530812194,0.003355659385721891
1960,-7.455584771776103e-08,3.604905192133856e-07,1.7636727090989628e-05,1.7640568428225863e-05
1961,0.0,0.0,0.0,0.0
1962,0.0,0.0,0.0,0.0
1963,0.0,0.0,0.0,0.0
1964,0.0,0.0,0.0,0.0
1965,0.0,0.0,0.0,0.0
1966,0.0,0.0,0.0,0.0
1967,0.0,0.0,0.0,0.0
1968,3.008177218433161e-08,1.5172792799944546e-08,3.944902582944102e-06,3.9450464529049775e-06
1969,0.00012479021021905012,7.217292056616031e-05,0.005940800799528143,0.005942549593121103
1970,2.8042836408559424e-07,6.672501022819688e-07,3.981388493262096e-05,3.982046328452698e-05
1971,0.0,0.0,0.0,0.0
1972,0.0,0.0,0.0,0.0
1973,0.0,0.0,0.0,0.0
1974,0.0,0.0,0.0,0.0
1975,0.0,0.0,0.0,0.0
1976,0.0,0.0,0.0,0.0
1977,0.0,0.0,0.0,0.0
1978,0.0,0.0,0.0,0.0
1979,0.0,0.0,0.0,0.0
1980,0.0,0.0,0.0,0.0
1981,0.0,0.0,0.0,0.0
1982,0.0,0.0,0.0,0.0
1983,0.00032825981608075594,-0.0071080579077982264,0.008997169144061689,0.011470888994943767
1984,0.0003625482037130645,0.00018548618259650596,0.010911100035627732,0.010918697280876749
1985,-3.474852849905119e-09,1.755350407250944e-07,8.59696830406313e-06,8.598760878533068e-06
1986,0.0,0.0,0.0,0.0
1987,0.0,0.0,0.0,0.0
1988,0.0,0.0,0.0,0.0
1989,0.0,0.0,0.0,0.0
1990,0.0,0.0,0.0,0.0
1991,0.0,0.0,0.0,0.0
1992,0.0,0.0,0.0,0.0
1993,0.0,0.0,0.0,0.0
1994,0.0,0.0,0.0,0.0
1995,0.0,0.0,0.0,0.0
1996,0.0,0.0,0.0,0.0
1997,0.0,0.0,0.0,0.0
1998,0.0,0.0,0.0,0.0
1999,0.0,0.0,0.0,0.0
2000,0.0,0.0,0.0,0.0
2001,0.0,0.0,0.0,0.0
2002,0.0,0.0,0.0,0.0
2003,0.0,0.0,0.0,0.0
2004,0.0,0.0,0.0,0.0
2005,0.0,0.0,0.0,0.0
2006,0.0,0.0,0.0,0.0
2007,0.0,0.0,0.0,0.0
2008,0.0,0.0,0.0,0.0
2009,0.0,0.0,0.0,0.0
2010,0.0,0.0,0.0,0.0
2011,0.0,0.0,0.0,0.0
2012,0.0,0.0,0.0,0.0
2013,0.0,0.0,0.0,0.0
2014,0.0,0.0,0.0,0.0
2015,0.0,0.0,0.0,0.0
2016,0.0,0.0,0.0,0.0
2017,0.0,0.0,0.0,0.0
2018,0.0,0.0,0.0,0.0
2019,0.0,0.0,0.0,0.0
2020,0.0,0.0,0.0,0.0
2021,0.0,0.0,0.0,0.0
2022,0.00011250529783213281,-0.0015919966395099294,0.0014834176588679495,0.002178907683425912
2023,-0.0003656938048135494,-9.630566124663176e-05,-0.009864056562029848,0.009871302781203262
2024,-8.534489515099608e-08,2.1660345872476228e-07,-2.126860571544754e-05,2.1269879874804834e-05
2025,0.0,0.0,0.0,0.0
2026,0.0,0.0,0.0,0.0
2027,0.0,0.0,0.0,0.0
2028,0.0,0.0,0.0,0.0
2029,0.0,0.0,0.0,0.0
2030,0.0,0.0,0.0,0.0
2031,0.0,0.0,0.0,0.0
2032,0.0,0.0,0.0,0.0
2033,0.0,0.0,0.0,0.0
2034,0.0,0.0,0.0,0.0
2035,0.0,0.0,0.0,0.0
2036,0.0,0.0,0.0,0.0
2037,0.0,0.0,0.0,0.0
2038,0.0,0.0,0.0,0.0
2039,0.0,0.0,0.0,0.0
2040,0.0,0.0,0.0,0.0
2041,0.0,0.0,0.0,0.0
2042,0.0,0.0,0.0,0.0
2043,0.0,0.0,0.0,0.0
2044,0.0,0.0,0.0,0.0
2045,0.0,0.0,0.0,0.0
2046,0.0,0.0,0.0,0.0
2047,0.0,0.0,0.0,0.0
2048,0.0,0.0,0.0,0.0
2049,0.0,0.0,0.0,0.0
2050,0.0,0.0,0.0,0.0
2051,0.0,0.0,0.0,0.0
2052,0.0,0.0,0.0,0.0
2053,0.0,0.0,0.0,0.0
2054,0.0,0.0,0.0,0.0
2055,0.0,0.0,0.0,0.0
2056,0.0,0.0,0.0,0.0
2057,0.0,0.0,0.0,0.0
2058,0.0,0.0,0.0,0.0
2059,0.0,0.0,0.0,0.0
2060,-0.0018319263836694688,0.005416314926394605,-0.00471991185065191,0.007414174905880872
2061,0.00020708954291892567,8.606481147310774e-05,-0.009217533777915713,0.009220261502667772
2062,-7.965038983925865e-08,-1.4870722431226113e-07,-2.231303518211528e-09,1.6870981559942923e-07
2063,-2.7654061263149288e-09,-4.116542307031068e-08,6.151447605464376e-06,6.151585964798103e-06
2064,0.0,0.0,0.0,0.0
2065,-6.082464665269072e-08,3.144874582972079e-08,-5.574200880832123e-06,5.574621432987562e-06
2066,-8.65523830384518e-09,3.579867069447573e-09,2.043374963050164e-06,2.0433964295306457e-06
2067,0.0,0.0,0.0,0.0
2068,0.0,0.0,0.0,0.0
2069,0.0,0.0,0.0,0.0
2070,0.0,0.0,0.0,0.0
2071,0.0,0.0,0.0,0.0
2072,0.0,0.0,0.0,0.0
2073,0.0,0.0,0.0,0.0
2074,0.0,0.0,0.0,0.0
2075,0.0,0.0,0.0,0.0
2076,0.0,0.0,0.0,0.0
2077,0.0,0.0,0.0,0.0
2078,0.0,0.0,0.0,0.0
2079,0.0,0.0,0.0,0.0
2080,0.0,0.0,0.0,0.0
2081,0.0,0.0,0.0,0.0
2082,0.0,0.0,0.0,0.0
2083,0.0,0.0,0.0,0.0
2084,0.0,0.0,0.0,0.0
2085,0.0,0.0,0.0,0.0
2086,0.0,0.0,0.0,0.0
2087,0.0,0.0,0.0,0.0
2088,0.0,0.0,0.0,0.0
2089,0.0,0.0,0.0,0.0
2090,0.0,0.0,0.0,0.0
2091,0.0,0.0,0.0,0.0
2092,0.0,0.0,0.0,0.0
2093,0.0,0.0,0.0,0.0
2094,0.0,0.0,0.0,0.0
2095,0.0,0.0,0.0,0.0
2096,0.0,0.0,0.0,0.0
2097,0.0,0.0,0.0,0.0
2098,0.0,0.0,0.0,0.0
2099,0.0,0.0,0.0,0.0
2100,-1.1614450845964797e-05,1.0407612423435353e-05,0.00847960740514269,0.008479621746234648
2101,-0.005786478053315669,0.006632661520928451,-0.004894594350225796,0.010071374333524253
2102,-0.00014421065049052828,4.1811626278587255e-05,-0.008782096873938746,0.008783380353090241
2103,-0.0001033044536091765,-0.0002255812424358794,0.010512735424156065,0.010515662832431449
2104,0.00041211533727780747,-0.00022914660064188297,-0.010947961657815546,0.01095811168389904
2105,0.0,0.0,0.0,0.0
2106,-3.0936833546491016e-05,-4.869885598779433e-05,0.003953356410768867,0.003953777380785582
2107,-2.7795502033356456e-07,4.82808680146718e-07,0.000123674155143755,0.00012367540989920565
2108,1.2878587085651816e-14,1.0658141036401503e-14,2.058040374319414e-11,2.0580410532515015e-11
2109,0.0,0.0,0.0,0.0
2110,0.0,0.0,0.0,0.0
2111,0.0,0.0,0.0,0.0
2112,-5.773159728050814e-15,5.329070518200751e-15,-2.0011280707129806e-11,2.001128224946896e-11
2113,0.0,0.0,0.0,0.0
2114,0.0,0.0,0.0,0.0
2115,0.0,0.0,0.0,0.0
2116,0.0,0.0,0.0,0.0
2117,0.0,0.0,0.0,0.0
2118,0.0,0.0,0.0,0.0
2119,0.0,0.0,0.0,0.0
2120,0.0,0.0,0.0,0.0
2121,0.0,0.0,0.0,0.0
2122,0.0,0.0,0.0,0.0
2123,0.0,0.0,0.0,0.0
2124,0.0,0.0,0.0,0.0
2125,0.0,0.0,0.0,0.0
2126,0.0,0.0,0.0,0.0
2127,0.0,0.0,0.0,0.0
2128,0.0,0.0,0.0,0.0
2129,0.0,0.0,0.0,0.0
2130,0.0,0.0,0.0,0.0
2131,0.0,0.0,0.0,0.0
2132,0.0,0.0,0.0,0.0
2133,0.0,0.0,0.0,0.0
2134,0.0,0.0,0.0,0.0
2135,0.0,0.0,0.0,0.0
2136,0.0,0.0,0.0,0.0
2137,0.0,0.0,0.0,0.0
2138,0.0,0.0,0.0,0.0
2139,0.0,0.0,0.0,0.0
2140,-0.005802315030420946,0.0029078050873039274,-0.005503040342016722,0.008509150553601866
2141,0.0003277747884187221,-4.528906940493016e-05,0.0002879031692770396,0.00043860648263593455
2142,0.008988961572963472,0.00016892988765881967,0.007974484523887774,0.012017585901040358
2143,0.009177855468284868,5.765394356060938e-05,0.0063512567437703235,0.01116130893754055
2144,0.0,0.0,0.0,0.0
2145,-4.574564020920491e-07,3.157842574097458e-07,-0.0001598240587928792,0.0001598250254343379
2146,4.884981308350689e-15,1.2434497875801753e-14,-2.2342333494308926e-11,2.23423374885149e-11
2147,0.0,0.0,0.0,0.0
2148,0.0,0.0,0.0,0.0
2149,0.0,0.0,0.0,0.0
2150,0.0,0.0,0.0,0.0
2151,0.0,0.0,0.0,0.0
2152,0.0,0.0,0.0,0.0
2153,0.0,0.0,0.0,0.0
2154,0.0,0.0,0.0,0.0
2155,0.0,0.0,0.0,0.0
2156,0.0,0.0,0.0,0.0
2157,0.0,0.0,0.0,0.0
2158,0.0,0.0,0.0,0.0
2159,0.0,0.0,0.0,0.0
2160,0.0,0.0,0.0,0.0
2161,0.0,0.0,0.0,0.0
2162,0.0,0.0,0.0,0.0
2163,0.0,0.0,0.0,0.0
2164,0.0,0.0,0.0,0.0
2165,0.0,0.0,0.0,0.0
2166,0.0,0.0,0.0,0.0
2167,0.0,0.0,0.0,0.0
2168,0.0,0.0,0.0,0.0
2169,0.0,0.0,0.0,0.0
2170,0.0,0.0,0.0,0.0
2171,0.0,0.0,0.0,0.0
2172,0.0,0.0,0.0,0.0
2173,0.0,0.0,0.0,0.0
2174,0.0,0.0,0.0,0.0
2175,0.0,0.0,0.0,0.0
2176,-5.909184253027888e-11,6.211724468130342e-10,-5.396319077194365e-08,5.3966798175764675e-08
2177,0.0,0.0,1.1778471845288307e-11,1.1778471845288307e-11
2178,0.0,0.0,0.0,0.0
2179,0.0,0.0,0.0,0.0
2180,0.0,0.0,0.0,0.0
2181,0.0,0.0,0.0,0.0
2182,0.0,0.0,0.0,0.0
2183,0.0,0.0,0.0,0.0
2184,0.0,0.0,0.0,0.0
2185,0.0,0.0,0.0,0.0
2186,0.0,0.0,0.0,0.0
2187,0.0,0.0,0.0,0.0
2188,0.0,0.0,0.0,0.0
2189,0.0,0.0,0.0,0.0
2190,0.0,0.0,0.0,0.0
2191,0.0,0.0,0.0,0.0
2192,0.0,0.0,0.0,0.0
2193,0.0,0.0,0.0,0.0
2194,0.0,0.0,0.0,0.0
2195,0.0,0.0,0.0,0.0
2196,0.0,0.0,0.0,0.0
2197,0.0,0.0,0.0,0.0
2198,0.0,0.0,0.0,0.0
2199,0.0,0.0,0.0,0.0
2200,0.0,0.0,0.0,0.0
2201,0.0,0.0,0.0,0.0
2202,0.0,0.0,0.0,0.0
2203,0.0,0.0,0.0,0.0
2204,0.0,0.0,0.0,0.0
2205,0.0,0.0,0.0,0.0
2206,0.0,0.0,0.0,0.0
2207,0.0,0.0,0.0,0.0
2208,0.0,0.0,0.0,0.0
2209,0.0,0.0,0.0,0.0
2210,-1.9897146152914047e-09,-2.8190552114892853e-09,6.132260557012049e-07,6.132357633303792e-07
2211,0.0,0.0,1.2783886168010864e-11,1.2783886168010864e-11
2212,0.0,0.0,0.0,0.0
2213,0.0,0.0,0.0,0.0
2214,0.0,0.0,0.0,0.0
2215,0.0,0.0,0.0,0.0
2216,0.0,0.0,0.0,0.0
2217,0.0,0.0,0.0,0.0
2218,0.0,0.0,0.0,0.0
2219,0.0,0.0,0.0,0.0
2220,0.0,0.0,0.0,0.0
2221,0.0,0.0,0.0,0.0
2222,0.0,0.0,0.0,0.0
2223,0.0,0.0,0.0,0.0
2224,0.0,0.0,0.0,0.0
2225,0.0,0.0,0.0,0.0
2226,0.0,0.0,0.0,0.0
2227,0.0,0.0,0.0,0.0
2228,0.0,0.0,0.0,0.0
2229,0.0,0.0,0.0,0.0
2230,0.0,0.0,0.0,0.0
2231,0.0,0.0,0.0,0.0
2232,0.0,0.0,0.0,0.0
2233,0.0,0.0,0.0,0.0
2234,0.0,0.0,0.0,0.0
2235,0.0,0.0,0.0,0.0
2236,0.0,0.0,0.0,0.0
2237,0.0,0.0,0.0,0.0
2238,0.0,0.0,0.0,0.0
2239,0.0,0.0,0.0,0.0
2240,0.0,0.0,0.0,0.0
2241,0.0,0.0,0.0,0.0
2242,0.0,0.0,0.0,0.0
2243,0.0,0.0,0.0,0.0
2244,0.0,0.0,1.2768177769225256e-11,1.2768177769225256e-11
2245,0.0,0.0,0.0,0.0
2246,0.0,0.0,0.0,0.0
2247,0.0,0.0,0.0,0.0
2248,0.0,0.0,0.0,0.0
2249,0.0,0.0,0.0,0.0
2250,0.0,0.0,0.0,0.0
2251,0.0,0.0,0.0,0.0
2252,0.0,0.0,0.0,0.0
2253,0.0,0.0,0.0,0.0
2254,0.0,0.0,0.0,0.0
2255,0.0,0.0,0.0,0.0
2256,0.0,0.0,0.0,0.0
2257,0.0,0.0,0.0,0.0
2258,0.0,0.0,0.0,0.0
2259,0.0,0.0,0.0,0.0
2260,0.0,0.0,0.0,0.0
2261,0.0,0.0,0.0,0.0
2262,0.0,0.0,0.0,0.0
2263,0.0,0.0,0.0,0.0
2264,0.0,0.0,0.0,0.0
2265,0.0,0.0,0.0,0.0
2266,0.0,0.0,0.0,0.0
2267,0.0,0.0,0.0,0.0
2268,0.0,0.0,0.0,0.0
2269,0.0,0.0,0.0,0.0
2270,0.0,0.0,0.0,0.0
2271,0.0,0.0,0.0,0.0
2272,0.0,0.0,0.0,0.0
2273,0.0,0.0,0.0,0.0
2274,0.0,0.0,0.0,0.0
2275,0.0,0.0,0.0,0.0
2276,0.0,0.0,0.0,0.0
2277,0.0,0.0,0.0,0.0
2278,0.0,0.0,0.0,0.0
2279,0.0,0.0,0.0,0.0
2280,0.0,0.0,0.0,0.0
2281,0.0,0.0,0.0,0.0
2282,0.0,0.0,0.0,0.0
2283,0.0,0.0,0.0,0.0
2284,0.0,0.0,0.0,0.0
2285,0.0,0.0,0.0,0.0
2286,0.0,0.0,0.0,0.0
2287,0.0,0.0,0.0,0.0
2288,0.0,0.0,0.0,0.0
2289,0.0,0.0,0.0,0.0
2290,0.0,0.0,0.0,0.0
2291,0.0,0.0,0.0,0.0
2292,0.0,0.0,0.0,0.0
2293,0.0,0.0,0.0,0.0
2294,0.0,0.0,0.0,0.0
2295,0.0,0.0,0.0,0.0
2296,0.0,0.0,0.0,0.0
2297,0.0,0.0,0.0,0.0
2298,0.0,0.0,0.0,0.0
2299,0.0,0.0,0.0,0.0
2300,0.0,0.0,0.0,0.0
2301,0.0,0.0,0.0,0.0
2302,0.0,0.0,0.0,0.0
2303,0.0,0.0,0.0,0.0
2304,0.0,0.0,0.0,0.0
2305,0.0,0.0,0.0,0.0
2306,0.0,0.0,0.0,0.0
2307,0.0,0.0,0.0,0.0
2308,0.0,0.0,0.0,0.0
2309,0.0,0.0,0.0,0.0
2310,0.0,0.0,0.0,0.0
2311,0.0,0.0,0.0,0.0
2312,0.0,0.0,0.0,0.0
2313,0.0,0.0,0.0,0.0
2314,0.0,0.0,0.0,0.0
2315,0.0,0.0,0.0,0.0
2316,0.0,0.0,0.0,0.0
2317,0.0,0.0,0.0,0.0
2318,0.0,0.0,0.0,0.0
2319,0.0,0.0,0.0,0.0
2320,0.0,0.0,0.0,0.0
2321,0.0,0.0,0.0,0.0
2322,0.0,0.0,0.0,0.0
2323,0.0,0.0,0.0,0.0
2324,0.0,0.0,0.0,0.0
2325,0.0,0.0,0.0,0.0
2326,0.0,0.0,0.0,0.0
2327,0.0,0.0,0.0,0.0
2328,0.0,0.0,0.0,0.0
2329,0.0,0.0,0.0,0.0
2330,0.0,0.0,0.0,0.0
2331,0.0,0.0,0.0,0.0
2332,0.0,0.0,0.0,0.0
2333,0.0,0.0,0.0,0.0
2334,0.0,0.0,0.0,0.0
2335,0.0,0.0,0.0,0.0
2336,0.0,0.0,0.0,0.0
2337,0.0,0.0,0.0,0.0
2338,0.0,0.0,0.0,0.0
2339,0.0,0.0,0.0,0.0
2340,0.0,0.0,0.0,0.0
2341,0.0,0.0,0.0,0.0
2342,0.0,0.0,0.0,0.0
2343,0.0,0.0,0.0,0.0
2344,0.0,0.0,0.0,0.0
2345,0.0,0.0,0.0,0.0
2346,0.0,0.0,0.0,0.0
2347,0.0,0.0,0.0,0.0
2348,0.0,0.0,0.0,0.0
2349,0.0,0.0,0.0,0.0
2350,0.0,0.0,0.0,0.0
2351,0.0,0.0,0.0,0.0
2352,0.0,0.0,0.0,0.0
2353,0.0,0.0,0.0,0.0
2354,0.0,0.0,0.0,0.0
2355,0.0,0.0,0.0,0.0
2356,0.0,0.0,0.0,0.0
2357,0.0,0.0,0.0,0.0
2358,0.0,0.0,0.0,0.0
2359,0.0,0.0,0.0,0.0
2360,0.0,0.0,0.0,0.0
2361,0.0,0.0,0.0,0.0
2362,0.0,0.0,0.0,0.0
2363,0.0,0.0,0.0,0.0
2364,0.0,0.0,0.0,0.0
2365,0.0,0.0,0.0,0.0
2366,0.0,0.0,0.0,0.0
2367,0.0,0.0,0.0,0.0
2368,0.0,0.0,0.0,0.0
2369,0.0,0.0,0.0,0.0
2370,0.0,0.0,0.0,0.0
2371,0.0,0.0,0.0,0.0
2372,0.0,0.0,0.0,0.0
2373,0.0,0.0,0.0,0.0
2374,0.0,0.0,0.0,0.0
2375,0.0,0.0,0.0,0.0
2376,0.0,0.0,0.0,0.0
2377,0.0,0.0,0.0,0.0
2378,0.0,0.0,0.0,0.0
2379,0.0,0.0,0.0,0.0
2380,0.0,0.0,0.0,0.0
2381,0.0,0.0,0.0,0.0
2382,0.0,0.0,0.0,0.0
2383,0.0,0.0,0.0,0.0
2384,0.0,0.0,0.0,0.0
2385,0.0,0.0,0.0,0.0
2386,0.0,0.0,0.0,0.0
2387,0.0,0.0,0.0,0.0
2388,0.0,0.0,0.0,0.0
2389,0.0,0.0,0.0,0.0
2390,0.0,0.0,0.0,0.0
2391,0.0,0.0,0.0,0.0
2392,0.0,0.0,0.0,0.0
2393,0.0,0.0,0.0,0.0
2394,0.0,0.0,0.0,0.0
2395,0.0,0.0,0.0,0.0
2396,0.0,0.0,0.0,0.0
2397,0.0,0.0,0.0,0.0
2398,0.0,0.0,0.0,0.0
2399,0.0,0.0,0.0,0.0
2400,0.0,0.0,0.0,0.0
2401,0.0,0.0,0.0,0.0
2402,0.0,0.0,0.0,0.0
2403,0.0,0.0,0.0,0.0
2404,0.0,0.0,0.0,0.0
2405,0.0,0.0,0.0,0.0
2406,0.0,0.0,0.0,0.0
2407,0.0,0.0,0.0,0.0
2408,0.0,0.0,0.0,0.0
2409,0.0,0.0,0.0,0.0
2410,0.0,0.0,0.0,0.0
2411,0.0,0.0,0.0,0.0
2412,0.0,0.0,0.0,0.0
2413,0.0,0.0,0.0,0.0
2414,0.0,0.0,0.0,0.0
2415,0.0,0.0,0.0,0.0
2416,0.0,0.0,0.0,0.0
2417,0.0,0.0,0.0,0.0
2418,0.0,0.0,0.0,0.0
2419,0.0,0.0,0.0,0.0
2420,0.0,0.0,0.0,0.0
2421,0.0,0.0,0.0,0.0
2422,0.0,0.0,0.0,0.0
2423,0.0,0.0,0.0,0.0
2424,0.0,0.0,0.0,0.0
2425,0.0,0.0,0.0,0.0
2426,0.0,0.0,0.0,0.0
2427,0.0,0.0,0.0,0.0
2428,0.0,0.0,0.0,0.0
2429,0.0,0.0,0.0,0.0
2430,0.0,0.0,0.0,0.0
2431,0.0,0.0,0.0,0.0
2432,0.0,0.0,0.0,0.0
2433,0.0,0.0,0.0,0.0
2434,0.0,0.0,0.0,0.0
2435,0.0,0.0,0.0,0.0
2436,0.0,0.0,0.0,0.0
2437,0.0,0.0,0.0,0.0
2438,0.0,0.0,0.0,0.0
2439,0.0,0.0,0.0,0.0
2440,0.0,0.0,0.0,0.0
2441,0.0,0.0,0.0,0.0
2442,0.0,0.0,0.0,0.0
2443,0.0,0.0,0.0,0.0
2444,0.0,0.0,0.0,0.0
2445,0.0,0.0,0.0,0.0
2446,0.0,0.0,0.0,0.0
2447,0.0,0.0,0.0,0.0
2448,0.0,0.0,0.0,0.0
2449,0.0,0.0,0.0,0.0
2450,0.0,0.0,0.0,0.0
2451,0.0,0.0,0.0,0.0
2452,0.0,0.0,0.0,0.0
2453,0.0,0.0,0.0,0.0
2454,0.0,0.0,0.0,0.0
2455,0.0,0.0,0.0,0.0
2456,0.0,0.0,0.0,0.0
2457,0.0,0.0,0.0,0.0
2458,0.0,0.0,0.0,0.0
2459,0.0,0.0,0.0,0.0
2460,0.0,0.0,0.0,0.0
2461,0.0,0.0,0.0,0.0
2462,0.0,0.0,0.0,0.0
2463,0.0,0.0,0.0,0.0
2464,0.0,0.0,0.0,0.0
2465,0.0,0.0,0.0,0.0
2466,0.0,0.0,0.0,0.0
2467,0.0,0.0,0.0,0.0
2468,0.0,0.0,0.0,0.0
2469,0.0,0.0,0.0,0.0
2470,0.0,0.0,0.0,0.0
2471,0.0,0.0,0.0,0.0
2472,0.0,0.0,0.0,0.0
2473,0.0,0.0,0.0,0.0
2474,0.0,0.0,0.0,0.0
2475,0.0,0.0,0.0,0.0
2476,0.0,0.0,0.0,0.0
2477,0.0,0.0,0.0,0.0
2478,0.0,0.0,0.0,0.0
2479,0.0,0.0,0.0,0.0
2480,0.0,0.0,0.0,0.0
2481,0.0,0.0,0.0,0.0
2482,0.0,0.0,0.0,0.0
2483,0.0,0.0,0.0,0.0
2484,0.0,0.0,0.0,0.0
2485,0.0,0.0,0.0,0.0
2486,0.0,0.0,0.0,0.0
2487,0.0,0.0,0.0,0.0
2488,0.0,0.0,0.0,0.0
2489,0.0,0.0,0.0,0.0
2490,0.0,0.0,0.0,0.0
2491,0.0,0.0,0.0,0.0
2492,0.0,0.0,0.0,0.0
2493,0.0,0.0,0.0,0.0
2494,0.0,0.0,0.0,0.0
2495,0.0,0.0,0.0,0.0
2496,0.0,0.0,0.0,0.0
2497,0.0,0.0,0.0,0.0
2498,0.0,0.0,0.0,0.0
2499,0.0,0.0,0.0,0.0
2500,0.0,0.0,0.0,0.0
2501,0.0,0.0,0.0,0.0
2502,0.0,0.0,0.0,0.0
2503,0.0,0.0,0.0,0.0
2504,0.0,0.0,0.0,0.0
2505,0.0,0.0,0.0,0.0
2506,0.0,0.0,0.0,0.0
2507,0.0,0.0,0.0,0.0
2508,0.0,0.0,0.0,0.0
2509,0.0,0.0,0.0,0.0
2510,0.0,0.0,0.0,0.0
2511,0.0,0.0,0.0,0.0
2512,0.0,0.0,0.0,0.0
2513,0.0,0.0,0.0,0.0
2514,0.0,0.0,0.0,0.0
2515,0.0,0.0,0.0,0.0
2516,0.0,0.0,0.0,0.0
2517,0.0,0.0,0.0,0.0
2518,0.0,0.0,0.0,0.0
2519,0.0,0.0,0.0,0.0
2520,0.0,0.0,0.0,0.0
2521,0.0,0.0,0.0,0.0
2522,0.0,0.0,0.0,0.0
2523,0.0,0.0,0.0,0.0
2524,0.0,0.0,0.0,0.0
2525,0.0,0.0,0.0,0.0
2526,0.0,0.0,0.0,0.0
2527,0.0,0.0,0.0,0.0
2528,0.0,0.0,0.0,0.0
2529,0.0,0.0,0.0,0.0
2530,0.0,0.0,0.0,0.0
2531,0.0,0.0,0.0,0.0
2532,0.0,0.0,0.0,0.0
2533,0.0,0.0,0.0,0.0
2534,0.0,0.0,0.0,0.0
2535,0.0,0.0,0.0,0.0
2536,0.0,0.0,0.0,0.0
2537,0.0,0.0,0.0,0.0
2538,0.0,0.0,0.0,0.0
2539,0.0,0.0,0.0,0.0
2540,0.0,0.0,0.0,0.0
2541,0.0,0.0,0.0,0.0
2542,0.0,0.0,0.0,0.0
2543,0.0,0.0,0.0,0.0
2544,0.0,0.0,0.0,0.0
2545,0.0,0.0,0.0,0.0
2546,0.0,0.0,0.0,0.0
2547,0.0,0.0,0.0,0.0
2548,0.0,0.0,0.0,0.0
2549,0.0,0.0,0.0,0.0
2550,0.0,0.0,0.0,0.0
2551,0.0,0.0,0.0,0.0
2552,0.0,0.0,0.0,0.0
2553,0.0,0.0,0.0,0.0
2554,0.0,0.0,0.0,0.0
2555,0.0,0.0,0.0,0.0
2556,0.0,0.0,0.0,0.0
2557,0.0,0.0,0.0,0.0
2558,0.0,0.0,0.0,0.0
2559,0.0,0.0,0.0,0.0
2560,0.0,0.0,0.0,0.0
2561,0.0,0.0,0.0,0.0
2562,0.0,0.0,0.0,0.0
2563,0.0,0.0,0.0,0.0
2564,0.0,0.0,0.0,0.0
2565,0.0,0.0,0.0,0.0
2566,0.0,0.0,0.0,0.0
2567,0.0,0.0,0.0,0.0
2568,0.0,0.0,0.0,0.0
2569,0.0,0.0,0.0,0.0
2570,0.0,0.0,0.0,0.0
2571,0.0,0.0,0.0,0.0
2572,0.0,0.0,0.0,0.0
2573,0.0,0.0,0.0,0.0
2574,0.0,0.0,0.0,0.0
2575,0.0,0.0,0.0,0.0
2576,0.0,0.0,0.0,0.0
2577,0.0,0.0,0.0,0.0
2578,0.0,0.0,0.0,0.0
2579,0.0,0.0,0.0,0.0
2580,0.0,0.0,0.0,0.0
2581,0.0,0.0,0.0,0.0
2582,0.0,0.0,0.0,0.0
2583,0.0,0.0,0.0,0.0
2584,0.0,0.0,0.0,0.0
2585,0.0,0.0,0.0,0.0
2586,0.0,0.0,0.0,0.0
2587,0.0,0.0,0.0,0.0
2588,0.0,0.0,0.0,0.0
2589,0.0,0.0,0.0,0.0
2590,0.0,0.0,0.0,0.0
2591,0.0,0.0,0.0,0.0
2592,0.0,0.0,0.0,0.0
2593,0.0,0.0,0.0,0.0
2594,0.0,0.0,0.0,0.0
2595,0.0,0.0,0.0,0.0
2596,0.0,0.0,0.0,0.0
2597,0.0,0.0,0.0,0.0
2598,0.0,0.0,0.0,0.0
2599,0.0,0.0,0.0,0.0
2600,0.0,0.0,0.0,0.0
2601,0.0,0.0,0.0,0.0
2602,0.0,0.0,0.0,0.0
2603,0.0,0.0,0.0,0.0
2604,0.0,0.0,0.0,0.0
2605,0.0,0.0,0.0,0.0
2606,0.0,0.0,0.0,0.0
2607,0.0,0.0,0.0,0.0
2608,0.0,0.0,0.0,0.0
2609,0.0,0.0,0.0,0.0
2610,0.0,0.0,0.0,0.0
2611,0.0,0.0,0.0,0.0
2612,0.0,0.0,0.0,0.0
2613,0.0,0.0,0.0,0.0
2614,0.0,0.0,0.0,0.0
2615,0.0,0.0,0.0,0.0
2616,0.0,0.0,0.0,0.0
2617,0.0,0.0,0.0,0.0
2618,0.0,0.0,0.0,0.0
2619,0.0,0.0,0.0,0.0
2620,0.0,0.0,0.0,0.0
2621,0.0,0.0,0.0,0.0
2622,0.0,0.0,0.0,0.0
2623,0.0,0.0,0.0,0.0
2624,0.0,0.0,0.0,0.0
2625,0.0,0.0,0.0,0.0
2626,0.0,0.0,0.0,0.0
2627,0.0,0.0,0.0,0.0
2628,0.0,0.0,0.0,0.0
2629,0.0,0.0,0.0,0.0
2630,0.0,0.0,0.0,0.0
2631,0.0,0.0,0.0,0.0
2632,0.0,0.0,0.0,0.0
2633,0.0,0.0,0.0,0.0
2634,0.0,0.0,0.0,0.0
2635,0.0,0.0,0.0,0.0
2636,0.0,0.0,0.0,0.0
2637,0.0,0.0,0.0,0.0
2638,0.0,0.0,0.0,0.0
2639,0.0,0.0,0.0,0.0
2640,0.0,0.0,0.0,0.0
2641,0.0,0.0,0.0,0.0
2642,0.0,0.0,0.0,0.0
2643,0.0,0.0,0.0,0.0
2644,0.0,0.0,0.0,0.0
2645,0.0,0.0,0.0,0.0
2646,0.0,0.0,0.0,0.0
2647,0.0,0.0,0.0,0.0
2648,0.0,0.0,0.0,0.0
2649,0.0,0.0,0.0,0.0
2650,0.0,0.0,0.0,0.0
2651,0.0,0.0,0.0,0.0
2652,0.0,0.0,0.0,0.0
2653,0.0,0.0,0.0,0.0
2654,0.0,0.0,0.0,0.0
2655,0.0,0.0,0.0,0.0
2656,0.0,0.0,0.0,0.0
2657,0.0,0.0,0.0,0.0
2658,0.0,0.0,0.0,0.0
2659,0.0,0.0,0.0,0.0
2660,0.0,0.0,0.0,0.0
2661,0.0,0.0,0.0,0.0
2662,0.0,0.0,0.0,0.0
2663,0.0,0.0,0.0,0.0
2664,0.0,0.0,0.0,0.0
2665,0.0,0.0,0.0,0.0
2666,0.0,0.0,0.0,0.0
2667,0.0,0.0,0.0,0.0
2668,0.0,0.0,0.0,0.0
2669,0.0,0.0,0.0,0.0
2670,0.0,0.0,0.0,0.0
2671,0.0,0.0,0.0,0.0
2672,0.0,0.0,0.0,0.0
2673,0.0,0.0,0.0,0.0
2674,0.0,0.0,0.0,0.0
2675,0.0,0.0,0.0,0.0
2676,0.0,0.0,0.0,0.0
2677,0.0,0.0,0.0,0.0
2678,0.0,0.0,0.0,0.0
2679,0.0,0.0,0.0,0.0
2680,0.0,0.0,0.0,0.0
2681,0.0,0.0,0.0,0.0
2682,0.0,0.0,0.0,0.0
2683,0.0,0.0,0.0,0.0
2684,0.0,0.0,0.0,0.0
2685,0.0,0.0,0.0,0.0
2686,0.0,0.0,0.0,0.0
2687,0.0,0.0,0.0,0.0
2688,0.0,0.0,0.0,0.0
2689,0.0,0.0,0.0,0.0
2690,0.0,0.0,0.0,0.0
2691,0.0,0.0,0.0,0.0
2692,0.0,0.0,0.0,0.0
2693,0.0,0.0,0.0,0.0
2694,0.0,0.0,0.0,0.0
2695,0.0,0.0,0.0,0.0
2696,0.0,0.0,0.0,0.0
2697,0.0,0.0,0.0,0.0
2698,0.0,0.0,0.0,0.0
2699,0.0,0.0,0.0,0.0
2700,0.0,0.0,0.0,0.0
2701,0.0,0.0,0.0,0.0
2702,0.0,0.0,0.0,0.0
2703,0.0,0.0,0.0,0.0
2704,0.0,0.0,0.0,0.0
2705,0.0,0.0,0.0,0.0
2706,0.0,0.0,0.0,0.0
2707,0.0,0.0,0.0,0.0
2708,0.0,0.0,0.0,0.0
2709,0.0,0.0,0.0,0.0
2710,0.0,0.0,0.0,0.0
2711,0.0,0.0,0.0,0.0
2712,0.0,0.0,0.0,0.0
2713,0.0,0.0,0.0,0.0
2714,0.0,0.0,0.0,0.0
2715,0.0,0.0,0.0,0.0
2716,0.0,0.0,0.0,0.0
2717,0.0,0.0,0.0,0.0
2718,0.0,0.0,0.0,0.0
2719,0.0,0.0,0.0,0.0
2720,0.0,0.0,0.0,0.0
2721,0.0,0.0,0.0,0.0
2722,0.0,0.0,0.0,0.0
2723,0.0,0.0,0.0,0.0
2724,0.0,0.0,0.0,0.0
2725,0.0,0.0,0.0,0.0
2726,0.0,0.0,0.0,0.0
2727,0.0,0.0,0.0,0.0
2728,0.0,0.0,0.0,0.0
2729,0.0,0.0,0.0,0.0
2730,0.0,0.0,0.0,0.0
2731,0.0,0.0,0.0,0.0
2732,0.0,0.0,0.0,0.0
2733,0.0,0.0,0.0,0.0
2734,0.0,0.0,0.0,0.0
2735,0.0,0.0,0.0,0.0
2736,0.0,0.0,0.0,0.0
2737,0.0,0.0,0.0,0.0
2738,0.0,0.0,0.0,0.0
2739,0.0,0.0,0.0,0.0
2740,0.0,0.0,0.0,0.0
2741,0.0,0.0,0.0,0.0
2742,0.0,0.0,0.0,0.0
2743,0.0,0.0,0.0,0.0
2744,0.0,0.0,0.0,0.0
2745,0.0,0.0,0.0,0.0
2746,0.0,0.0,0.0,0.0
2747,0.0,0.0,0.0,0.0
2748,0.0,0.0,0.0,0.0
2749,0.0,0.0,0.0,0.0
2750,0.0,0.0,0.0,0.0
2751,0.0,0.0,0.0,0.0
2752,0.0,0.0,0.0,0.0
2753,0.0,0.0,0.0,0.0
2754,0.0,0.0,0.0,0.0
2755,0.0,0.0,0.0,0.0
2756,0.0,0.0,0.0,0.0
2757,0.0,0.0,0.0,0.0
2758,0.0,0.0,0.0,0.0
2759,0.0,0.0,0.0,0.0
2760,0.0,0.0,0.0,0.0
2761,0.0,0.0,0.0,0.0
2762,0.0,0.0,0.0,0.0
2763,0.0,0.0,0.0,0.0
2764,0.0,0.0,0.0,0.0
2765,0.0,0.0,0.0,0.0
2766,0.0,0.0,0.0,0.0
2767,0.0,0.0,0.0,0.0
2768,0.0,0.0,0.0,0.0
2769,0.0,0.0,0.0,0.0
2770,0.0,0.0,0.0,0.0
2771,0.0,0.0,0.0,0.0
2772,0.0,0.0,0.0,0.0
2773,0.0,0.0,0.0,0.0
2774,0.0,0.0,0.0,0.0
2775,0.0,0.0,0.0,0.0
2776,0.0,0.0,0.0,0.0
2777,0.0,0.0,0.0,0.0
2778,0.0,0.0,0.0,0.0
2779,0.0,0.0,0.0,0.0
2780,0.0,0.0,0.0,0.0
2781,0.0,0.0,0.0,0.0
2782,0.0,0.0,0.0,0.0
2783,0.0,0.0,0.0,0.0
2784,0.0,0.0,0.0,0.0
2785,0.0,0.0,0.0,0.0
2786,0.0,0.0,0.0,0.0
2787,0.0,0.0,0.0,0.0
2788,0.0,0.0,0.0,0.0
2789,0.0,0.0,0.0,0.0
2790,0.0,0.0,0.0,0.0
2791,0.0,0.0,0.0,0.0
2792,0.0,0.0,0.0,0.0
2793,0.0,0.0,0.0,0.0
2794,0.0,0.0,0.0,0.0
2795,0.0,0.0,0.0,0.0
2796,0.0,0.0,0.0,0.0
2797,0.0,0.0,0.0,0.0
2798,0.0,0.0,0.0,0.0
2799,0.0,0.0,0.0,0.0
2800,0.0,0.0,0.0,0.0
2801,0.0,0.0,0.0,0.0
2802,0.0,0.0,0.0,0.0
2803,0.0,0.0,0.0,0.0
2804,0.0,0.0,0.0,0.0
2805,0.0,0.0,0.0,0.0
2806,0.0,0.0,0.0,0.0
2807,0.0,0.0,0.0,0.0
2808,0.0,0.0,0.0,0.0
2809,0.0,0.0,0.0,0.0
2810,0.0,0.0,0.0,0.0
2811,0.0,0.0,0.0,0.0
2812,0.0,0.0,0.0,0.0
2813,0.0,0.0,0.0,0.0
2814,0.0,0.0,0.0,0.0
2815,0.0,0.0,0.0,0.0
2816,0.0,0.0,0.0,0.0
2817,0.0,0.0,0.0,0.0
2818,0.0,0.0,0.0,0.0
2819,0.0,0.0,0.0,0.0
2820,0.0,0.0,0.0,0.0
2821,0.0,0.0,0.0,0.0
2822,0.0,0.0,0.0,0.0
2823,0.0,0.0,0.0,0.0
2824,0.0,0.0,0.0,0.0
2825,0.0,0.0,0.0,0.0
2826,0.0,0.0,0.0,0.0
2827,0.0,0.0,0.0,0.0
2828,0.0,0.0,0.0,0.0
2829,0.0,0.0,0.0,0.0
2830,0.0,0.0,0.0,0.0
2831,0.0,0.0,0.0,0.0
2832,0.0,0.0,0.0,0.0
2833,0.0,0.0,0.0,0.0
2834,0.0,0.0,0.0,0.0
2835,0.0,0.0,0.0,0.0
2836,0.0,0.0,0.0,0.0
2837,0.0,0.0,0.0,0.0
2838,0.0,0.0,0.0,0.0
2839,0.0,0.0,0.0,0.0
2840,0.0,0.0,0.0,0.0
2841,0.0,0.0,0.0,0.0
2842,0.0,0.0,0.0,0.0
2843,0.0,0.0,0.0,0.0
2844,0.0,0.0,0.0,0.0
2845,0.0,0.0,0.0,0.0
2846,0.0,0.0,0.0,0.0
2847,0.0,0.0,0.0,0.0
2848,0.0,0.0,0.0,0.0
2849,0.0,0.0,0.0,0.0
2850,0.0,0.0,0.0,0.0
2851,0.0,0.0,0.0,0.0
2852,0.0,0.0,0.0,0.0
2853,0.0,0.0,0.0,0.0
2854,0.0,0.0,0.0,0.0
2855,0.0,0.0,0.0,0.0
2856,0.0,0.0,0.0,0.0
2857,0.0,0.0,0.0,0.0
2858,0.0,0.0,0.0,0.0
2859,0.0,0.0,0.0,0.0
2860,0.0,0.0,0.0,0.0
2861,0.0,0.0,0.0,0.0
2862,0.0,0.0,0.0,0.0
2863,0.0,0.0,0.0,0.0
2864,0.0,0.0,0.0,0.0
2865,0.0,0.0,0.0,0.0
2866,0.0,0.0,0.0,0.0
2867,0.0,0.0,0.0,0.0
2868,0.0,0.0,0.0,0.0
2869,0.0,0.0,0.0,0.0
2870,0.0,0.0,0.0,0.0
2871,0.0,0.0,0.0,0.0
2872,0.0,0.0,0.0,0.0
2873,0.0,0.0,0.0,0.0
2874,0.0,0.0,0.0,0.0
2875,0.0,0.0,0.0,0.0
2876,0.0,0.0,0.0,0.0
2877,0.0,0.0,0.0,0.0
2878,0.0,0.0,0.0,0.0
2879,0.0,0.0,0.0,0.0
2880,0.0,0.0,0.0,0.0
2881,0.0,0.0,0.0,0.0
2882,0.0,0.0,0.0,0.0
2883,0.0,0.0,0.0,0.0
2884,0.0,0.0,0.0,0.0
2885,0.0,0.0,0.0,0.0
2886,0.0,0.0,0.0,0.0
2887,0.0,0.0,0.0,0.0
2888,0.0,0.0,0.0,0.0
2889,0.0,0.0,0.0,0.0
2890,0.0,0.0,0.0,0.0
2891,0.0,0.0,0.0,0.0
2892,0.0,0.0,0.0,0.0
2893,0.0,0.0,0.0,0.0
2894,0.0,0.0,0.0,0.0
2895,0.0,0.0,0.0,0.0
2896,0.0,0.0,0.0,0.0
2897,0.0,0.0,0.0,0.0
2898,0.0,0.0,0.0,0.0
2899,0.0,0.0,0.0,0.0
2900,0.0,0.0,0.0,0.0
2901,0.0,0.0,0.0,0.0
2902,0.0,0.0,0.0,0.0
2903,0.0,0.0,0.0,0.0
2904,0.0,0.0,0.0,0.0
2905,0.0,0.0,0.0,0.0
2906,0.0,0.0,0.0,0.0
2907,0.0,0.0,0.0,0.0
2908,0.0,0.0,0.0,0.0
2909,0.0,0.0,0.0,0.0
2910,0.0,0.0,0.0,0.0
2911,0.0,0.0,0.0,0.0
2912,0.0,0.0,0.0,0.0
2913,0.0,0.0,0.0,0.0
2914,0.0,0.0,0.0,0.0
2915,0.0,0.0,0.0,0.0
2916,0.0,0.0,0.0,0.0
2917,0.0,0.0,0.0,0.0
2918,0.0,0.0,0.0,0.0
2919,0.0,0.0,0.0,0.0
2920,0.0,0.0,0.0,0.0
2921,0.0,0.0,0.0,0.0
2922,0.0,0.0,0.0,0.0
2923,0.0,0.0,0.0,0.0
2924,0.0,0.0,0.0,0.0
2925,0.0,0.0,0.0,0.0
2926,0.0,0.0,0.0,0.0
2927,0.0,0.0,0.0,0.0
2928,0.0,0.0,0.0,0.0
2929,0.0,0.0,0.0,0.0
2930,0.0,0.0,0.0,0.0
2931,0.0,0.0,0.0,0.0
2932,0.0,0.0,0.0,0.0
2933,0.0,0.0,0.0,0.0
2934,0.0,0.0,0.0,0.0
2935,0.0,0.0,0.0,0.0
2936,0.0,0.0,0.0,0.0
2937,0.0,0.0,0.0,0.0
2938,0.0,0.0,0.0,0.0
2939,0.0,0.0,0.0,0.0
2940,0.0,0.0,0.0,0.0
2941,0.0,0.0,0.0,0.0
2942,0.0,0.0,0.0,0.0
2943,0.0,0.0,0.0,0.0
2944,0.0,0.0,0.0,0.0
2945,0.0,0.0,0.0,0.0
2946,0.0,0.0,0.0,0.0
2947,0.0,0.0,0.0,0.0
2948,0.0,0.0,0.0,0.0
2949,0.0,0.0,0.0,0.0
2950,0.0,0.0,0.0,0.0
2951,0.0,0.0,0.0,0.0
2952,0.0,0.0,0.0,0.0
2953,0.0,0.0,0.0,0.0
2954,0.0,0.0,0.0,0.0
2955,0.0,0.0,0.0,0.0
2956,0.0,0.0,0.0,0.0
2957,0.0,0.0,0.0,0.0
2958,0.0,0.0,0.0,0.0
2959,0.0,0.0,0.0,0.0
2960,0.0,0.0,0.0,0.0
2961,0.0,0.0,0.0,0.0
2962,0.0,0.0,0.0,0.0
2963,0.0,0.0,0.0,0.0
2964,0.0,0.0,0.0,0.0
2965,0.0,0.0,0.0,0.0
2966,0.0,0.0,0.0,0.0
2967,0.0,0.0,0.0,0.0
2968,0.0,0.0,0.0,0.0
2969,0.0,0.0,0.0,0.0
2970,0.0,0.0,0.0,0.0
2971,0.0,0.0,0.0,0.0
2972,0.0,0.0,0.0,0.0
2973,0.0,0.0,0.0,0.0
2974,0.0,0.0,0.0,0.0
2975,0.0,0.0,0.0,0.0
2976,0.0,0.0,0.0,0.0
2977,0.0,0.0,0.0,0.0
2978,0.0,0.0,0.0,0.0
2979,0.0,0.0,0.0,0.0
2980,0.0,0.0,0.0,0.0
2981,0.0,0.0,0.0,0.0
2982,0.0,0.0,0.0,0.0
2983,0.0,0.0,0.0,0.0
2984,0.0,0.0,0.0,0.0
2985,0.0,0.0,0.0,0.0
2986,0.0,0.0,0.0,0.0
2987,0.0,0.0,0.0,0.0
2988,0.0,0.0,0.0,0.0
2989,0.0,0.0,0.0,0.0
2990,0.0,0.0,0.0,0.0
2991,0.0,0.0,0.0,0.0
2992,0.0,0.0,0.0,0.0
2993,0.0,0.0,0.0,0.0
2994,0.0,0.0,0.0,0.0
2995,0.0,0.0,0.0,0.0
2996,0.0,0.0,0.0,0.0
2997,0.0,0.0,0.0,0.0
2998,0.0,0.0,0.0,0.0
2999,0.0,0.0,0.0,0.0
3000,0.0,0.0,0.0,0.0
3001,0.0,0.0,0.0,0.0
3002,0.0,0.0,0.0,0.0
3003,0.0,0.0,0.0,0.0
3004,0.0,0.0,0.0,0.0
3005,0.0,0.0,0.0,0.0
3006,0.0,0.0,0.0,0.0
3007,0.0,0.0,0.0,0.0
3008,0.0,0.0,0.0,0.0
3009,0.0,0.0,0.0,0.0
3010,0.0,0.0,0.0,0.0
3011,0.0,0.0,0.0,0.0
3012,0.0,0.0,0.0,0.0
3013,0.0,0.0,0.0,0.0
3014,0.0,0.0,0.0,0.0
3015,0.0,0.0,0.0,0.0
3016,0.0,0.0,0.0,0.0
3017,0.0,0.0,0.0,0.0
3018,0.0,0.0,0.0,0.0
3019,0.0,0.0,0.0,0.0
3020,0.0,0.0,0.0,0.0
3021,0.0,0.0,0.0,0.0
3022,0.0,0.0,0.0,0.0
3023,0.0,0.0,0.0,0.0
3024,0.0,0.0,0.0,0.0
3025,0.0,0.0,0.0,0.0
3026,0.0,0.0,0.0,0.0
3027,0.0,0.0,0.0,0.0
3028,0.0,0.0,0.0,0.0
3029,0.0,0.0,0.0,0.0
3030,0.0,0.0,0.0,0.0
3031,0.0,0.0,0.0,0.0
3032,0.0,0.0,0.0,0.0
3033,0.0,0.0,0.0,0.0
3034,0.0,0.0,0.0,0.0
3035,0.0,0.0,0.0,0.0
3036,0.0,0.0,0.0,0.0
3037,0.0,0.0,0.0,0.0
3038,0.0,0.0,0.0,0.0
3039,0.0,0.0,0.0,0.0
3040,0.0,0.0,0.0,0.0
3041,0.0,0.0,0.0,0.0
3042,0.0,0.0,0.0,0.0
3043,0.0,0.0,0.0,0.0
3044,0.0,0.0,0.0,0.0
3045,0.0,0.0,0.0,0.0
3046,0.0,0.0,0.0,0.0
3047,0.0,0.0,0.0,0.0
3048,0.0,0.0,0.0,0.0
3049,0.0,0.0,0.0,0.0
3050,0.0,0.0,0.0,0.0
3051,0.0,0.0,0.0,0.0
3052,0.0,0.0,0.0,0.0
3053,0.0,0.0,0.0,0.0
3054,0.0,0.0,0.0,0.0
3055,0.0,0.0,0.0,0.0
3056,0.0,0.0,0.0,0.0
3057,0.0,0.0,0.0,0.0
3058,0.0,0.0,0.0,0.0
3059,0.0,0.0,0.0,0.0
3060,0.0,0.0,0.0,0.0
3061,0.0,0.0,0.0,0.0
3062,0.0,0.0,0.0,0.0
3063,0.0,0.0,0.0,0.0
3064,0.0,0.0,0.0,0.0
3065,0.0,0.0,0.0,0.0
3066,0.0,0.0,0.0,0.0
3067,0.0,0.0,0.0,0.0
3068,0.0,0.0,0.0,0.0
3069,0.0,0.0,0.0,0.0
3070,0.0,0.0,0.0,0.0
3071,0.0,0.0,0.0,0.0
3072,0.0,0.0,0.0,0.0
3073,0.0,0.0,0.0,0.0
3074,0.0,0.0,0.0,0.0
3075,0.0,0.0,0.0,0.0
3076,0.0,0.0,0.0,0.0
3077,0.0,0.0,0.0,0.0
3078,0.0,0.0,0.0,0.0
3079,0.0,0.0,0.0,0.0
3080,0.0,0.0,0.0,0.0
3081,0.0,0.0,0.0,0.0
3082,0.0,0.0,0.0,0.0
3083,0.0,0.0,0.0,0.0
3084,0.0,0.0,0.0,0.0
3085,0.0,0.0,0.0,0.0
3086,0.0,0.0,0.0,0.0
3087,0.0,0.0,0.0,0.0
3088,0.0,0.0,0.0,0.0
3089,0.0,0.0,0.0,0.0
3090,0.0,0.0,0.0,0.0
3091,0.0,0.0,0.0,0.0
3092,0.0,0.0,0.0,0.0
3093,0.0,0.0,0.0,0.0
3094,0.0,0.0,0.0,0.0
3095,0.0,0.0,0.0,0.0
3096,0.0,0.0,0.0,0.0
3097,0.0,0.0,0.0,0.0
3098,0.0,0.0,0.0,0.0
3099,0.0,0.0,0.0,0.0
3100,0.0,0.0,0.0,0.0
3101,0.0,0.0,0.0,0.0
3102,0.0,0.0,0.0,0.0
3103,0.0,0.0,0.0,0.0
3104,0.0,0.0,0.0,0.0
3105,0.0,0.0,0.0,0.0
3106,0.0,0.0,0.0,0.0
3107,0.0,0.0,0.0,0.0
3108,0.0,0.0,0.0,0.0
3109,0.0,0.0,0.0,0.0
3110,0.0,0.0,0.0,0.0
3111,0.0,0.0,0.0,0.0
3112,0.0,0.0,0.0,0.0
3113,0.0,0.0,0.0,0.0
3114,0.0,0.0,0.0,0.0
3115,0.0,0.0,0.0,0.0
3116,0.0,0.0,0.0,0.0
3117,0.0,0.0,0.0,0.0
3118,0.0,0.0,0.0,0.0
3119,0.0,0.0,0.0,0.0
3120,0.0,0.0,0.0,0.0
3121,0.0,0.0,0.0,0.0
3122,0.0,0.0,0.0,0.0
3123,0.0,0.0,0.0,0.0
3124,0.0,0.0,0.0,0.0
3125,0.0,0.0,0.0,0.0
3126,0.0,0.0,0.0,0.0
3127,0.0,0.0,0.0,0.0
3128,0.0,0.0,0.0,0.0
3129,0.0,0.0,0.0,0.0
3130,0.0,0.0,0.0,0.0
3131,0.0,0.0,0.0,0.0
3132,0.0,0.0,0.0,0.0
3133,0.0,0.0,0.0,0.0
3134,0.0,0.0,0.0,0.0
3135,0.0,0.0,0.0,0.0
3136,0.0,0.0,0.0,0.0
3137,0.0,0.0,0.0,0.0
3138,0.0,0.0,0.0,0.0
3139,0.0,0.0,0.0,0.0
3140,0.0,0.0,0.0,0.0
3141,0.0,0.0,0.0,0.0
3142,0.0,0.0,0.0,0.0
3143,0.0,0.0,0.0,0.0
3144,0.0,0.0,0.0,0.0
3145,0.0,0.0,0.0,0.0
3146,0.0,0.0,0.0,0.0
3147,0.0,0.0,0.0,0.0
3148,0.0,0.0,0.0,0.0
3149,0.0,0.0,0.0,0.0
3150,0.0,0.0,0.0,0.0
3151,0.0,0.0,0.0,0.0
3152,0.0,0.0,0.0,0.0
3153,0.0,0.0,0.0,0.0
3154,0.0,0.0,0.0,0.0
3155,0.0,0.0,0.0,0.0
3156,0.0,0.0,0.0,0.0
3157,0.0,0.0,0.0,0.0
3158,0.0,0.0,0.0,0.0
3159,0.0,0.0,0.0,0.0
3160,0.0,0.0,0.0,0.0
3161,0.0,0.0,0.0,0.0
3162,0.0,0.0,0.0,0.0
3163,0.0,0.0,0.0,0.0
3164,0.0,0.0,0.0,0.0
3165,0.0,0.0,0.0,0.0
3166,0.0,0.0,0.0,0.0
3167,0.0,0.0,0.0,0.0
3168,0.0,0.0,0.0,0.0
3169,0.0,0.0,0.0,0.0
3170,0.0,0.0,0.0,0.0
3171,0.0,0.0,0.0,0.0
3172,0.0,0.0,0.0,0.0
3173,0.0,0.0,0.0,0.0
3174,0.0,0.0,0.0,0.0
3175,0.0,0.0,0.0,0.0
3176,0.0,0.0,0.0,0.0
3177,0.0,0.0,0.0,0.0
3178,0.0,0.0,0.0,0.0
3179,0.0,0.0,0.0,0.0
3180,0.0,0.0,0.0,0.0
3181,0.0,0.0,0.0,0.0
3182,0.0,0.0,0.0,0.0
3183,0.0,0.0,0.0,0.0
3184,0.0,0.0,0.0,0.0
3185,0.0,0.0,0.0,0.0
3186,0.0,0.0,0.0,0.0
3187,0.0,0.0,0.0,0.0
3188,0.0,0.0,0.0,0.0
3189,0.0,0.0,0.0,0.0
3190,0.0,0.0,0.0,0.0
3191,0.0,0.0,0.0,0.0
3192,0.0,0.0,0.0,0.0
3193,0.0,0.0,0.0,0.0
3194,0.0,0.0,0.0,0.0
3195,0.0,0.0,0.0,0.0
3196,0.0,0.0,0.0,0.0
3197,0.0,0.0,0.0,0.0
3198,0.0,0.0,0.0,0.0
3199,0.0,0.0,0.0,0.0
3200,0.0,0.0,0.0,0.0
3201,0.0,0.0,0.0,0.0
3202,0.0,0.0,0.0,0.0
3203,0.0,0.0,0.0,0.0
3204,0.0,0.0,0.0,0.0
3205,0.0,0.0,0.0,0.0
3206,0.0,0.0,0.0,0.0
3207,0.0,0.0,0.0,0.0
3208,0.0,0.0,0.0,0.0
3209,0.0,0.0,0.0,0.0
3210,0.0,0.0,0.0,0.0
3211,0.0,0.0,0.0,0.0
3212,0.0,0.0,0.0,0.0
3213,0.0,0.0,0.0,0.0
3214,0.0,0.0,0.0,0.0
3215,0.0,0.0,0.0,0.0
3216,0.0,0.0,0.0,0.0
3217,0.0,0.0,0.0,0.0
3218,0.0,0.0,0.0,0.0
3219,0.0,0.0,0.0,0.0
3220,0.0,0.0,0.0,0.0
3221,0.0,0.0,0.0,0.0
3222,0.0,0.0,0.0,0.0
3223,0.0,0.0,0.0,0.0
3224,0.0,0.0,0.0,0.0
3225,0.0,0.0,0.0,0.0
3226,0.0,0.0,0.0,0.0
3227,0.0,0.0,0.0,0.0
3228,0.0,0.0,0.0,0.0
3229,0.0,0.0,0.0,0.0
3230,0.0,0.0,0.0,0.0
3231,0.0,0.0,0.0,0.0
3232,0.0,0.0,0.0,0.0
3233,0.0,0.0,0.0,0.0
3234,0.0,0.0,0.0,0.0
3235,0.0,0.0,0.0,0.0
3236,0.0,0.0,0.0,0.0
3237,0.0,0.0,0.0,0.0
3238,0.0,0.0,0.0,0.0
3239,0.0,0.0,0.0,0.0
3240,0.0,0.0,0.0,0.0
3241,0.0,0.0,0.0,0.0
3242,0.0,0.0,0.0,0.0
3243,0.0,0.0,0.0,0.0
3244,0.0,0.0,0.0,0.0
3245,0.0,0.0,0.0,0.0
3246,0.0,0.0,0.0,0.0
3247,0.0,0.0,0.0,0.0
3248,0.0,0.0,0.0,0.0
3249,0.0,0.0,0.0,0.0
3250,0.0,0.0,0.0,0.0
3251,0.0,0.0,0.0,0.0
3252,0.0,0.0,0.0,0.0
3253,0.0,0.0,0.0,0.0
3254,0.0,0.0,0.0,0.0
3255,0.0,0.0,0.0,0.0
3256,0.0,0.0,0.0,0.0
3257,0.0,0.0,0.0,0.0
3258,0.0,0.0,0.0,0.0
3259,0.0,0.0,0.0,0.0
3260,0.0,0.0,0.0,0.0
3261,0.0,0.0,0.0,0.0
3262,0.0,0.0,0.0,0.0
3263,0.0,0.0,0.0,0.0
3264,0.0,0.0,0.0,0.0
3265,0.0,0.0,0.0,0.0
3266,0.0,0.0,0.0,0.0
3267,0.0,0.0,0.0,0.0
3268,0.0,0.0,0.0,0.0
3269,0.0,0.0,0.0,0.0
3270,0.0,0.0,0.0,0.0
3271,0.0,0.0,0.0,0.0
3272,0.0,0.0,0.0,0.0
3273,0.0,0.0,0.0,0.0
3274,0.0,0.0,0.0,0.0
3275,0.0,0.0,0.0,0.0
3276,0.0,0.0,0.0,0.0
3277,0.0,0.0,0.0,0.0
3278,0.0,0.0,0.0,0.0
3279,0.0,0.0,0.0,0.0
3280,0.0,0.0,0.0,0.0
3281,0.0,0.0,0.0,0.0
3282,0.0,0.0,0.0,0.0
3283,0.0,0.0,0.0,0.0
3284,0.0,0.0,0.0,0.0
3285,0.0,0.0,0.0,0.0
3286,0.0,0.0,0.0,0.0
3287,0.0,0.0,0.0,0.0
3288,0.0,0.0,0.0,0.0
3289,0.0,0.0,0.0,0.0
3290,0.0,0.0,0.0,0.0
3291,0.0,0.0,0.0,0.0
3292,0.0,0.0,0.0,0.0
3293,0.0,0.0,0.0,0.0
3294,0.0,0.0,0.0,0.0
3295,0.0,0.0,0.0,0.0
3296,0.0,0.0,0.0,0.0
3297,0.0,0.0,0.0,0.0
3298,0.0,0.0,0.0,0.0
3299,0.0,0.0,0.0,0.0
3300,0.0,0.0,0.0,0.0
3301,0.0,0.0,0.0,0.0
3302,0.0,0.0,0.0,0.0
3303,0.0,0.0,0.0,0.0
3304,0.0,0.0,0.0,0.0
3305,0.0,0.0,0.0,0.0
3306,0.0,0.0,0.0,0.0
3307,0.0,0.0,0.0,0.0
3308,0.0,0.0,0.0,0.0
3309,0.0,0.0,0.0,0.0
3310,0.0,0.0,0.0,0.0
3311,0.0,0.0,0.0,0.0
3312,0.0,0.0,0.0,0.0
3313,0.0,0.0,0.0,0.0
3314,0.0,0.0,0.0,0.0
3315,0.0,0.0,0.0,0.0
3316,0.0,0.0,0.0,0.0
3317,0.0,0.0,0.0,0.0
3318,0.0,0.0,0.0,0.0
3319,0.0,0.0,0.0,0.0
3320,0.0,0.0,0.0,0.0
3321,0.0,0.0,0.0,0.0
3322,0.0,0.0,0.0,0.0
3323,0.0,0.0,0.0,0.0
3324,0.0,0.0,0.0,0.0
3325,0.0,0.0,0.0,0.0
3326,0.0,0.0,0.0,0.0
3327,0.0,0.0,0.0,0.0
3328,0.0,0.0,0.0,0.0
3329,0.0,0.0,0.0,0.0
3330,0.0,0.0,0.0,0.0
3331,0.0,0.0,0.0,0.0
3332,0.0,0.0,0.0,0.0
3333,0.0,0.0,0.0,0.0
3334,0.0,0.0,0.0,0.0
3335,0.0,0.0,0.0,0.0
3336,0.0,0.0,0.0,0.0
3337,0.0,0.0,0.0,0.0
3338,0.0,0.0,0.0,0.0
3339,0.0,0.0,0.0,0.0
3340,0.0,0.0,0.0,0.0
3341,0.0,0.0,0.0,0.0
3342,0.0,0.0,0.0,0.0
3343,0.0,0.0,0.0,0.0
3344,0.0,0.0,0.0,0.0
3345,0.0,0.0,0.0,0.0
3346,0.0,0.0,0.0,0.0
3347,0.0,0.0,0.0,0.0
3348,0.0,0.0,0.0,0.0
3349,0.0,0.0,0.0,0.0
3350,0.0,0.0,0.0,0.0
3351,0.0,0.0,0.0,0.0
3352,0.0,0.0,0.0,0.0
3353,0.0,0.0,0.0,0.0
3354,0.0,0.0,0.0,0.0
3355,0.0,0.0,0.0,0.0
3356,0.0,0.0,0.0,0.0
3357,0.0,0.0,0.0,0.0
3358,0.0,0.0,0.0,0.0
3359,0.0,0.0,0.0,0.0
3360,0.0,0.0,0.0,0.0
3361,0.0,0.0,0.0,0.0
3362,0.0,0.0,0.0,0.0
3363,0.0,0.0,0.0,0.0
3364,0.0,0.0,0.0,0.0
3365,0.0,0.0,0.0,0.0
3366,0.0,0.0,0.0,0.0
3367,0.0,0.0,0.0,0.0
3368,0.0,0.0,0.0,0.0
3369,0.0,0.0,0.0,0.0
3370,0.0,0.0,0.0,0.0
3371,0.0,0.0,0.0,0.0
3372,0.0,0.0,0.0,0.0
3373,0.0,0.0,0.0,0.0
3374,0.0,0.0,0.0,0.0
3375,0.0,0.0,0.0,0.0
3376,0.0,0.0,0.0,0.0
3377,0.0,0.0,0.0,0.0
3378,0.0,0.0,0.0,0.0
3379,0.0,0.0,0.0,0.0
3380,0.0,0.0,0.0,0.0
3381,0.0,0.0,0.0,0.0
3382,0.0,0.0,0.0,0.0
3383,0.0,0.0,0.0,0.0
3384,0.0,0.0,0.0,0.0
3385,0.0,0.0,0.0,0.0
3386,0.0,0.0,0.0,0.0
3387,0.0,0.0,0.0,0.0
3388,0.0,0.0,0.0,0.0
3389,0.0,0.0,0.0,0.0
3390,0.0,0.0,0.0,0.0
3391,0.0,0.0,0.0,0.0
3392,0.0,0.0,0.0,0.0
3393,0.0,0.0,0.0,0.0
3394,0.0,0.0,0.0,0.0
3395,0.0,0.0,0.0,0.0
3396,0.0,0.0,0.0,0.0
3397,0.0,0.0,0.0,0.0
3398,0.0,0.0,0.0,0.0
3399,0.0,0.0,0.0,0.0
3400,0.0,0.0,0.0,0.0
3401,0.0,0.0,0.0,0.0
3402,0.0,0.0,0.0,0.0
3403,0.0,0.0,0.0,0.0
3404,0.0,0.0,0.0,0.0
3405,0.0,0.0,0.0,0.0
3406,0.0,0.0,0.0,0.0
3407,0.0,0.0,0.0,0.0
3408,0.0,0.0,0.0,0.0
3409,0.0,0.0,0.0,0.0
3410,0.0,0.0,0.0,0.0
3411,0.0,0.0,0.0,0.0
3412,0.0,0.0,0.0,0.0
3413,0.0,0.0,0.0,0.0
3414,0.0,0.0,0.0,0.0
3415,0.0,0.0,0.0,0.0
3416,0.0,0.0,0.0,0.0
3417,0.0,0.0,0.0,0.0
3418,0.0,0.0,0.0,0.0
3419,0.0,0.0,0.0,0.0
3420,0.0,0.0,0.0,0.0
3421,0.0,0.0,0.0,0.0
3422,0.0,0.0,0.0,0.0
3423,0.0,0.0,0.0,0.0
3424,0.0,0.0,0.0,0.0
3425,0.0,0.0,0.0,0.0
3426,0.0,0.0,0.0,0.0
3427,0.0,0.0,0.0,0.0
3428,0.0,0.0,0.0,0.0
3429,0.0,0.0,0.0,0.0
3430,0.0,0.0,0.0,0.0
3431,0.0,0.0,0.0,0.0
3432,0.0,0.0,0.0,0.0
3433,0.0,0.0,0.0,0.0
3434,0.0,0.0,0.0,0.0
3435,0.0,0.0,0.0,0.0
3436,0.0,0.0,0.0,0.0
3437,0.0,0.0,0.0,0.0
3438,0.0,0.0,0.0,0.0
3439,0.0,0.0,0.0,0.0
3440,0.0,0.0,0.0,0.0
3441,0.0,0.0,0.0,0.0
3442,0.0,0.0,0.0,0.0
3443,0.0,0.0,0.0,0.0
3444,0.0,0.0,0.0,0.0
3445,0.0,0.0,0.0,0.0
3446,0.0,0.0,0.0,0.0
3447,0.0,0.0,0.0,0.0
3448,0.0,0.0,0.0,0.0
3449,0.0,0.0,0.0,0.0
3450,0.0,0.0,0.0,0.0
3451,0.0,0.0,0.0,0.0
3452,0.0,0.0,0.0,0.0
3453,0.0,0.0,0.0,0.0
3454,0.0,0.0,0.0,0.0
3455,0.0,0.0,0.0,0.0
3456,0.0,0.0,0.0,0.0
3457,0.0,0.0,0.0,0.0
3458,0.0,0.0,0.0,0.0
3459,0.0,0.0,0.0,0.0
3460,0.0,0.0,0.0,0.0
3461,0.0,0.0,0.0,0.0
3462,0.0,0.0,0.0,0.0
3463,0.0,0.0,0.0,0.0
3464,0.0,0.0,0.0,0.0
3465,0.0,0.0,0.0,0.0
3466,0.0,0.0,0.0,0.0
3467,0.0,0.0,0.0,0.0
3468,0.0,0.0,0.0,0.0
3469,0.0,0.0,0.0,0.0
3470,0.0,0.0,0.0,0.0
3471,0.0,0.0,0.0,0.0
3472,0.0,0.0,0.0,0.0
3473,0.0,0.0,0.0,0.0
3474,0.0,0.0,0.0,0.0
3475,0.0,0.0,0.0,0.0
3476,0.0,0.0,0.0,0.0
3477,0.0,0.0,0.0,0.0
3478,0.0,0.0,0.0,0.0
3479,0.0,0.0,0.0,0.0
3480,0.0,0.0,0.0,0.0
3481,0.0,0.0,0.0,0.0
3482,0.0,0.0,0.0,0.0
3483,0.0,0.0,0.0,0.0
3484,0.0,0.0,0.0,0.0
3485,0.0,0.0,0.0,0.0
3486,0.0,0.0,0.0,0.0
3487,0.0,0.0,0.0,0.0
3488,0.0,0.0,0.0,0.0
3489,0.0,0.0,0.0,0.0
3490,0.0,0.0,0.0,0.0
3491,0.0,0.0,0.0,0.0
3492,0.0,0.0,0.0,0.0
3493,0.0,0.0,0.0,0.0
3494,0.0,0.0,0.0,0.0
3495,0.0,0.0,0.0,0.0
3496,0.0,0.0,0.0,0.0
3497,0.0,0.0,0.0,0.0
3498,0.0,0.0,0.0,0.0
3499,0.0,0.0,0.0,0.0
3500,0.0,0.0,0.0,0.0
3501,0.0,0.0,0.0,0.0
3502,0.0,0.0,0.0,0.0
3503,0.0,0.0,0.0,0.0
3504,0.0,0.0,0.0,0.0
3505,0.0,0.0,0.0,0.0
3506,0.0,0.0,0.0,0.0
3507,0.0,0.0,0.0,0.0
3508,0.0,0.0,0.0,0.0
3509,0.0,0.0,0.0,0.0
3510,0.0,0.0,0.0,0.0
3511,0.0,0.0,0.0,0.0
3512,0.0,0.0,0.0,0.0
3513,0.0,0.0,0.0,0.0
3514,0.0,0.0,0.0,0.0
3515,0.0,0.0,0.0,0.0
3516,0.0,0.0,0.0,0.0
3517,0.0,0.0,0.0,0.0
3518,0.0,0.0,0.0,0.0
3519,0.0,0.0,0.0,0.0
3520,0.0,0.0,0.0,0.0
3521,0.0,0.0,0.0,0.0
3522,0.0,0.0,0.0,0.0
3523,0.0,0.0,0.0,0.0
3524,0.0,0.0,0.0,0.0
3525,0.0,0.0,0.0,0.0
3526,0.0,0.0,0.0,0.0
3527,0.0,0.0,0.0,0.0
3528,0.0,0.0,0.0,0.0
3529,0.0,0.0,0.0,0.0
3530,0.0,0.0,0.0,0.0
3531,0.0,0.0,0.0,0.0
3532,0.0,0.0,0.0,0.0
3533,0.0,0.0,0.0,0.0
3534,0.0,0.0,0.0,0.0
3535,0.0,0.0,0.0,0.0
3536,0.0,0.0,0.0,0.0
3537,0.0,0.0,0.0,0.0
3538,0.0,0.0,0.0,0.0
3539,0.0,0.0,0.0,0.0
3540,0.0,0.0,0.0,0.0
3541,0.0,0.0,0.0,0.0
3542,0.0,0.0,0.0,0.0
3543,0.0,0.0,0.0,0.0
3544,0.0,0.0,0.0,0.0
3545,0.0,0.0,0.0,0.0
3546,0.0,0.0,0.0,0.0
3547,0.0,0.0,0.0,0.0
3548,0.0,0.0,0.0,0.0
3549,0.0,0.0,0.0,0.0
3550,0.0,0.0,0.0,0.0
3551,0.0,0.0,0.0,0.0
3552,0.0,0.0,0.0,0.0
3553,0.0,0.0,0.0,0.0
3554,0.0,0.0,0.0,0.0
3555,0.0,0.0,0.0,0.0
3556,0.0,0.0,0.0,0.0
3557,0.0,0.0,0.0,0.0
3558,0.0,0.0,0.0,0.0
3559,0.0,0.0,0.0,0.0
3560,0.0,0.0,0.0,0.0
3561,0.0,0.0,0.0,0.0
3562,0.0,0.0,0.0,0.0
3563,0.0,0.0,0.0,0.0
3564,0.0,0.0,0.0,0.0
3565,0.0,0.0,0.0,0.0
3566,0.0,0.0,0.0,0.0
3567,0.0,0.0,0.0,0.0
3568,0.0,0.0,0.0,0.0
3569,0.0,0.0,0.0,0.0
3570,0.0,0.0,0.0,0.0
3571,0.0,0.0,0.0,0.0
3572,0.0,0.0,0.0,0.0
3573,0.0,0.0,0.0,0.0
3574,0.0,0.0,0.0,0.0
3575,0.0,0.0,0.0,0.0
3576,0.0,0.0,0.0,0.0
3577,0.0,0.0,0.0,0.0
3578,0.0,0.0,0.0,0.0
3579,0.0,0.0,0.0,0.0
3580,0.0,0.0,0.0,0.0
3581,0.0,0.0,0.0,0.0
3582,0.0,0.0,0.0,0.0
3583,0.0,0.0,0.0,0.0
3584,0.0,0.0,0.0,0.0
3585,0.0,0.0,0.0,0.0
3586,0.0,0.0,0.0,0.0
3587,0.0,0.0,0.0,0.0
3588,0.0,0.0,0.0,0.0
3589,0.0,0.0,0.0,0.0
3590,0.0,0.0,0.0,0.0
3591,0.0,0.0,0.0,0.0
3592,0.0,0.0,0.0,0.0
3593,0.0,0.0,0.0,0.0
3594,0.0,0.0,0.0,0.0
3595,0.0,0.0,0.0,0.0
3596,0.0,0.0,0.0,0.0
3597,0.0,0.0,0.0,0.0
3598,0.0,0.0,0.0,0.0
3599,0.0,0.0,0.0,0.0
3600,0.0,0.0,0.0,0.0
3601,0.0,0.0,0.0,0.0
3602,0.0,0.0,0.0,0.0
3603,0.0,0.0,0.0,0.0
3604,0.0,0.0,0.0,0.0
3605,0.0,0.0,0.0,0.0
3606,0.0,0.0,0.0,0.0
3607,0.0,0.0,0.0,0.0
3608,0.0,0.0,0.0,0.0
3609,0.0,0.0,0.0,0.0
3610,0.0,0.0,0.0,0.0
3611,0.0,0.0,0.0,0.0
3612,0.0,0.0,0.0,0.0
3613,0.0,0.0,0.0,0.0
3614,0.0,0.0,0.0,0.0
3615,0.0,0.0,0.0,0.0
3616,0.0,0.0,0.0,0.0
3617,0.0,0.0,0.0,0.0
3618,0.0,0.0,0.0,0.0
3619,0.0,0.0,0.0,0.0
3620,0.0,0.0,0.0,0.0
3621,0.0,0.0,0.0,0.0
3622,0.0,0.0,0.0,0.0
3623,0.0,0.0,0.0,0.0
3624,0.0,0.0,0.0,0.0
3625,0.0,0.0,0.0,0.0
3626,0.0,0.0,0.0,0.0
3627,0.0,0.0,0.0,0.0
3628,0.0,0.0,0.0,0.0
3629,0.0,0.0,0.0,0.0
3630,0.0,0.0,0.0,0.0
3631,0.0,0.0,0.0,0.0
3632,0.0,0.0,0.0,0.0
3633,0.0,0.0,0.0,0.0
3634,0.0,0.0,0.0,0.0
3635,0.0,0.0,0.0,0.0
3636,0.0,0.0,0.0,0.0
3637,0.0,0.0,0.0,0.0
3638,0.0,0.0,0.0,0.0
3639,0.0,0.0,0.0,0.0
3640,0.0,0.0,0.0,0.0
3641,0.0,0.0,0.0,0.0
3642,0.0,0.0,0.0,0.0
3643,0.0,0.0,0.0,0.0
3644,0.0,0.0,0.0,0.0
3645,0.0,0.0,0.0,0.0
3646,0.0,0.0,0.0,0.0
3647,0.0,0.0,0.0,0.0
3648,0.0,0.0,0.0,0.0
3649,0.0,0.0,0.0,0.0
3650,0.0,0.0,0.0,0.0
3651,0.0,0.0,0.0,0.0
3652,0.0,0.0,0.0,0.0
3653,0.0,0.0,0.0,0.0
3654,0.0,0.0,0.0,0.0
3655,0.0,0.0,0.0,0.0
3656,0.0,0.0,0.0,0.0
3657,0.0,0.0,0.0,0.0
3658,0.0,0.0,0.0,0.0
3659,0.0,0.0,0.0,0.0
3660,0.0,0.0,0.0,0.0
3661,0.0,0.0,0.0,0.0
3662,0.0,0.0,0.0,0.0
3663,0.0,0.0,0.0,0.0
3664,0.0,0.0,0.0,0.0
3665,0.0,0.0,0.0,0.0
3666,0.0,0.0,0.0,0.0
3667,0.0,0.0,0.0,0.0
3668,0.0,0.0,0.0,0.0
3669,2.592260734957108e-07,-1.6950252756942064e-08,-7.467473744693365e-06,7.471991006146439e-06
3670,-1.829638662798061e-10,5.403834393291618e-07,-3.0679429263713587e-06,3.115170636489925e-06
3671,1.7590880929674313e-07,-5.123646531046688e-06,5.976572004906533e-06,7.87414189700233e-06
3672,0.00015151639043509135,0.00016369240044511457,-0.006783854456317684,0.006787520438498529
3673,-2.56317243030324e-05,-0.0012563159244862732,0.006849678394237613,0.00696398454851058
3674,4.39876123090599e-05,-0.0015855714092367634,0.001130075770396144,0.001947573580294759
3675,-5.3026067075023775e-05,0.00042066670277307594,0.002154029894650744,0.002195362618261619
3676,1.1620111563637181e-05,-7.302134383380121e-05,-0.0004123422688110945,0.00041891919303885624
3677,-3.2327748034077786e-07,8.212558029185857e-07,4.687326738417319e-06,4.7696961513082645e-06
3678,7.90090997071502e-08,-1.973769983010243e-07,-1.1146755624635851e-06,1.134769459779548e-06
3679,3.187298398543703e-07,-1.92100534235351e-06,-1.0769461617043952e-05,1.0944092185153927e-05
3680,7.256241207898029e-08,-1.9817582952441626e-07,-1.123575744388372e-06,1.1432241321946867e-06
3681,0.0,0.0,0.0,0.0
3682,0.0,0.0,0.0,0.0
3683,0.0,0.0,0.0,0.0
3684,0.0,0.0,0.0,0.0
3685,0.0,0.0,0.0,0.0
3686,0.0,0.0,0.0,0.0
3687,0.0,0.0,0.0,0.0
3688,0.0,0.0,0.0,0.0
3689,0.0,0.0,0.0,0.0
3690,0.0,0.0,0.0,0.0
3691,0.0,0.0,0.0,0.0
3692,0.0,0.0,0.0,0.0
3693,0.0,0.0,0.0,0.0
3694,0.0,0.0,0.0,0.0
3695,0.0,0.0,0.0,0.0
3696,0.0,0.0,0.0,0.0
3697,0.0,0.0,0.0,0.0
3698,0.0,0.0,0.0,0.0
3699,0.0,0.0,0.0,0.0
3700,0.0,0.0,0.0,0.0
3701,0.0,0.0,0.0,0.0
3702,0.0,0.0,0.0,0.0
3703,0.0,0.0,0.0,0.0
3704,0.0,0.0,0.0,0.0
3705,0.0,0.0,0.0,0.0
3706,0.0,0.0,0.0,0.0
3707,0.0,0.0,0.0,0.0
3708,0.0,0.0,0.0,0.0
3709,0.0,0.0,0.0,0.0
3710,0.0,0.0,0.0,0.0
3711,0.0,0.0,0.0,0.0
3712,0.0,0.0,0.0,0.0
3713,0.0,0.0,0.0,0.0
3714,0.0,0.0,0.0,0.0
3715,0.0,0.0,0.0,0.0
3716,0.0,0.0,0.0,0.0
3717,0.0,0.0,0.0,0.0
3718,0.0,0.0,0.0,0.0
3719,0.0,0.0,0.0,0.0
3720,0.0,0.0,0.0,0.0
3721,0.0,0.0,0.0,0.0
3722,0.0,0.0,0.0,0.0
3723,0.0,0.0,0.0,0.0
3724,0.0,0.0,0.0,0.0
3725,0.0,0.0,0.0,0.0
3726,0.0,0.0,0.0,0.0
3727,0.0,0.0,0.0,0.0
3728,0.0,0.0,0.0,0.0
3729,0.0,0.0,0.0,0.0
3730,0.0,0.0,0.0,0.0
3731,0.0,0.0,0.0,0.0
3732,0.0,0.0,0.0,0.0
3733,0.0,0.0,0.0,0.0
3734,0.0,0.0,0.0,0.0
3735,0.0,0.0,0.0,0.0
3736,0.0,0.0,0.0,0.0
3737,0.0,0.0,0.0,0.0
3738,0.0,0.0,0.0,0.0
3739,0.0,0.0,0.0,0.0
3740,0.0,0.0,0.0,0.0
3741,0.0,0.0,0.0,0.0
3742,0.0,0.0,0.0,0.0
3743,0.0,0.0,0.0,0.0
3744,0.0,0.0,0.0,0.0
3745,0.0,0.0,0.0,0.0
3746,0.0,0.0,0.0,0.0
3747,0.0,0.0,0.0,0.0
3748,0.0,0.0,0.0,0.0
3749,0.0,0.0,0.0,0.0
3750,0.0,0.0,0.0,0.0
3751,0.0,0.0,0.0,0.0
3752,0.0,0.0,0.0,0.0
3753,0.0,0.0,0.0,0.0
3754,0.0,0.0,0.0,0.0
3755,0.0,0.0,0.0,0.0
3756,0.0,0.0,0.0,0.0
3757,0.0,0.0,0.0,0.0
3758,0.0,0.0,0.0,0.0
3759,0.0,0.0,0.0,0.0
3760,0.0,0.0,0.0,0.0
3761,0.0,0.0,0.0,0.0
3762,0.0,0.0,0.0,0.0
3763,0.0,0.0,0.0,0.0
3764,0.0,0.0,0.0,0.0
3765,0.0,0.0,0.0,0.0
3766,0.0,0.0,0.0,0.0
3767,0.0,0.0,0.0,0.0
3768,0.0,0.0,0.0,0.0
3769,0.0,0.0,0.0,0.0
3770,0.0,0.0,0.0,0.0
3771,0.0,0.0,0.0,0.0
3772,0.0,0.0,0.0,0.0
3773,0.0,0.0,0.0,0.0
3774,0.0,0.0,0.0,0.0
3775,0.0,0.0,0.0,0.0
3776,0.0,0.0,0.0,0.0
3777,0.0,0.0,0.0,0.0
3778,0.0,0.0,0.0,0.0
3779,0.0,0.0,0.0,0.0
3780,0.0,0.0,0.0,0.0
3781,0.0,0.0,0.0,0.0
3782,0.0,0.0,0.0,0.0
3783,0.0,0.0,0.0,0.0
3784,0.0,0.0,0.0,0.0
3785,0.0,0.0,0.0,0.0
3786,0.0,0.0,0.0,0.0
3787,0.0,0.0,0.0,0.0
3788,0.0,0.0,0.0,0.0
3789,0.0,0.0,0.0,0.0
3790,0.0,0.0,0.0,0.0
3791,0.0,0.0,0.0,0.0
3792,0.0,0.0,0.0,0.0
3793,0.0,0.0,0.0,0.0
3794,0.0,0.0,0.0,0.0
3795,0.0,0.0,0.0,0.0
3796,0.0,0.0,0.0,0.0
3797,0.0,0.0,0.0,0.0
3798,0.0,0.0,0.0,0.0
3799,0.0,0.0,0.0,0.0
3800,0.0,0.0,0.0,0.0
3801,0.0,0.0,0.0,0.0
3802,0.0,0.0,0.0,0.0
3803,0.0,0.0,0.0,0.0
3804,0.0,0.0,0.0,0.0
3805,0.0,0.0,0.0,0.0
3806,0.0,0.0,0.0,0.0
3807,0.0,0.0,0.0,0.0
3808,0.0,0.0,0.0,0.0
3809,0.0,0.0,0.0,0.0
3810,0.0,0.0,0.0,0.0
3811,0.0,0.0,0.0,0.0
3812,0.0,0.0,0.0,0.0
3813,0.0,0.0,0.0,0.0
3814,0.0,0.0,0.0,0.0
3815,0.0,0.0,0.0,0.0
3816,0.0,0.0,0.0,0.0
3817,0.0,0.0,0.0,0.0
3818,0.0,0.0,0.0,0.0
3819,0.0,0.0,0.0,0.0
3820,0.0,0.0,0.0,0.0
3821,0.0,0.0,0.0,0.0
3822,0.0,0.0,0.0,0.0
3823,0.0,0.0,0.0,0.0
3824,0.0,0.0,0.0,0.0
3825,0.0,0.0,0.0,0.0
3826,0.0,0.0,0.0,0.0
3827,0.0,0.0,0.0,0.0
3828,0.0,0.0,0.0,0.0
3829,0.0,0.0,0.0,0.0
3830,0.0,0.0,0.0,0.0
3831,0.0,0.0,0.0,0.0
3832,0.0,0.0,0.0,0.0
3833,0.0,0.0,0.0,0.0
3834,0.0,0.0,0.0,0.0
3835,0.0,0.0,0.0,0.0
3836,0.0,0.0,0.0,0.0
3837,0.0,0.0,0.0,0.0
3838,0.0,0.0,0.0,0.0
3839,0.0,0.0,0.0,0.0
3840,0.0,0.0,0.0,0.0
3841,0.0,0.0,0.0,0.0
3842,0.0,0.0,0.0,0.0
3843,0.0,0.0,0.0,0.0
3844,0.0,0.0,0.0,0.0
3845,0.0,0.0,0.0,0.0
3846,0.0,0.0,0.0,0.0
3847,0.0,0.0,0.0,0.0
3848,0.0,0.0,0.0,0.0
3849,0.0,0.0,0.0,0.0
3850,0.0,0.0,0.0,0.0
3851,0.0,0.0,0.0,0.0
3852,0.0,0.0,0.0,0.0
3853,0.0,0.0,0.0,0.0
3854,0.0,0.0,0.0,0.0
3855,0.0,0.0,0.0,0.0
3856,0.0,0.0,0.0,0.0
3857,0.0,0.0,0.0,0.0
3858,0.0,0.0,0.0,0.0
3859,0.0,0.0,0.0,0.0
3860,0.0,0.0,0.0,0.0
3861,0.0,0.0,0.0,0.0
3862,0.0,0.0,0.0,0.0
3863,0.0,0.0,0.0,0.0
3864,0.0,0.0,0.0,0.0
3865,0.0,0.0,0.0,0.0
3866,0.0,0.0,0.0,0.0
3867,0.0,0.0,0.0,0.0
3868,0.0,0.0,0.0,0.0
3869,0.0,0.0,0.0,0.0
3870,0.0,0.0,0.0,0.0
3871,0.0,0.0,0.0,0.0
3872,0.0,0.0,0.0,0.0
3873,0.0,0.0,0.0,0.0
3874,0.0,0.0,0.0,0.0
3875,0.0,0.0,0.0,0.0
3876,0.0,0.0,0.0,0.0
3877,0.0,0.0,0.0,0.0
3878,0.0,0.0,0.0,0.0
3879,0.0,0.0,0.0,0.0
3880,0.0,0.0,0.0,0.0
3881,0.0,0.0,0.0,0.0
3882,0.0,0.0,0.0,0.0
3883,0.0,0.0,0.0,0.0
3884,0.0,0.0,0.0,0.0
3885,0.0,0.0,0.0,0.0
3886,0.0,0.0,0.0,0.0
3887,0.0,0.0,0.0,0.0
3888,0.0,0.0,0.0,0.0
3889,0.0,0.0,0.0,0.0
3890,0.0,0.0,0.0,0.0
3891,0.0,0.0,0.0,0.0
3892,0.0,0.0,0.0,0.0
3893,0.0,0.0,0.0,0.0
3894,0.0,0.0,0.0,0.0
3895,0.0,0.0,0.0,0.0
3896,0.0,0.0,0.0,0.0
3897,0.0,0.0,0.0,0.0
3898,0.0,0.0,0.0,0.0
3899,0.0,0.0,0.0,0.0
3900,0.0,0.0,0.0,0.0
3901,0.0,0.0,0.0,0.0
3902,0.0,0.0,0.0,0.0
3903,0.0,0.0,0.0,0.0
3904,0.0,0.0,0.0,0.0
3905,0.0,0.0,0.0,0.0
3906,0.0,0.0,0.0,0.0
3907,0.0,0.0,0.0,0.0
3908,0.0,0.0,0.0,0.0
3909,0.0,0.0,0.0,0.0
3910,0.0,0.0,0.0,0.0
3911,0.0,0.0,0.0,0.0
3912,0.0,0.0,0.0,0.0
3913,0.0,0.0,0.0,0.0
3914,0.0,0.0,0.0,0.0
3915,0.0,0.0,0.0,0.0
3916,0.0,0.0,0.0,0.0
3917,0.0,0.0,0.0,0.0
3918,0.0,0.0,0.0,0.0
3919,0.0,0.0,0.0,0.0
3920,0.0,0.0,0.0,0.0
3921,0.0,0.0,0.0,0.0
3922,0.0,0.0,0.0,0.0
3923,0.0,0.0,0.0,0.0
3924,0.0,0.0,0.0,0.0
3925,0.0,0.0,0.0,0.0
3926,0.0,0.0,0.0,0.0
3927,0.0,0.0,0.0,0.0
3928,0.0,0.0,0.0,0.0
3929,0.0,0.0,0.0,0.0
3930,0.0,0.0,0.0,0.0
3931,0.0,0.0,0.0,0.0
3932,0.0,0.0,0.0,0.0
3933,0.0,0.0,0.0,0.0
3934,0.0,0.0,0.0,0.0
3935,0.0,0.0,0.0,0.0
3936,0.0,0.0,0.0,0.0
3937,0.0,0.0,0.0,0.0
3938,0.0,0.0,0.0,0.0
3939,0.0,0.0,0.0,0.0
3940,0.0,0.0,0.0,0.0
3941,0.0,0.0,0.0,0.0
3942,0.0,0.0,0.0,0.0
3943,0.0,0.0,0.0,0.0
3944,0.0,0.0,0.0,0.0
3945,0.0,0.0,0.0,0.0
3946,0.0,0.0,0.0,0.0
3947,0.0,0.0,0.0,0.0
3948,0.0,0.0,0.0,0.0
3949,0.0,0.0,0.0,0.0
3950,0.0,0.0,0.0,0.0
3951,0.0,0.0,0.0,0.0
3952,0.0,0.0,0.0,0.0
3953,0.0,0.0,0.0,0.0
3954,0.0,0.0,0.0,0.0
3955,0.0,0.0,0.0,0.0
3956,0.0,0.0,0.0,0.0
3957,8.990402902142591e-07,1.7631503812509663e-06,-1.154777336087598e-06,2.291393332947344e-06
3958,0.0,0.0,0.0,0.0
3959,0.0009138871399017034,0.0029140898070920684,-0.0012935676923035988,0.0033166890844405755
3960,-9.182147229225279e-07,1.1321529136409936e-07,8.326518261547733e-07,1.2446867249188576e-06
3961,0.0007884911478850398,0.003541038886966774,-0.00133060045150879,0.003864087505590337
3962,-0.0011349810882625988,9.724787828346848e-05,0.0009938680397074684,0.0015117582150914067
3963,0.0,0.0,0.0,0.0
3964,0.0,0.0,0.0,0.0
3965,0.0,0.0,0.0,0.0
3966,0.0,0.0,0.0,0.0
3967,0.0,0.0,0.0,0.0
3968,0.0,0.0,0.0,0.0
3969,0.0,0.0,0.0,0.0
3970,0.0,0.0,0.0,0.0
3971,0.0,0.0,0.0,0.0
3972,0.0,0.0,0.0,0.0
3973,0.0,0.0,0.0,0.0
3974,0.0,0.0,0.0,0.0
3975,0.0,0.0,0.0,0.0
3976,0.0,0.0,0.0,0.0
3977,0.0,0.0,0.0,0.0
3978,0.0,0.0,0.0,0.0
3979,0.0,0.0,0.0,0.0
3980,0.0,0.0,0.0,0.0
3981,0.0,0.0,0.0,0.0
3982,0.0,0.0,0.0,0.0
3983,0.0,0.0,0.0,0.0
3984,0.0,0.0,0.0,0.0
3985,0.0,0.0,0.0,0.0
3986,0.0,0.0,0.0,0.0
3987,0.0,0.0,0.0,0.0
3988,0.0,0.0,0.0,0.0
3989,0.0,0.0,0.0,0.0
3990,0.0,0.0,0.0,0.0
3991,0.011726910608314878,-0.0008170022683238187,-6.860074747638834e-05,0.011755536192977699
3992,-0.01230665048859203,-7.592520134203085e-05,-5.875681576616998e-05,0.012307024955201817
3993,0.012110711495985083,-0.00025613389610157355,0.00040327363406333916,0.012120130656706968
3994,-0.0003755108389640327,2.9734022190197607e-05,-2.625221196117522e-05,0.00037759989524354125
3995,2.9393306339997594e-06,7.174456584380096e-10,-6.557514531380093e-10,2.939330794706113e-06
3996,0.00039590544104406433,-1.0336573565083995e-05,7.797491255789879e-06,0.0003961171087838111
3997,6.546937210138992e-07,-5.8551117732008606e-08,1.0466460809155365e-08,6.573900277039213e-07
3998,-2.213958372188074e-07,7.469580509678053e-12,2.0397017408413376e-12,2.213958373542097e-07
3999,3.0355110927082762e-06,-2.882824645666915e-09,4.9580828331841076e-09,3.0355165107800538e-06
4000,0.0,0.0,0.0,0.0
4001,0.0,0.0,0.0,0.0
4002,0.0,0.0,0.0,0.0
4003,0.0,0.0,0.0,0.0
4004,0.0,0.0,0.0,0.0
4005,0.0,0.0,0.0,0.0
4006,0.0,0.0,0.0,0.0
4007,0.0,0.0,0.0,0.0
4008,0.0,0.0,0.0,0.0
4009,0.0,0.0,0.0,0.0
4010,0.0,0.0,0.0,0.0
4011,0.0,0.0,0.0,0.0
4012,0.0,0.0,0.0,0.0
4013,0.0,0.0,0.0,0.0
4014,0.0,0.0,0.0,0.0
4015,0.0,0.0,0.0,0.0
4016,0.0,0.0,0.0,0.0
4017,0.0,0.0,0.0,0.0
4018,0.0,0.0,0.0,0.0
4019,0.0,0.0,0.0,0.0
4020,0.0,0.0,0.0,0.0
4021,0.0,0.0,0.0,0.0
4022,0.0,0.0,0.0,0.0
4023,0.0,0.0,0.0,0.0
4024,0.0,0.0,0.0,0.0
4025,0.0,0.0,0.0,0.0
4026,0.0,0.0,0.0,0.0
4027,0.0,0.0,0.0,0.0
4028,0.0,0.0,0.0,0.0
4029,0.0,0.0,0.0,0.0
4030,0.0,0.0,0.0,0.0
4031,0.0,0.0,0.0,0.0
4032,0.0,0.0,0.0,0.0
4033,0.0,0.0,0.0,0.0
4034,0.0,0.0,0.0,0.0
4035,0.0,0.0,0.0,0.0
4036,0.0,0.0,0.0,0.0
4037,0.0,0.0,0.0,0.0
4038,0.0,0.0,0.0,0.0
4039,0.0,0.0,0.0,0.0
4040,0.0,0.0,0.0,0.0
4041,0.0,0.0,0.0,0.0
4042,0.0,0.0,0.0,0.0
4043,0.0,0.0,0.0,0.0
4044,0.0,0.0,0.0,0.0
4045,0.0,0.0,0.0,0.0
4046,0.0,0.0,0.0,0.0
4047,0.0,0.0,0.0,0.0
4048,0.0,0.0,0.0,0.0
4049,0.0,0.0,0.0,0.0
4050,0.0,0.0,0.0,0.0
4051,9.452667131260029e-06,-9.375284424351094e-07,-1.2909015745243835e-08,9.499054801266598e-06
4052,-6.631565854231525e-06,3.861400976745699e-08,-9.305098722101057e-08,6.632331053783626e-06
4053,4.582419880438948e-06,-1.4959216088072935e-08,-1.1653481762907703e-08,4.582459115194075e-06
4054,0.011763318525988442,-0.0009425912436427097,-0.00017669002833406444,0.011802345544957049
4055,-0.0123600395820751,-0.0003408428261941765,0.0005699013722963026,0.012377864915920534
4056,0.002502117702867679,-0.0001027814514955594,-4.089139351867721e-05,0.002504561664611048
4057,0.0009308105544221235,-0.010913062949358121,0.0020128429147154847,0.011136107391014012
4058,0.004276633335502211,-0.01007188885257193,0.0015845020979945446,0.011056363988375228
4059,0.007796612833783634,-0.007757550798338286,0.0011178818451500483,0.0110551538156841
4060,0.010298064161755605,-0.00426225673637326,0.0005573781587866478,0.011159194790767244
4061,1.0759983219976732e-06,-1.0646837587557911e-05,1.7614872045434993e-06,1.084507999862372e-05
4062,0.0012710705003446954,-0.003053888183419673,0.0006741078963203861,0.003375836890247857
4063,0.004379955538539981,-0.0043250353779367146,0.0010289150735771635,0.006240881970412959
4064,0.0029405214781776934,-0.0011791498941224887,0.0003475052389041444,0.003187133653849369
4065,0.0,0.0,0.0,0.0
4066,4.697983246870763e-07,-1.136054285311161e-06,1.809978664724099e-07,1.2426141930302426e-06
4067,3.25416753943486e-06,-3.2469651269906308e-06,5.663165663083447e-07,4.631749492781328e-06
4068,3.8105247703867917e-06,-1.5561225019666836e-06,2.92942654134265e-07,4.12643086280015e-06
4069,0.0,0.0,0.0,0.0
4070,0.0,0.0,0.0,0.0
4071,0.0,0.0,0.0,0.0
4072,0.0,0.0,0.0,0.0
4073,0.0,0.0,0.0,0.0
4074,0.0,0.0,0.0,0.0
4075,0.0,0.0,0.0,0.0
4076,0.0,0.0,0.0,0.0
4077,0.0,0.0,0.0,0.0
4078,0.0,0.0,0.0,0.0
4079,0.0,0.0,0.0,0.0
4080,0.0,0.0,0.0,0.0
4081,0.0,0.0,0.0,0.0
4082,0.0,0.0,0.0,0.0
4083,0.0,0.0,0.0,0.0
4084,0.0,0.0,0.0,0.0
4085,0.0,0.0,0.0,0.0
4086,0.0,0.0,0.0,0.0
4087,0.0,0.0,0.0,0.0
4088,0.0,0.0,0.0,0.0
4089,0.0,0.0,0.0,0.0
4090,0.0,0.0,0.0,0.0
4091,0.0,0.0,0.0,0.0
4092,0.0,0.0,0.0,0.0
4093,0.0,0.0,0.0,0.0
4094,0.0,0.0,0.0,0.0
4095,0.0,0.0,0.0,0.0
4096,0.0,0.0,0.0,0.0
4097,0.0,0.0,0.0,0.0
4098,0.0,0.0,0.0,0.0
4099,0.0,0.0,0.0,0.0
4100,0.0,0.0,0.0,0.0
4101,0.0,0.0,0.0,0.0
4102,0.0,0.0,0.0,0.0
4103,0.0,0.0,0.0,0.0
4104,0.0,0.0,0.0,0.0
4105,0.0,0.0,0.0,0.0
4106,0.0,0.0,0.0,0.0
4107,0.0,0.0,0.0,0.0
4108,0.0,0.0,0.0,0.0
4109,0.0,0.0,0.0,0.0
4110,0.0,0.0,0.0,0.0
4111,0.0,0.0,0.0,0.0
4112,0.0,0.0,0.0,0.0
4113,0.0,0.0,0.0,0.0
4114,0.0,0.0,0.0,0.0
4115,0.0,0.0,0.0,0.0
4116,0.0,0.0,0.0,0.0
4117,0.0,0.0,0.0,0.0
4118,0.0,0.0,0.0,0.0
4119,0.0,0.0,0.0,0.0
4120,0.0,0.0,0.0,0.0
4121,0.0,0.0,0.0,0.0
4122,0.0,0.0,0.0,0.0
4123,0.0,0.0,0.0,0.0
4124,0.0,0.0,0.0,0.0
4125,0.0,0.0,0.0,0.0
4126,0.0,0.0,0.0,0.0
4127,0.0,0.0,0.0,0.0
4128,0.0,0.0,0.0,0.0
4129,0.0,0.0,0.0,0.0
4130,0.0,0.0,0.0,0.0
4131,0.0,0.0,0.0,0.0
4132,0.0,0.0,0.0,0.0
4133,6.813926889392974e-08,-7.140208229117206e-07,1.508545588446708e-08,7.174233523493448e-07
4134,1.596458463204442e-06,-3.899984520217004e-06,3.7766154814544706e-08,4.2142597410599665e-06
4135,3.371271331875647e-06,-3.398110729690984e-06,2.482364813705118e-09,4.786714226533965e-06
4136,1.1767777605697916e-06,-4.857607738273373e-07,2.2013929013020572e-09,1.2730963330760533e-06
4137,-1.8525422369908284e-05,0.00019998516762420593,8.904847349749945e-06,0.00020103868993302654
4138,0.0010564815611924239,-0.002582452038314642,-9.935401684355027e-05,0.002791967592934771
4139,0.004470446907722803,-0.004519959826618347,-0.0002623200379393287,0.006362683725545112
4140,0.0035839857665842523,-0.0014859264293445307,-0.00018635519183143878,0.0038842836644644827
4141,0.000800201581407034,-0.011095394354589061,0.0002897810474637025,0.011127985959292106
4142,0.004202867832617585,-0.010211653736567072,0.0002552050877261264,0.011045682400413167
4143,0.007775678483247006,-0.007881436479246773,0.00025533152249491986,0.011074448565847954
4144,0.01029286820116404,-0.004375149465008832,0.00015602799336372764,0.011185231932437254
4145,-0.0008339723512473807,-0.011009000416223103,0.0016405109652830596,0.011161759550996407
4146,-6.146586558175571e-05,0.011043974654928235,-0.0019346668884150375,0.01121231868082862
4147,-0.00037432911026025195,-0.010963712748813137,0.0023179669279742576,0.011212318680828616
4148,8.897592358203532e-05,-0.0071127309746135126,0.001270788684480717,0.007225909113240216
4149,0.00013859285886419492,-0.007352958094926976,0.0013027589046541443,0.007468760371703992
4150,0.00022451170566384349,0.009785775348456482,-0.0020373505131034975,0.009998129914623122
4151,0.00016176580799998064,0.0017192030009134385,-0.000371520998589947,0.0017663111241740313
4152,-4.609511705666591e-08,-1.7080755885245935e-06,2.9965000969411903e-07,1.7347729258435496e-06
4153,-7.710870253418989e-08,4.727162552953246e-06,-6.866124810933627e-07,4.777389271688371e-06
4154,5.788920298677169e-08,-1.393062827226288e-05,2.526083625831177e-06,1.415792547319291e-05
4155,5.249445322874635e-11,-1.2608812898662336e-05,2.212943104318299e-06,1.2801534279108082e-05
4156,-2.225937389965793e-08,1.0469364184473307e-06,-1.5227759275759922e-07,1.0581870388800735e-06
4157,-1.4986655227922085e-07,-1.6343778348471005e-06,2.544552062389016e-07,1.6608426603726312e-06
4158,7.774196841836556e-10,1.2374668934000965e-06,-1.8866604967193723e-07,1.2517666695280974e-06
4159,0.0,0.0,0.0,0.0
4160,0.0,0.0,0.0,0.0
4161,0.0,0.0,0.0,0.0
4162,0.0,0.0,0.0,0.0
4163,0.0,0.0,0.0,0.0
4164,0.0,0.0,0.0,0.0
4165,0.0,0.0,0.0,0.0
4166,0.0,0.0,0.0,0.0
4167,0.0,0.0,0.0,0.0
4168,0.0,0.0,0.0,0.0
4169,0.0,0.0,0.0,0.0
4170,0.0,0.0,0.0,0.0
4171,0.0,0.0,0.0,0.0
4172,0.0,0.0,0.0,0.0
4173,0.0,0.0,0.0,0.0
4174,0.0,0.0,0.0,0.0
4175,0.0,0.0,0.0,0.0
4176,0.0,0.0,0.0,0.0
4177,0.0,0.0,0.0,0.0
4178,0.0,0.0,0.0,0.0
4179,0.0,0.0,0.0,0.0
4180,0.0,0.0,0.0,0.0
4181,0.0,0.0,0.0,0.0
4182,0.0,0.0,0.0,0.0
4183,0.0,0.0,0.0,0.0
4184,0.0,0.0,0.0,0.0
4185,0.0,0.0,0.0,0.0
4186,0.0,0.0,0.0,0.0
4187,0.0,0.0,0.0,0.0
4188,0.0,0.0,0.0,0.0
4189,0.0,0.0,0.0,0.0
4190,0.0,0.0,0.0,0.0
4191,0.0,0.0,0.0,0.0
4192,0.0,0.0,0.0,0.0
4193,0.0,0.0,0.0,0.0
4194,0.0,0.0,0.0,0.0
4195,0.0,0.0,0.0,0.0
4196,0.0,0.0,0.0,0.0
4197,0.0,0.0,0.0,0.0
4198,0.0,0.0,0.0,0.0
4199,0.0,0.0,0.0,0.0
4200,0.0,0.0,0.0,0.0
4201,0.0,0.0,0.0,0.0
4202,0.0,0.0,0.0,0.0
4203,0.0,0.0,0.0,0.0
4204,0.0,0.0,0.0,0.0
4205,0.0,0.0,0.0,0.0
4206,0.0,0.0,0.0,0.0
4207,0.0,0.0,0.0,0.0
4208,0.0,0.0,0.0,0.0
4209,0.0,0.0,0.0,0.0
4210,0.0,0.0,0.0,0.0
4211,0.0,0.0,0.0,0.0
4212,0.0,0.0,0.0,0.0
4213,0.0,0.0,0.0,0.0
4214,0.0,0.0,0.0,0.0
4215,0.0,0.0,0.0,0.0
4216,0.0,0.0,0.0,0.0
4217,0.0,0.0,0.0,0.0
4218,0.0,0.0,0.0,0.0
4219,0.0,0.0,0.0,0.0
4220,0.0,0.0,0.0,0.0
4221,0.0,0.0,0.0,0.0
4222,0.0,0.0,0.0,0.0
4223,0.0,0.0,0.0,0.0
4224,0.0,0.0,0.0,0.0
4225,0.0,0.0,0.0,0.0
4226,0.0,0.0,0.0,0.0
4227,0.0,0.0,0.0,0.0
4228,0.0,0.0,0.0,0.0
4229,0.0,0.0,0.0,0.0
4230,0.0,0.0,0.0,0.0
4231,0.0,0.0,0.0,0.0
4232,0.0,0.0,0.0,0.0
4233,0.0,0.0,0.0,0.0
4234,0.0,0.0,0.0,0.0
4235,0.0,0.0,0.0,0.0
4236,0.0,0.0,0.0,0.0
4237,0.0,0.0,0.0,0.0
4238,0.0,0.0,0.0,0.0
4239,0.0,0.0,0.0,0.0
4240,0.0,0.0,0.0,0.0
4241,0.0,0.0,0.0,0.0
4242,0.0,0.0,0.0,0.0
4243,0.0,0.0,0.0,0.0
4244,0.0,0.0,0.0,0.0
4245,0.0,0.0,0.0,0.0
4246,0.0,0.0,0.0,0.0
4247,0.0,0.0,0.0,0.0
4248,0.0,0.0,0.0,0.0
4249,0.0,0.0,0.0,0.0
4250,0.0,0.0,0.0,0.0
4251,0.0,0.0,0.0,0.0
4252,0.0,0.0,0.0,0.0
4253,0.0,0.0,0.0,0.0
4254,0.0,0.0,0.0,0.0
4255,0.0,0.0,0.0,0.0
4256,0.0,0.0,0.0,0.0
4257,0.0,0.0,0.0,0.0
4258,0.0,0.0,0.0,0.0
4259,0.0,0.0,0.0,0.0
4260,0.0,0.0,0.0,0.0
4261,0.0,0.0,0.0,0.0
4262,0.0,0.0,0.0,0.0
4263,0.0,0.0,0.0,0.0
4264,1.5059065106015623e-12,1.4946012072414305e-07,-3.382213176195137e-09,1.494983847909816e-07
4265,-1.1089527820473677e-06,-1.0906218397721545e-05,1.1290340232172902e-07,1.096303439700279e-05
4266,2.0613668327840173e-08,9.918879175785378e-07,-3.014368260556566e-08,9.92559925627286e-07
4267,-2.4135027310023816e-10,-1.33097553796091e-05,3.3801791921028723e-09,1.3309755811016772e-05
4268,-6.009076858326523e-08,-1.4610668213066447e-05,-7.765443754692569e-08,1.4610998143331958e-05
4269,7.725653072832017e-08,4.6500794770309994e-06,-1.4301202769240184e-07,4.652919530177775e-06
4270,6.042185862753513e-09,-2.933876642075006e-06,4.0626665948062524e-08,2.9341641373497446e-06
4271,-0.0012254554243689153,-0.01149219622120512,5.4146365787266504e-05,0.01155747579762659
4272,-0.0002354295621482816,0.010081856501260589,0.00031160310346944886,0.01008941792596756
4273,-0.00014302934580046056,-0.007505846843786301,-4.149908475983843e-06,0.007507210630978542
4274,-0.00010353589103351268,-0.007670984096233013,-2.9802055442951225e-05,0.007671740666100526
4275,0.0004008755332447489,-0.011198393081619074,-0.00038637670377010547,0.011212225281398178
4276,6.783346525018885e-05,0.0112119889786495,-2.641068866639229e-05,0.011212225281398942
4277,-0.011374773842459218,-0.0007226943904274918,0.00012954112000729268,0.011398444983892433
4278,-0.010256305504441343,-0.004284235634569811,0.0006025164679233086,0.011131464578709773
4279,-0.007846946957775991,-0.0077479999205074535,0.0011187239890295686,0.011084115782955518
4280,-0.004240234856306646,-0.010135306482348838,0.0015208368685200035,0.011091301722901148
4281,-1.8647218135381394e-05,-1.6720909545853146e-06,5.590891167805978e-07,1.8730382083380074e-05
4282,-0.00345468996962639,-0.0013599750227779595,0.00041814978649545864,0.003736209856627876
4283,-0.004378200295401591,-0.004227437311559612,0.0010109770735584611,0.006169435848850506
4284,-0.0022351025556850423,-0.0053521087170746995,0.0011516012462684522,0.0059132847541974376
4285,0.0,0.0,0.0,0.0
4286,-1.1501164312033296e-06,-4.6313426871336105e-07,7.906932819601309e-08,1.2423820325656323e-06
4287,-3.2132916840676984e-06,-3.141885432711433e-06,5.492579029375833e-07,4.527512756814974e-06
4288,-2.36653147744903e-06,-5.607133674701004e-06,9.650398717919728e-07,6.162119865263198e-06
4289,0.0,0.0,0.0,0.0
4290,0.0,0.0,0.0,0.0
4291,0.0,0.0,0.0,0.0
4292,0.0,0.0,0.0,0.0
4293,0.0,0.0,0.0,0.0
4294,0.0,0.0,0.0,0.0
4295,0.0,0.0,0.0,0.0
4296,0.0,0.0,0.0,0.0
4297,0.0,0.0,0.0,0.0
4298,0.0,0.0,0.0,0.0
4299,0.0,0.0,0.0,0.0
4300,0.0,0.0,0.0,0.0
4301,0.0,0.0,0.0,0.0
4302,0.0,0.0,0.0,0.0
4303,0.0,0.0,0.0,0.0
4304,0.0,0.0,0.0,0.0
4305,0.0,0.0,0.0,0.0
4306,0.0,0.0,0.0,0.0
4307,0.0,0.0,0.0,0.0
4308,0.0,0.0,0.0,0.0
4309,0.0,0.0,0.0,0.0
4310,0.0,0.0,0.0,0.0
4311,0.0,0.0,0.0,0.0
4312,0.0,0.0,0.0,0.0
4313,0.0,0.0,0.0,0.0
4314,0.0,0.0,0.0,0.0
4315,0.0,0.0,0.0,0.0
4316,0.0,0.0,0.0,0.0
4317,0.0,0.0,0.0,0.0
4318,0.0,0.0,0.0,0.0
4319,0.0,0.0,0.0,0.0
4320,0.0,0.0,0.0,0.0
4321,0.0,0.0,0.0,0.0
4322,0.0,0.0,0.0,0.0
4323,0.0,0.0,0.0,0.0
4324,0.0,0.0,0.0,0.0
4325,0.0,0.0,0.0,0.0
4326,0.0,0.0,0.0,0.0
4327,0.0,0.0,0.0,0.0
4328,0.0,0.0,0.0,0.0
4329,0.0,0.0,0.0,0.0
4330,0.0,0.0,0.0,0.0
4331,0.0,0.0,0.0,0.0
4332,0.0,0.0,0.0,0.0
4333,0.0,0.0,0.0,0.0
4334,0.0,0.0,0.0,0.0
4335,0.0,0.0,0.0,0.0
4336,0.0,0.0,0.0,0.0
4337,0.0,0.0,0.0,0.0
4338,0.0,0.0,0.0,0.0
4339,0.0,0.0,0.0,0.0
4340,0.0,0.0,0.0,0.0
4341,0.0,0.0,0.0,0.0
4342,0.0,0.0,0.0,0.0
4343,0.0,0.0,0.0,0.0
4344,0.0,0.0,0.0,0.0
4345,0.0,0.0,0.0,0.0
4346,0.0,0.0,0.0,0.0
4347,0.0,0.0,0.0,0.0
4348,0.0,0.0,0.0,0.0
4349,0.0,0.0,0.0,0.0
4350,0.0,0.0,0.0,0.0
4351,0.0,0.0,0.0,0.0
4352,0.0,0.0,0.0,0.0
4353,-7.544323024077926e-07,-7.018437209183048e-08,5.85597736968424e-10,7.576901001906763e-07
4354,-4.140900072613363e-06,-1.699695845402971e-06,-1.4574927487132072e-08,4.476184961187454e-06
4355,-3.543657587146143e-06,-3.530848418975552e-06,-6.247045658547279e-10,5.0024394092259e-06
4356,-4.7100635591768025e-07,-1.1438189186918635e-06,1.720043912856184e-08,1.2371194611590634e-06
4357,0.00021594749948450342,1.3104487992521285e-05,9.362599815598838e-06,0.00021654724291586536
4358,-0.0024338481966523773,-0.000996550601987778,-0.00011238882428696306,0.002632368020337361
4359,-0.0046889310260611605,-0.004659630688546912,-0.00027568772922878515,0.006616210096789132
4360,-0.0014512943931965783,-0.0035229521373807415,-0.00015076652354756304,0.003813158496918529
4361,-0.011377590045327679,-0.00097035549962321,5.0122914948255715e-05,0.011419004218485579
4362,-0.009945714709855613,-0.0036590837793628594,7.573356857558389e-05,0.010597729510024488
4363,-0.00835739496432053,-0.007286101672468348,0.000252153329720603,0.011090397173811469
4364,-0.004938124808388622,-0.00992016292959974,0.0002588441747139736,0.011084300134866948
4365,0.0,0.0,0.0,0.0
4366,0.0,0.0,0.0,0.0
4367,0.0,0.0,0.0,0.0
4368,0.0,0.0,0.0,0.0
4369,0.0,0.0,0.0,0.0
4370,0.0,0.0,0.0,0.0
4371,0.0,0.0,0.0,0.0
4372,0.0,0.0,0.0,0.0
4373,0.0,0.0,0.0,0.0
4374,0.0,0.0,0.0,0.0
4375,0.0,0.0,0.0,0.0
4376,0.0,0.0,0.0,0.0
4377,0.0,0.0,0.0,0.0
4378,0.0,0.0,0.0,0.0
4379,0.0,0.0,0.0,0.0
4380,0.0,0.0,0.0,0.0
4381,0.0,0.0,0.0,0.0
4382,0.0,0.0,0.0,0.0
4383,0.0,0.0,0.0,0.0
4384,0.0,0.0,0.0,0.0
4385,0.0,0.0,0.0,0.0
4386,0.0,0.0,0.0,0.0
4387,0.0,0.0,0.0,0.0
4388,0.0,0.0,0.0,0.0
4389,0.0,0.0,0.0,0.0
4390,0.0,0.0,0.0,0.0
4391,0.0,0.0,0.0,0.0
4392,0.0,0.0,0.0,0.0
4393,0.0,0.0,0.0,0.0
4394,0.0,0.0,0.0,0.0
4395,0.0,0.0,0.0,0.0
4396,0.0,0.0,0.0,0.0
4397,0.0,0.0,0.0,0.0
4398,0.0,0.0,0.0,0.0
4399,0.0,0.0,0.0,0.0
4400,0.0,0.0,0.0,0.0
4401,0.0,0.0,0.0,0.0
4402,0.0,0.0,0.0,0.0
4403,0.0,0.0,0.0,0.0
4404,0.0,0.0,0.0,0.0
4405,0.0,0.0,0.0,0.0
4406,0.0,0.0,0.0,0.0
4407,0.0,0.0,0.0,0.0
4408,0.0,0.0,0.0,0.0
4409,0.0,0.0,0.0,0.0
4410,0.0,0.0,0.0,0.0
4411,0.0,0.0,0.0,0.0
4412,0.0,0.0,0.0,0.0
4413,0.0,0.0,0.0,0.0
4414,0.0,0.0,0.0,0.0
4415,0.0,0.0,0.0,0.0
4416,0.0,0.0,0.0,0.0
4417,0.0,0.0,0.0,0.0
4418,0.0,0.0,0.0,0.0
4419,0.0,0.0,0.0,0.0
4420,0.0,0.0,0.0,0.0
4421,0.0,0.0,0.0,0.0
4422,0.0,0.0,0.0,0.0
4423,0.0,0.0,0.0,0.0
4424,0.0,0.0,0.0,0.0
4425,0.0,0.0,0.0,0.0
4426,0.0,0.0,0.0,0.0
4427,0.0,0.0,0.0,0.0
4428,0.0,0.0,0.0,0.0
4429,0.0,0.0,0.0,0.0
4430,0.0,0.0,0.0,0.0
4431,0.0,0.0,0.0,0.0
4432,0.0,0.0,0.0,0.0
4433,0.0,0.0,0.0,0.0
4434,0.0,0.0,0.0,0.0
4435,0.0,0.0,0.0,0.0
4436,0.0,0.0,0.0,0.0
4437,0.0,0.0,0.0,0.0
4438,0.0,0.0,0.0,0.0
4439,0.0,0.0,0.0,0.0
4440,0.0,0.0,0.0,0.0
4441,0.0,0.0,0.0,0.0
4442,0.0,0.0,0.0,0.0
4443,0.0,0.0,0.0,0.0
4444,0.0,0.0,0.0,0.0
4445,0.0,0.0,0.0,0.0
4446,0.0,0.0,0.0,0.0
4447,0.0,0.0,0.0,0.0
4448,0.0,0.0,0.0,0.0
4449,0.0,0.0,0.0,0.0
4450,0.0,0.0,0.0,0.0
4451,0.0,0.0,0.0,0.0
4452,0.0,0.0,0.0,0.0
4453,-0.0003180556347510688,-4.14144354188295e-06,-7.0945143691297785e-06,0.00031816170493264846
4454,7.868738518768126e-06,7.374269195281613e-08,-7.536550045150747e-08,7.869444949932615e-06
4455,0.0,0.0,0.0,0.0
4456,0.0,0.0,0.0,0.0
4457,0.0,0.0,0.0,0.0
4458,0.0,0.0,0.0,0.0
4459,0.0,0.0,0.0,0.0
4460,0.0,0.0,0.0,0.0
4461,0.0,0.0,0.0,0.0
4462,0.0,0.0,0.0,0.0
4463,0.0,0.0,0.0,0.0
4464,0.0,0.0,0.0,0.0
4465,0.0,0.0,0.0,0.0
4466,0.0,0.0,0.0,0.0
4467,0.0,0.0,0.0,0.0
4468,0.0,0.0,0.0,0.0
4469,0.0,0.0,0.0,0.0
4470,0.0,0.0,0.0,0.0
4471,0.0,0.0,0.0,0.0
4472,0.0,0.0,0.0,0.0
4473,0.0,0.0,0.0,0.0
4474,-0.0001257569639281364,-3.543480238121788e-06,9.248940200379252e-07,0.00012581027643864735
4475,0.012107772387616622,-0.0002869139434711343,0.0004157414751252697,0.012118304863941533
4476,8.35650194508375e-06,-1.2818706096595633e-09,-1.6762027521544098e-07,8.358182993811756e-06
4477,0.0,0.0,0.0,0.0
4478,0.0,0.0,0.0,0.0
4479,0.0,0.0,0.0,0.0
4480,0.0,0.0,0.0,0.0
4481,0.0,0.0,0.0,0.0
4482,0.0,0.0,0.0,0.0
4483,0.0,0.0,0.0,0.0
4484,0.0,0.0,0.0,0.0
4485,0.0,0.0,0.0,0.0
4486,0.0,0.0,0.0,0.0
4487,0.0,0.0,0.0,0.0
4488,0.0,0.0,0.0,0.0
4489,0.0,0.0,0.0,0.0
4490,0.0,0.0,0.0,0.0
4491,0.0,0.0,0.0,0.0
4492,0.0,0.0,0.0,0.0
4493,0.0,0.0,0.0,0.0
4494,0.0,0.0,0.0,0.0
4495,-3.095219438975505e-06,6.120544071563927e-10,-9.699179237543376e-10,3.0952196514566162e-06
4496,0.011637942847890992,-0.00015656040192801868,-2.099239280362042e-05,0.011639014802412815
4497,0.0,0.0,0.0,0.0
4498,0.0,0.0,0.0,0.0
4499,0.0,0.0,0.0,0.0
4500,0.0,0.0,0.0,0.0
4501,0.0,0.0,0.0,0.0
4502,0.0,0.0,0.0,0.0
4503,0.0,0.0,0.0,0.0
4504,0.0,0.0,0.0,0.0
4505,0.0,0.0,0.0,0.0
4506,0.0,0.0,0.0,0.0
4507,0.0,0.0,0.0,0.0
4508,0.0,0.0,0.0,0.0
4509,0.0,0.0,0.0,0.0
4510,0.0,0.0,0.0,0.0
4511,0.0,0.0,0.0,0.0
4512,0.0,0.0,0.0,0.0
4513,0.0,0.0,0.0,0.0
4514,0.0,0.0,0.0,0.0
4515,0.0,0.0,0.0,0.0
4516,0.0,0.0,0.0,0.0
4517,0.0,0.0,0.0,0.0
4518,0.0,0.0,0.0,0.0
4519,0.0,0.0,0.0,0.0
4520,0.0,0.0,0.0,0.0
4521,0.0,0.0,0.0,0.0
4522,0.0,0.0,0.0,0.0
4523,0.0,0.0,0.0,0.0
4524,0.0,0.0,0.0,0.0
4525,0.0,0.0,0.0,0.0
4526,0.0,0.0,0.0,0.0
4527,0.0,0.0,0.0,0.0
4528,0.0,0.0,0.0,0.0
4529,0.0,0.0,0.0,0.0
4530,0.0,0.0,0.0,0.0
4531,0.0,0.0,0.0,0.0
4532,0.0,0.0,0.0,0.0
4533,0.0,0.0,0.0,0.0
4534,0.0,0.0,0.0,0.0
4535,0.0,0.0,0.0,0.0
4536,0.0,0.0,0.0,0.0
4537,0.0,0.0,0.0,0.0
4538,0.0,0.0,0.0,0.0
4539,0.0,0.0,0.0,0.0
4540,0.0,0.0,0.0,0.0
4541,0.0,0.0,0.0,0.0
4542,0.0,0.0,0.0,0.0
4543,0.0,0.0,0.0,0.0
4544,0.0,0.0,0.0,0.0
4545,0.0,0.0,0.0,0.0
4546,0.0,0.0,0.0,0.0
4547,0.0,0.0,0.0,0.0
4548,0.0,0.0,0.0,0.0
4549,0.0,0.0,0.0,0.0
4550,0.0,0.0,0.0,0.0
4551,0.0,0.0,0.0,0.0
4552,0.0,0.0,0.0,0.0
4553,0.0,0.0,0.0,0.0
4554,0.0,0.0,0.0,0.0
4555,0.0,0.0,0.0,0.0
4556,0.0,0.0,0.0,0.0
4557,0.0,0.0,0.0,0.0
4558,0.0,0.0,0.0,0.0
4559,0.0,0.0,0.0,0.0
4560,0.0,0.0,0.0,0.0
4561,0.0,0.0,0.0,0.0
4562,0.0,0.0,0.0,0.0
4563,0.0,0.0,0.0,0.0
4564,0.0,0.0,0.0,0.0
4565,0.0,0.0,0.0,0.0
4566,0.0,0.0,0.0,0.0
4567,0.0,0.0,0.0,0.0
4568,0.0,0.0,0.0,0.0
4569,0.0,0.0,0.0,0.0
4570,0.0,0.0,0.0,0.0
4571,0.0,0.0,0.0,0.0
4572,0.0,0.0,0.0,0.0
4573,0.0,0.0,0.0,0.0
4574,0.0,0.0,0.0,0.0
4575,0.0,0.0,0.0,0.0
4576,0.0,0.0,0.0,0.0
4577,0.0,0.0,0.0,0.0
4578,0.0,0.0,0.0,0.0
4579,0.0,0.0,0.0,0.0
4580,0.0,0.0,0.0,0.0
4581,0.0,0.0,0.0,0.0
4582,0.0,0.0,0.0,0.0
4583,0.0,0.0,0.0,0.0
4584,0.0,0.0,0.0,0.0
4585,0.0,0.0,0.0,0.0
4586,0.0,0.0,0.0,0.0
4587,0.0,0.0,0.0,0.0
4588,0.0,0.0,0.0,0.0
4589,0.0,0.0,0.0,0.0
4590,0.0,0.0,0.0,0.0
4591,0.0,0.0,0.0,0.0
4592,0.0,0.0,0.0,0.0
4593,0.0,0.0,0.0,0.0
4594,0.0,0.0,0.0,0.0
4595,0.0,0.0,0.0,0.0
4596,0.0,0.0,0.0,0.0
4597,0.0,0.0,0.0,0.0
4598,0.0,0.0,0.0,0.0
4599,0.0,0.0,0.0,0.0
4600,0.0,0.0,0.0,0.0
4601,0.0,0.0,0.0,0.0
4602,0.0,0.0,0.0,0.0
4603,0.0,0.0,0.0,0.0
4604,0.0,0.0,0.0,0.0
4605,0.0,0.0,0.0,0.0
4606,0.0,0.0,0.0,0.0
4607,0.0,0.0,0.0,0.0
4608,0.0,0.0,0.0,0.0
4609,0.0,0.0,0.0,0.0
4610,0.0,0.0,0.0,0.0
4611,0.0,0.0,0.0,0.0
4612,0.0,0.0,0.0,0.0
4613,0.0,0.0,0.0,0.0
4614,0.0,0.0,0.0,0.0
4615,0.0,0.0,0.0,0.0
4616,0.0,0.0,0.0,0.0
4617,0.0,0.0,0.0,0.0
4618,0.0,0.0,0.0,0.0
4619,0.0,0.0,0.0,0.0
4620,0.0,0.0,0.0,0.0
4621,0.0,0.0,0.0,0.0
4622,0.0,0.0,0.0,0.0
4623,0.0,0.0,0.0,0.0
4624,0.0,0.0,0.0,0.0
4625,0.0,0.0,0.0,0.0
4626,0.0,0.0,0.0,0.0
4627,0.0,0.0,0.0,0.0
4628,0.0,0.0,0.0,0.0
4629,0.0,0.0,0.0,0.0
4630,0.0,0.0,0.0,0.0
4631,0.0,0.0,0.0,0.0
4632,0.0,0.0,0.0,0.0
4633,0.0,0.0,0.0,0.0
4634,0.0,0.0,0.0,0.0
4635,0.0,0.0,0.0,0.0
4636,0.0,0.0,0.0,0.0
4637,0.0,0.0,0.0,0.0
4638,0.0,0.0,0.0,0.0
4639,0.0,0.0,0.0,0.0
4640,0.0,0.0,0.0,0.0
4641,0.0,0.0,0.0,0.0
4642,0.0,0.0,0.0,0.0
4643,0.0,0.0,0.0,0.0
4644,0.0,0.0,0.0,0.0
4645,0.0,0.0,0.0,0.0
4646,0.0,0.0,0.0,0.0
4647,0.0,0.0,0.0,0.0
4648,0.0,0.0,0.0,0.0
4649,0.0,0.0,0.0,0.0
4650,0.0,0.0,0.0,0.0
4651,0.0,0.0,0.0,0.0
4652,0.0,0.0,0.0,0.0
4653,0.0,0.0,0.0,0.0
4654,0.0,0.0,0.0,0.0
4655,0.0,0.0,0.0,0.0
4656,0.0,0.0,0.0,0.0
4657,0.0,0.0,0.0,0.0
4658,0.0,0.0,0.0,0.0
4659,0.0,0.0,0.0,0.0
4660,0.0,0.0,0.0,0.0
4661,0.0,0.0,0.0,0.0
4662,0.0,0.0,0.0,0.0
4663,0.0,0.0,0.0,0.0
4664,0.0,0.0,0.0,0.0
4665,0.0,0.0,0.0,0.0
4666,0.0,0.0,0.0,0.0
4667,0.0,0.0,0.0,0.0
4668,0.0,0.0,0.0,0.0
4669,0.0,0.0,0.0,0.0
4670,0.0,0.0,0.0,0.0
4671,0.0,0.0,0.0,0.0
4672,0.0,0.0,0.0,0.0
4673,0.0,0.0,0.0,0.0
4674,0.0,0.0,0.0,0.0
4675,0.0,0.0,0.0,0.0
4676,0.0,0.0,0.0,0.0
4677,0.0,0.0,0.0,0.0
4678,0.0,0.0,0.0,0.0
4679,0.0,0.0,0.0,0.0
4680,0.0,0.0,0.0,0.0
4681,0.0,0.0,0.0,0.0
4682,0.0,0.0,0.0,0.0
4683,0.0,0.0,0.0,0.0
4684,0.0,0.0,0.0,0.0
4685,0.0,0.0,0.0,0.0
4686,0.0,0.0,0.0,0.0
4687,0.0,0.0,0.0,0.0
4688,0.0,0.0,0.0,0.0
4689,0.0,0.0,0.0,0.0
4690,0.0,0.0,0.0,0.0
4691,0.0,0.0,0.0,0.0
4692,0.0,0.0,0.0,0.0
4693,0.0,0.0,0.0,0.0
4694,0.0,0.0,0.0,0.0
4695,0.0,0.0,0.0,0.0
4696,0.0,0.0,0.0,0.0
4697,0.0,0.0,0.0,0.0
4698,0.0,0.0,0.0,0.0
4699,0.0,0.0,0.0,0.0
4700,0.0,0.0,0.0,0.0
4701,0.0,0.0,0.0,0.0
4702,0.0,0.0,0.0,0.0
4703,0.0,0.0,0.0,0.0
4704,0.0,0.0,0.0,0.0
4705,0.0,0.0,0.0,0.0
4706,0.0,0.0,0.0,0.0
4707,0.0,0.0,0.0,0.0
4708,0.0,0.0,0.0,0.0
4709,0.0,0.0,0.0,0.0
4710,0.0,0.0,0.0,0.0
4711,0.0,0.0,0.0,0.0
4712,0.0,0.0,0.0,0.0
4713,0.0,0.0,0.0,0.0
4714,0.0,0.0,0.0,0.0
4715,0.0,0.0,0.0,0.0
4716,0.0,0.0,0.0,0.0
4717,0.0,0.0,0.0,0.0
4718,0.0,0.0,0.0,0.0
4719,0.0,0.0,0.0,0.0
4720,0.0,0.0,0.0,0.0
4721,0.0,0.0,0.0,0.0
4722,0.0,0.0,0.0,0.0
4723,0.0,0.0,0.0,0.0
4724,0.0,0.0,0.0,0.0
4725,0.0,0.0,0.0,0.0
4726,0.0,0.0,0.0,0.0
4727,0.0,0.0,0.0,0.0
4728,0.0,0.0,0.0,0.0
4729,0.0,0.0,0.0,0.0
4730,0.0,0.0,0.0,0.0
4731,0.0,0.0,0.0,0.0
4732,0.0,0.0,0.0,0.0
4733,0.0,0.0,0.0,0.0
4734,0.0,0.0,0.0,0.0
4735,0.0,0.0,0.0,0.0
4736,0.0,0.0,0.0,0.0
4737,0.0,0.0,0.0,0.0
4738,0.0,0.0,0.0,0.0
4739,0.0,0.0,0.0,0.0
4740,0.0,0.0,0.0,0.0
4741,0.0,0.0,0.0,0.0
4742,0.0,0.0,0.0,0.0
4743,0.0,0.0,0.0,0.0
4744,0.0,0.0,0.0,0.0
4745,0.0,0.0,0.0,0.0
4746,0.0,0.0,0.0,0.0
4747,0.0,0.0,0.0,0.0
4748,0.0,0.0,0.0,0.0
4749,0.0,0.0,0.0,0.0
4750,0.0,0.0,0.0,0.0
4751,0.0,0.0,0.0,0.0
4752,0.0,0.0,0.0,0.0
4753,0.0,0.0,0.0,0.0
4754,0.0,0.0,0.0,0.0
4755,0.0,0.0,0.0,0.0
4756,0.0,0.0,0.0,0.0
4757,0.0,0.0,0.0,0.0
4758,0.0,0.0,0.0,0.0
4759,0.0,0.0,0.0,0.0
4760,0.0,0.0,0.0,0.0
4761,0.0,0.0,0.0,0.0
4762,0.0,0.0,0.0,0.0
4763,0.0,0.0,0.0,0.0
4764,0.0,0.0,0.0,0.0
4765,0.0,0.0,0.0,0.0
4766,0.0,0.0,0.0,0.0
4767,0.0,0.0,0.0,0.0
4768,0.0,0.0,0.0,0.0
4769,0.0,0.0,0.0,0.0
4770,0.0,0.0,0.0,0.0
4771,0.0,0.0,0.0,0.0
4772,0.0,0.0,0.0,0.0
4773,0.0,0.0,0.0,0.0
4774,0.0,0.0,0.0,0.0
4775,0.0,0.0,0.0,0.0
4776,0.0,0.0,0.0,0.0
4777,0.0,0.0,0.0,0.0
4778,0.0,0.0,0.0,0.0
4779,0.0,0.0,0.0,0.0
4780,0.0,0.0,0.0,0.0
4781,0.0,0.0,0.0,0.0
4782,0.0,0.0,0.0,0.0
4783,0.0,0.0,0.0,0.0
4784,0.0,0.0,0.0,0.0
4785,0.0,0.0,0.0,0.0
4786,0.0,0.0,0.0,0.0
4787,0.0,0.0,0.0,0.0
4788,0.0,0.0,0.0,0.0
4789,0.0,0.0,0.0,0.0
4790,0.0,0.0,0.0,0.0
4791,0.0,0.0,0.0,0.0
4792,0.0,0.0,0.0,0.0
4793,0.0,0.0,0.0,0.0
4794,0.0,0.0,0.0,0.0
4795,0.0,0.0,0.0,0.0
4796,0.0,0.0,0.0,0.0
4797,0.0,0.0,0.0,0.0
4798,0.0,0.0,0.0,0.0
4799,0.0,0.0,0.0,0.0
4800,0.0,0.0,0.0,0.0
4801,0.0,0.0,0.0,0.0
4802,0.0,0.0,0.0,0.0
4803,0.0,0.0,0.0,0.0
4804,0.0,0.0,0.0,0.0
4805,0.0,0.0,0.0,0.0
4806,0.0,0.0,0.0,0.0
4807,0.0,0.0,0.0,0.0
4808,0.0,0.0,0.0,0.0
4809,0.0,0.0,0.0,0.0
4810,0.0,0.0,0.0,0.0
4811,0.0,0.0,0.0,0.0
4812,0.0,0.0,0.0,0.0
4813,0.0,0.0,0.0,0.0
4814,0.0,0.0,0.0,0.0
4815,0.0,0.0,0.0,0.0
4816,0.0,0.0,0.0,0.0
4817,0.0,0.0,0.0,0.0
4818,0.0,0.0,0.0,0.0
4819,0.0,0.0,0.0,0.0
4820,0.0,0.0,0.0,0.0
4821,0.0,0.0,0.0,0.0
4822,0.0,0.0,0.0,0.0
4823,0.0,0.0,0.0,0.0
4824,0.0,0.0,0.0,0.0
4825,0.0,0.0,0.0,0.0
4826,0.0,0.0,0.0,0.0
4827,0.0,0.0,0.0,0.0
4828,0.0,0.0,0.0,0.0
4829,0.0,0.0,0.0,0.0
4830,0.0,0.0,0.0,0.0
4831,0.0,0.0,0.0,0.0
4832,0.0,0.0,0.0,0.0
4833,0.0,0.0,0.0,0.0
4834,0.0,0.0,0.0,0.0
4835,0.0,0.0,0.0,0.0
4836,0.0,0.0,0.0,0.0
4837,0.0,0.0,0.0,0.0
4838,0.0,0.0,0.0,0.0
4839,0.0,0.0,0.0,0.0
4840,0.0,0.0,0.0,0.0
4841,0.0,0.0,0.0,0.0
4842,0.0,0.0,0.0,0.0
4843,0.0,0.0,0.0,0.0
4844,0.0,0.0,0.0,0.0
4845,0.0,0.0,0.0,0.0
4846,0.0,0.0,0.0,0.0
4847,0.0,0.0,0.0,0.0
4848,0.0,0.0,0.0,0.0
4849,0.0,0.0,0.0,0.0
4850,0.0,0.0,0.0,0.0
4851,0.0,0.0,0.0,0.0
4852,0.0,0.0,0.0,0.0
4853,0.0,0.0,0.0,0.0
4854,0.0,0.0,0.0,0.0
4855,0.0,0.0,0.0,0.0
4856,0.0,0.0,0.0,0.0
4857,0.0,0.0,0.0,0.0
4858,0.0,0.0,0.0,0.0
4859,0.0,0.0,0.0,0.0
4860,0.0,0.0,0.0,0.0
4861,0.0,0.0,0.0,0.0
4862,0.0,0.0,0.0,0.0
4863,0.0,0.0,0.0,0.0
4864,0.0,0.0,0.0,0.0
4865,0.0,0.0,0.0,0.0
4866,0.0,0.0,0.0,0.0
4867,0.0,0.0,0.0,0.0
4868,0.0,0.0,0.0,0.0
4869,0.0,0.0,0.0,0.0
4870,0.0,0.0,0.0,0.0
4871,0.0,0.0,0.0,0.0
4872,0.0,0.0,0.0,0.0
4873,0.0,0.0,0.0,0.0
4874,0.0,0.0,0.0,0.0
4875,0.0,0.0,0.0,0.0
4876,0.0,0.0,0.0,0.0
4877,0.0,0.0,0.0,0.0
4878,0.0,0.0,0.0,0.0
4879,0.0,0.0,0.0,0.0
4880,0.0,0.0,0.0,0.0
4881,0.0,0.0,0.0,0.0
4882,0.0,0.0,0.0,0.0
4883,0.0,0.0,0.0,0.0
4884,0.0,0.0,0.0,0.0
4885,0.0,0.0,0.0,0.0
4886,0.0,0.0,0.0,0.0
4887,0.0,0.0,0.0,0.0
4888,0.0,0.0,0.0,0.0
4889,0.0,0.0,0.0,0.0
4890,0.0,0.0,0.0,0.0
4891,0.0,0.0,0.0,0.0
4892,0.0,0.0,0.0,0.0
4893,0.0,0.0,0.0,0.0
4894,0.0,0.0,0.0,0.0
4895,0.0,0.0,0.0,0.0
4896,0.0,0.0,0.0,0.0
4897,0.0,0.0,0.0,0.0
4898,0.0,0.0,0.0,0.0
4899,0.0,0.0,0.0,0.0
4900,0.0,0.0,0.0,0.0
4901,0.0,0.0,0.0,0.0
4902,0.0,0.0,0.0,0.0
4903,0.0,0.0,0.0,0.0
4904,0.0,0.0,0.0,0.0
4905,0.0,0.0,0.0,0.0
4906,0.0,0.0,0.0,0.0
4907,0.0,0.0,0.0,0.0
4908,0.0,0.0,0.0,0.0
4909,0.0,0.0,0.0,0.0
4910,0.0,0.0,0.0,0.0
4911,0.0,0.0,0.0,0.0
4912,0.0,0.0,0.0,0.0
4913,0.0,0.0,0.0,0.0
4914,0.0,0.0,0.0,0.0
4915,0.0,0.0,0.0,0.0
4916,0.0,0.0,0.0,0.0
4917,0.0,0.0,0.0,0.0
4918,0.0,0.0,0.0,0.0
4919,0.0,0.0,0.0,0.0
4920,0.0,0.0,0.0,0.0
4921,0.0,0.0,0.0,0.0
4922,0.0,0.0,0.0,0.0
4923,0.0,0.0,0.0,0.0
4924,0.0,0.0,0.0,0.0
4925,0.0,0.0,0.0,0.0
4926,0.0,0.0,0.0,0.0
4927,0.0,0.0,0.0,0.0
4928,0.0,0.0,0.0,0.0
4929,0.0,0.0,0.0,0.0
4930,0.0,0.0,0.0,0.0
4931,0.0,0.0,0.0,0.0
4932,0.0,0.0,0.0,0.0
4933,0.0,0.0,0.0,0.0
4934,0.0,0.0,0.0,0.0
4935,0.0,0.0,0.0,0.0
4936,0.0,0.0,0.0,0.0
4937,0.0,0.0,0.0,0.0
4938,0.0,0.0,0.0,0.0
4939,0.0,0.0,0.0,0.0
4940,0.0,0.0,0.0,0.0
4941,0.0,0.0,0.0,0.0
4942,0.0,0.0,0.0,0.0
4943,0.0,0.0,0.0,0.0
4944,0.0,0.0,0.0,0.0
4945,0.0,0.0,0.0,0.0
4946,0.0,0.0,0.0,0.0
4947,0.0,0.0,0.0,0.0
4948,0.0,0.0,0.0,0.0
4949,0.0,0.0,0.0,0.0
4950,1.6646294298539033e-07,4.982088772287341e-05,-5.176520820437958e-06,5.008936944313607e-05
4951,0.0,0.0,0.0,0.0
4952,0.0,0.0,0.0,0.0
4953,0.0,0.0,0.0,0.0
4954,0.0,0.0,0.0,0.0
4955,0.0,0.0,0.0,0.0
4956,0.0,0.0,0.0,0.0
4957,0.0,0.0,0.0,0.0
4958,0.0,0.0,0.0,0.0
4959,0.0,0.0,0.0,0.0
4960,0.0,0.0,0.0,0.0
4961,0.0,0.0,0.0,0.0
4962,0.0,0.0,0.0,0.0
4963,0.0,0.0,0.0,0.0
4964,0.0,0.0,0.0,0.0
4965,0.0,0.0,0.0,0.0
4966,0.0,0.0,0.0,0.0
4967,0.0,0.0,0.0,0.0
4968,0.0,0.0,0.0,0.0
4969,0.0,0.0,0.0,0.0
4970,0.0,0.0,0.0,0.0
4971,0.0,0.0,0.0,0.0
4972,0.0,0.0,0.0,0.0
4973,0.0,0.0,0.0,0.0
4974,0.0,0.0,0.0,0.0
4975,0.0,0.0,0.0,0.0
4976,0.0,0.0,0.0,0.0
4977,0.0,0.0,0.0,0.0
4978,0.0,0.0,0.0,0.0
4979,0.0,0.0,0.0,0.0
4980,0.0,0.0,0.0,0.0
4981,0.0,0.0,0.0,0.0
4982,0.0,0.0,0.0,0.0
4983,0.0,0.0,0.0,0.0
4984,0.0,0.0,0.0,0.0
4985,0.0,0.0,0.0,0.0
4986,0.0,0.0,0.0,0.0
4987,0.0,0.0,0.0,0.0
4988,0.0,0.0,0.0,0.0
4989,0.0,0.0,0.0,0.0
4990,0.0,0.0,0.0,0.0
4991,0.0,0.0,0.0,0.0
4992,0.0,0.0,0.0,0.0
4993,0.0,0.0,0.0,0.0
4994,0.0,0.0,0.0,0.0
4995,0.0,0.0,0.0,0.0
4996,0.0,0.0,0.0,0.0
4997,0.0,0.0,0.0,0.0
4998,0.0,0.0,0.0,0.0
4999,0.0,0.0,0.0,0.0
5000,0.0,0.0,0.0,0.0
5001,0.0,0.0,0.0,0.0
5002,0.0,0.0,0.0,0.0
5003,0.0,0.0,0.0,0.0
5004,0.0,0.0,0.0,0.0
5005,0.0,0.0,0.0,0.0
5006,0.0,0.0,0.0,0.0
5007,0.0,0.0,0.0,0.0
5008,0.0,0.0,0.0,0.0
5009,0.0,0.0,0.0,0.0
5010,0.0,0.0,0.0,0.0
5011,0.0,0.0,0.0,0.0
5012,0.0,0.0,0.0,0.0
5013,0.0,0.0,0.0,0.0
5014,0.0,0.0,0.0,0.0
5015,0.0,0.0,0.0,0.0
5016,0.0,0.0,0.0,0.0
5017,0.0,0.0,0.0,0.0
5018,0.0,0.0,0.0,0.0
5019,0.0,0.0,0.0,0.0
5020,0.0,0.0,0.0,0.0
5021,0.0,0.0,0.0,0.0
5022,0.0,0.0,0.0,0.0
5023,0.0,0.0,0.0,0.0
5024,0.0,0.0,0.0,0.0
5025,0.0,0.0,0.0,0.0
5026,0.0,0.0,0.0,0.0
5027,0.0,0.0,0.0,0.0
5028,0.0,0.0,0.0,0.0
5029,0.0,0.0,0.0,0.0
5030,0.0,0.0,0.0,0.0
5031,0.0,0.0,0.0,0.0
5032,0.0,0.0,0.0,0.0
5033,0.0,0.0,0.0,0.0
5034,0.0,0.0,0.0,0.0
5035,0.0,0.0,0.0,0.0
5036,0.0,0.0,0.0,0.0
5037,0.0,0.0,0.0,0.0
5038,0.0,0.0,0.0,0.0
5039,0.0,0.0,0.0,0.0
5040,0.0,0.0,0.0,0.0
5041,0.0,0.0,0.0,0.0
5042,0.0,0.0,0.0,0.0
5043,0.0,0.0,0.0,0.0
5044,0.0,0.0,0.0,0.0
5045,0.0,0.0,0.0,0.0
5046,0.0,0.0,0.0,0.0
5047,0.0,0.0,0.0,0.0
5048,0.0,0.0,0.0,0.0
5049,0.0,0.0,0.0,0.0
5050,0.0,0.0,0.0,0.0
5051,0.0,0.0,0.0,0.0
5052,0.0,0.0,0.0,0.0
5053,0.0,0.0,0.0,0.0
5054,0.0,0.0,0.0,0.0
5055,0.0,0.0,0.0,0.0
5056,0.0,0.0,0.0,0.0
5057,0.0,0.0,0.0,0.0
5058,0.0,0.0,0.0,0.0
5059,0.0,0.0,0.0,0.0
5060,0.0,0.0,0.0,0.0
5061,0.0,0.0,0.0,0.0
5062,0.0,0.0,0.0,0.0
5063,0.0,0.0,0.0,0.0
5064,0.0,0.0,0.0,0.0
5065,0.0,0.0,0.0,0.0
5066,0.0,0.0,0.0,0.0
5067,0.0,0.0,0.0,0.0
5068,0.0,0.0,0.0,0.0
5069,0.0,0.0,0.0,0.0
5070,0.0,0.0,0.0,0.0
5071,0.0,0.0,0.0,0.0
5072,0.0,0.0,0.0,0.0
5073,0.0,0.0,0.0,0.0
5074,0.0,0.0,0.0,0.0
5075,0.0,0.0,0.0,0.0
5076,0.0,0.0,0.0,0.0
5077,0.0,0.0,0.0,0.0
5078,0.0,0.0,0.0,0.0
5079,0.0,0.0,0.0,0.0
5080,0.0,0.0,0.0,0.0
5081,0.0,0.0,0.0,0.0
5082,0.0,0.0,0.0,0.0
5083,0.0,0.0,0.0,0.0
5084,0.0,0.0,0.0,0.0
5085,0.0,0.0,0.0,0.0
5086,0.0,0.0,0.0,0.0
5087,0.0,0.0,0.0,0.0
5088,0.0,0.0,0.0,0.0
5089,0.0,0.0,0.0,0.0
5090,0.0,0.0,0.0,0.0
5091,0.0,0.0,0.0,0.0
5092,0.0,0.0,0.0,0.0
5093,0.0,0.0,0.0,0.0
5094,0.0,0.0,0.0,0.0
5095,0.0,0.0,0.0,0.0
5096,0.0,0.0,0.0,0.0
5097,0.0,0.0,0.0,0.0
5098,0.0,0.0,0.0,0.0
5099,0.0,0.0,0.0,0.0
5100,0.0,0.0,0.0,0.0
5101,0.0,0.0,0.0,0.0
5102,0.0,0.0,0.0,0.0
5103,0.0,0.0,0.0,0.0
5104,0.0,0.0,0.0,0.0
5105,0.0,0.0,0.0,0.0
5106,0.0,0.0,0.0,0.0
5107,0.0,0.0,0.0,0.0
5108,0.0,0.0,0.0,0.0
5109,0.0,0.0,0.0,0.0
5110,0.0,0.0,0.0,0.0
5111,0.0,0.0,0.0,0.0
5112,0.0,0.0,0.0,0.0
5113,0.0,0.0,0.0,0.0
5114,0.0,0.0,0.0,0.0
5115,0.0,0.0,0.0,0.0
5116,0.0,0.0,0.0,0.0
5117,0.0,0.0,0.0,0.0
5118,0.0,0.0,0.0,0.0
5119,0.0,0.0,0.0,0.0
5120,0.0,0.0,0.0,0.0
5121,0.0,0.0,0.0,0.0
5122,0.0,0.0,0.0,0.0
5123,0.0,0.0,0.0,0.0
5124,0.0,0.0,0.0,0.0
5125,0.0,0.0,0.0,0.0
5126,0.0,0.0,0.0,0.0
5127,0.0,0.0,0.0,0.0
5128,0.0,0.0,0.0,0.0
5129,0.0,0.0,0.0,0.0
5130,0.0,0.0,0.0,0.0
5131,0.0,0.0,0.0,0.0
5132,0.0,0.0,0.0,0.0
5133,0.0,0.0,0.0,0.0
5134,0.0,0.0,0.0,0.0
5135,0.0,0.0,0.0,0.0
5136,0.0,0.0,0.0,0.0
5137,0.0,0.0,0.0,0.0
5138,0.0,0.0,0.0,0.0
5139,0.0,0.0,0.0,0.0
5140,0.0,0.0,0.0,0.0
5141,0.0,0.0,0.0,0.0
5142,0.0,0.0,0.0,0.0
5143,0.0,0.0,0.0,0.0
5144,0.0,0.0,0.0,0.0
5145,0.0,0.0,0.0,0.0
5146,0.0,0.0,0.0,0.0
5147,0.0,0.0,0.0,0.0
5148,0.0,0.0,0.0,0.0
5149,0.0,0.0,0.0,0.0
5150,0.0,0.0,0.0,0.0
5151,0.0,0.0,0.0,0.0
5152,0.0,0.0,0.0,0.0
5153,0.0,0.0,0.0,0.0
5154,0.0,0.0,0.0,0.0
5155,0.0,0.0,0.0,0.0
5156,0.0,0.0,0.0,0.0
5157,0.0,0.0,0.0,0.0
5158,0.0,0.0,0.0,0.0
5159,0.0,0.0,0.0,0.0
5160,0.0,0.0,0.0,0.0
5161,0.0,0.0,0.0,0.0
5162,0.0,0.0,0.0,0.0
5163,0.0,0.0,0.0,0.0
5164,0.0,0.0,0.0,0.0
5165,0.0,0.0,0.0,0.0
5166,0.0,0.0,0.0,0.0
5167,0.0,0.0,0.0,0.0
5168,0.0,0.0,0.0,0.0
5169,0.0,0.0,0.0,0.0
5170,0.0,0.0,0.0,0.0
5171,0.0,0.0,0.0,0.0
5172,0.0,0.0,0.0,0.0
5173,0.0,0.0,0.0,0.0
5174,0.0,0.0,0.0,0.0
5175,0.0,0.0,0.0,0.0
5176,0.0,0.0,0.0,0.0
5177,0.0,0.0,0.0,0.0
5178,0.0,0.0,0.0,0.0
5179,0.0,0.0,0.0,0.0
5180,0.0,0.0,0.0,0.0
5181,0.0,0.0,0.0,0.0
5182,0.0,0.0,0.0,0.0
5183,0.0,0.0,0.0,0.0
5184,0.0,0.0,0.0,0.0
5185,0.0,0.0,0.0,0.0
5186,0.0,0.0,0.0,0.0
5187,0.0,0.0,0.0,0.0
5188,0.0,0.0,0.0,0.0
5189,0.0,0.0,0.0,0.0
5190,0.0,0.0,0.0,0.0
5191,0.0,0.0,0.0,0.0
5192,0.0,0.0,0.0,0.0
5193,0.0,0.0,0.0,0.0
5194,0.0,0.0,0.0,0.0
5195,0.0,0.0,0.0,0.0
5196,0.0,0.0,0.0,0.0
5197,0.0,0.0,0.0,0.0
5198,0.0,0.0,0.0,0.0
5199,0.0,0.0,0.0,0.0
5200,0.0,0.0,0.0,0.0
5201,0.0,0.0,0.0,0.0
5202,0.0,0.0,0.0,0.0
5203,0.0,0.0,0.0,0.0
5204,0.0,0.0,0.0,0.0
5205,0.0,0.0,0.0,0.0
5206,0.0,0.0,0.0,0.0
5207,0.0,0.0,0.0,0.0
5208,0.0,0.0,0.0,0.0
5209,0.0,0.0,0.0,0.0
5210,0.0,0.0,0.0,0.0
5211,0.0,0.0,0.0,0.0
5212,0.0,0.0,0.0,0.0
5213,0.0,0.0,0.0,0.0
5214,0.0,0.0,0.0,0.0
5215,0.0,0.0,0.0,0.0
5216,0.0,0.0,0.0,0.0
5217,0.0,0.0,0.0,0.0
5218,0.0,0.0,0.0,0.0
5219,0.0,0.0,0.0,0.0
5220,0.0,0.0,0.0,0.0
5221,0.0,0.0,0.0,0.0
5222,0.0,0.0,0.0,0.0
5223,0.0,0.0,0.0,0.0
5224,0.0,0.0,0.0,0.0
5225,0.0,0.0,0.0,0.0
5226,0.0,0.0,0.0,0.0
5227,0.0,0.0,0.0,0.0
5228,0.0,0.0,0.0,0.0
5229,0.0,0.0,0.0,0.0
5230,0.0,0.0,0.0,0.0
5231,0.0,0.0,0.0,0.0
5232,0.0,0.0,0.0,0.0
5233,0.0,0.0,0.0,0.0
5234,0.0,0.0,0.0,0.0
5235,0.0,0.0,0.0,0.0
5236,0.0,0.0,0.0,0.0
5237,0.0,0.0,0.0,0.0
5238,0.0,0.0,0.0,0.0
5239,0.0,0.0,0.0,0.0
5240,0.0,0.0,0.0,0.0
5241,0.0,0.0,0.0,0.0
5242,0.0,0.0,0.0,0.0
5243,0.0,0.0,0.0,0.0
5244,0.0,0.0,0.0,0.0
5245,0.0,0.0,0.0,0.0
5246,0.0,0.0,0.0,0.0
5247,0.0,0.0,0.0,0.0
5248,0.0,0.0,0.0,0.0
5249,0.0,0.0,0.0,0.0
5250,0.0,0.0,0.0,0.0
5251,0.0,0.0,0.0,0.0
5252,0.0,0.0,0.0,0.0
5253,0.0,0.0,0.0,0.0
5254,0.0,0.0,0.0,0.0
5255,0.0,0.0,0.0,0.0
5256,0.0,0.0,0.0,0.0
5257,0.0,0.0,0.0,0.0
5258,0.0,0.0,0.0,0.0
5259,0.0,0.0,0.0,0.0
5260,0.0,0.0,0.0,0.0
5261,0.0,0.0,0.0,0.0
5262,0.0,0.0,0.0,0.0
5263,0.0,0.0,0.0,0.0
5264,0.0,0.0,0.0,0.0
5265,0.0,0.0,0.0,0.0
5266,0.0,0.0,0.0,0.0
5267,0.0,0.0,0.0,0.0
5268,0.0,0.0,0.0,0.0
5269,0.0,0.0,0.0,0.0
5270,0.0,0.0,0.0,0.0
5271,0.0,0.0,0.0,0.0
5272,0.0,0.0,0.0,0.0
5273,0.0,0.0,0.0,0.0
5274,0.0,0.0,0.0,0.0
5275,0.0,0.0,0.0,0.0
5276,0.0,0.0,0.0,0.0
5277,0.0,0.0,0.0,0.0
5278,0.0,0.0,0.0,0.0
5279,0.0,0.0,0.0,0.0
5280,0.0,0.0,0.0,0.0
5281,0.0,0.0,0.0,0.0
5282,0.0,0.0,0.0,0.0
5283,0.0,0.0,0.0,0.0
5284,0.0,0.0,0.0,0.0
5285,0.0,0.0,0.0,0.0
5286,0.0,0.0,0.0,0.0
5287,0.0,0.0,0.0,0.0
5288,0.0,0.0,0.0,0.0
5289,0.0,0.0,0.0,0.0
5290,0.0,0.0,0.0,0.0
5291,0.0,0.0,0.0,0.0
5292,0.0,0.0,0.0,0.0
5293,0.0,0.0,0.0,0.0
5294,0.0,0.0,0.0,0.0
5295,0.0,0.0,0.0,0.0
5296,0.0,0.0,0.0,0.0
5297,0.0,0.0,0.0,0.0
5298,0.0,0.0,0.0,0.0
5299,0.0,0.0,0.0,0.0
5300,0.0,0.0,0.0,0.0
5301,0.0,0.0,0.0,0.0
5302,0.0,0.0,0.0,0.0
5303,0.0,0.0,0.0,0.0
5304,0.0,0.0,0.0,0.0
5305,0.0,0.0,0.0,0.0
5306,0.0,0.0,0.0,0.0
5307,0.0,0.0,0.0,0.0
5308,0.0,0.0,0.0,0.0
5309,0.0,0.0,0.0,0.0
5310,0.0,0.0,0.0,0.0
5311,0.0,0.0,0.0,0.0
5312,0.0,0.0,0.0,0.0
5313,0.0,0.0,0.0,0.0
5314,0.0,0.0,0.0,0.0
5315,0.0,0.0,0.0,0.0
5316,0.0,0.0,0.0,0.0
5317,0.0,0.0,0.0,0.0
5318,0.0,0.0,0.0,0.0
5319,0.0,0.0,0.0,0.0
5320,0.0,0.0,0.0,0.0
5321,0.0,0.0,0.0,0.0
5322,0.0,0.0,0.0,0.0
5323,0.0,0.0,0.0,0.0
5324,0.0,0.0,0.0,0.0
5325,0.0,0.0,0.0,0.0
5326,0.0,0.0,0.0,0.0
5327,0.0,0.0,0.0,0.0
5328,0.0,0.0,0.0,0.0
5329,0.0,0.0,0.0,0.0
5330,0.0,0.0,0.0,0.0
5331,0.0,0.0,0.0,0.0
5332,0.0,0.0,0.0,0.0
5333,0.0,0.0,0.0,0.0
5334,0.0,0.0,0.0,0.0
5335,0.0,0.0,0.0,0.0
5336,0.0,0.0,0.0,0.0
5337,0.0,0.0,0.0,0.0
5338,0.0,0.0,0.0,0.0
5339,0.0,0.0,0.0,0.0
5340,0.0,0.0,0.0,0.0
5341,0.0,0.0,0.0,0.0
5342,0.0,0.0,0.0,0.0
5343,0.0,0.0,0.0,0.0
5344,0.0,0.0,0.0,0.0
5345,0.0,0.0,0.0,0.0
5346,0.0,0.0,0.0,0.0
5347,0.0,0.0,0.0,0.0
5348,0.0,0.0,0.0,0.0
5349,0.0,0.0,0.0,0.0
5350,0.0,0.0,0.0,0.0
5351,0.0,0.0,0.0,0.0
5352,0.0,0.0,0.0,0.0
5353,0.0,0.0,0.0,0.0
5354,0.0,0.0,0.0,0.0
5355,0.0,0.0,0.0,0.0
5356,0.0,0.0,0.0,0.0
5357,0.0,0.0,0.0,0.0
5358,0.0,0.0,0.0,0.0
5359,0.0,0.0,0.0,0.0
5360,0.0,0.0,0.0,0.0
5361,0.0,0.0,0.0,0.0
5362,0.0,0.0,0.0,0.0
5363,0.0,0.0,0.0,0.0
5364,0.0,0.0,0.0,0.0
5365,0.0,0.0,0.0,0.0
5366,0.0,0.0,0.0,0.0
5367,0.0,0.0,0.0,0.0
5368,0.0,0.0,0.0,0.0
5369,0.0,0.0,0.0,0.0
5370,0.0,0.0,0.0,0.0
5371,0.0,0.0,0.0,0.0
5372,0.0,0.0,0.0,0.0
5373,0.0,0.0,0.0,0.0
5374,0.0,0.0,0.0,0.0
5375,0.0,0.0,0.0,0.0
5376,0.0,0.0,0.0,0.0
5377,0.0,0.0,0.0,0.0
5378,0.0,0.0,0.0,0.0
5379,0.0,0.0,0.0,0.0
5380,0.0,0.0,0.0,0.0
5381,0.0,0.0,0.0,0.0
5382,0.0,0.0,0.0,0.0
5383,0.0,0.0,0.0,0.0
5384,0.0,0.0,0.0,0.0
5385,0.0,0.0,0.0,0.0
5386,0.0,0.0,0.0,0.0
5387,0.0,0.0,0.0,0.0
5388,0.0,0.0,0.0,0.0
5389,0.0,0.0,0.0,0.0
5390,0.0,0.0,0.0,0.0
5391,0.0,0.0,0.0,0.0
5392,0.0,0.0,0.0,0.0
5393,0.0,0.0,0.0,0.0
5394,0.0,0.0,0.0,0.0
5395,0.0,0.0,0.0,0.0
5396,0.0,0.0,0.0,0.0
5397,0.0,0.0,0.0,0.0
5398,0.0,0.0,0.0,0.0
5399,0.0,0.0,0.0,0.0
5400,0.0,0.0,0.0,0.0
5401,0.0,0.0,0.0,0.0
5402,0.0,0.0,0.0,0.0
5403,0.0,0.0,0.0,0.0
5404,0.0,0.0,0.0,0.0
5405,0.0,0.0,0.0,0.0
5406,0.0,0.0,0.0,0.0
5407,0.0,0.0,0.0,0.0
5408,0.0,0.0,0.0,0.0
5409,0.0,0.0,0.0,0.0
5410,0.0,0.0,0.0,0.0
5411,0.0,0.0,0.0,0.0
5412,0.0,0.0,0.0,0.0
5413,0.0,0.0,0.0,0.0
5414,0.0,0.0,0.0,0.0
5415,0.0,0.0,0.0,0.0
5416,0.0,0.0,0.0,0.0
5417,0.0,0.0,0.0,0.0
5418,0.0,0.0,0.0,0.0
5419,0.0,0.0,0.0,0.0
5420,0.0,0.0,0.0,0.0
5421,0.0,0.0,0.0,0.0
5422,0.0,0.0,0.0,0.0
5423,0.0,0.0,0.0,0.0
5424,0.0,0.0,0.0,0.0
5425,0.0,0.0,0.0,0.0
5426,0.0,0.0,0.0,0.0
5427,0.0,0.0,0.0,0.0
5428,0.0,0.0,0.0,0.0
5429,0.0,0.0,0.0,0.0
5430,0.0,0.0,0.0,0.0
5431,0.0,0.0,0.0,0.0
5432,0.0,0.0,0.0,0.0
5433,0.0,0.0,0.0,0.0
5434,0.0,0.0,0.0,0.0
5435,0.0,0.0,0.0,0.0
5436,0.0,0.0,0.0,0.0
5437,0.0,0.0,0.0,0.0
5438,0.0,0.0,0.0,0.0
5439,0.0,0.0,0.0,0.0
5440,0.0,0.0,0.0,0.0
5441,0.0,0.0,0.0,0.0
5442,0.0,0.0,0.0,0.0
5443,0.0,0.0,0.0,0.0
5444,0.0,0.0,0.0,0.0
5445,0.0,0.0,0.0,0.0
5446,0.0,0.0,0.0,0.0
5447,0.0,0.0,0.0,0.0
5448,0.0,0.0,0.0,0.0
5449,0.0,0.0,0.0,0.0
5450,0.0,0.0,0.0,0.0
5451,0.0,0.0,0.0,0.0
5452,0.0,0.0,0.0,0.0
5453,0.0,0.0,0.0,0.0
5454,0.0,0.0,0.0,0.0
5455,0.0,0.0,0.0,0.0
5456,0.0,0.0,0.0,0.0
5457,0.0,0.0,0.0,0.0
5458,0.0,0.0,0.0,0.0
5459,0.0,0.0,0.0,0.0
5460,0.0,0.0,0.0,0.0
5461,0.0,0.0,0.0,0.0
5462,0.0,0.0,0.0,0.0
5463,0.0,0.0,0.0,0.0
5464,0.0,0.0,0.0,0.0
5465,0.0,0.0,0.0,0.0
5466,0.0,0.0,0.0,0.0
5467,0.0,0.0,0.0,0.0
5468,0.0,0.0,0.0,0.0
5469,0.0,0.0,0.0,0.0
5470,0.0,0.0,0.0,0.0
5471,0.0,0.0,0.0,0.0
5472,0.0,0.0,0.0,0.0
5473,0.0,0.0,0.0,0.0
5474,0.0,0.0,0.0,0.0
5475,0.0,0.0,0.0,0.0
5476,0.0,0.0,0.0,0.0
5477,0.0,0.0,0.0,0.0
5478,0.0,0.0,0.0,0.0
5479,0.0,0.0,0.0,0.0
5480,0.0,0.0,0.0,0.0
5481,0.0,0.0,0.0,0.0
5482,0.0,0.0,0.0,0.0
5483,0.0,0.0,0.0,0.0
5484,0.0,0.0,0.0,0.0
5485,0.0,0.0,0.0,0.0
5486,0.0,0.0,0.0,0.0
5487,0.0,0.0,0.0,0.0
5488,0.0,0.0,0.0,0.0
5489,0.0,0.0,0.0,0.0
5490,0.0,0.0,0.0,0.0
5491,0.0,0.0,0.0,0.0
5492,0.0,0.0,0.0,0.0
5493,0.0,0.0,0.0,0.0
5494,0.0,0.0,0.0,0.0
5495,0.0,0.0,0.0,0.0
5496,0.0,0.0,0.0,0.0
5497,0.0,0.0,0.0,0.0
5498,0.0,0.0,0.0,0.0
5499,0.0,0.0,0.0,0.0
5500,0.0,0.0,0.0,0.0
5501,0.0,0.0,0.0,0.0
5502,0.0,0.0,0.0,0.0
5503,0.0,0.0,0.0,0.0
5504,0.0,0.0,0.0,0.0
5505,0.0,0.0,0.0,0.0
5506,0.0,0.0,0.0,0.0
5507,0.0,0.0,0.0,0.0
5508,0.0,0.0,0.0,0.0
5509,0.0,0.0,0.0,0.0
5510,0.0,0.0,0.0,0.0
5511,0.0,0.0,0.0,0.0
5512,0.0,0.0,0.0,0.0
5513,0.0,0.0,0.0,0.0
5514,0.0,0.0,0.0,0.0
5515,0.0,0.0,0.0,0.0
5516,0.0,0.0,0.0,0.0
5517,0.0,0.0,0.0,0.0
5518,0.0,0.0,0.0,0.0
5519,0.0,0.0,0.0,0.0
5520,0.0,0.0,0.0,0.0
5521,0.0,0.0,0.0,0.0
5522,0.0,0.0,0.0,0.0
5523,0.0,0.0,0.0,0.0
5524,0.0,0.0,0.0,0.0
5525,0.0,0.0,0.0,0.0
5526,0.0,0.0,0.0,0.0
5527,0.0,0.0,0.0,0.0
5528,0.0,0.0,0.0,0.0
5529,0.0,0.0,0.0,0.0
5530,0.0,0.0,0.0,0.0
5531,0.0,0.0,0.0,0.0
5532,0.0,0.0,0.0,0.0
5533,0.0,0.0,0.0,0.0
5534,0.0,0.0,0.0,0.0
5535,0.0,0.0,0.0,0.0
5536,0.0,0.0,0.0,0.0
5537,0.0,0.0,0.0,0.0
5538,0.0,0.0,0.0,0.0
5539,0.0,0.0,0.0,0.0
5540,0.0,0.0,0.0,0.0
5541,0.0,0.0,0.0,0.0
5542,0.0,0.0,0.0,0.0
5543,0.0,0.0,0.0,0.0
5544,0.0,0.0,0.0,0.0
5545,0.0,0.0,0.0,0.0
5546,0.0,0.0,0.0,0.0
5547,0.0,0.0,0.0,0.0
5548,0.0,0.0,0.0,0.0
5549,0.0,0.0,0.0,0.0
5550,0.0,0.0,0.0,0.0
5551,0.0,0.0,0.0,0.0
5552,0.0,0.0,0.0,0.0
5553,0.0,0.0,0.0,0.0
5554,0.0,0.0,0.0,0.0
5555,0.0,0.0,0.0,0.0
5556,0.0,0.0,0.0,0.0
5557,0.0,0.0,0.0,0.0
5558,0.0,0.0,0.0,0.0
5559,0.0,0.0,0.0,0.0
5560,0.0,0.0,0.0,0.0
5561,0.0,0.0,0.0,0.0
5562,0.0,0.0,0.0,0.0
5563,0.0,0.0,0.0,0.0
5564,0.0,0.0,0.0,0.0
5565,0.0,0.0,0.0,0.0
5566,0.0,0.0,0.0,0.0
5567,0.0,0.0,0.0,0.0
5568,0.0,0.0,0.0,0.0
5569,0.0,0.0,0.0,0.0
5570,0.0,0.0,0.0,0.0
5571,0.0,0.0,0.0,0.0
5572,0.0,0.0,0.0,0.0
5573,0.0,0.0,0.0,0.0
5574,0.0,0.0,0.0,0.0
5575,0.0,0.0,0.0,0.0
5576,0.0,0.0,0.0,0.0
5577,0.0,0.0,0.0,0.0
5578,0.0,0.0,0.0,0.0
5579,0.0,0.0,0.0,0.0
5580,0.0,0.0,0.0,0.0
5581,0.0,0.0,0.0,0.0
5582,0.0,0.0,0.0,0.0
5583,0.0,0.0,0.0,0.0
5584,0.0,0.0,0.0,0.0
5585,0.0,0.0,0.0,0.0
5586,0.0,0.0,0.0,0.0
5587,0.0,0.0,0.0,0.0
5588,0.0,0.0,0.0,0.0
5589,0.0,0.0,0.0,0.0
5590,0.0,0.0,0.0,0.0
5591,0.0,0.0,0.0,0.0
5592,0.0,0.0,0.0,0.0
5593,0.0,0.0,0.0,0.0
5594,0.0,0.0,0.0,0.0
5595,0.0,0.0,0.0,0.0
5596,0.0,0.0,0.0,0.0
5597,0.0,0.0,0.0,0.0
5598,0.0,0.0,0.0,0.0
5599,0.0,0.0,0.0,0.0
5600,0.0,0.0,0.0,0.0
5601,0.0,0.0,0.0,0.0
5602,0.0,0.0,0.0,0.0
5603,0.0,0.0,0.0,0.0
5604,0.0,0.0,0.0,0.0
5605,0.0,0.0,0.0,0.0
5606,0.0,0.0,0.0,0.0
5607,0.0,0.0,0.0,0.0
5608,0.0,0.0,0.0,0.0
5609,0.0,0.0,0.0,0.0
5610,0.0,0.0,0.0,0.0
5611,0.0,0.0,0.0,0.0
5612,0.0,0.0,0.0,0.0
5613,0.0,0.0,0.0,0.0
5614,0.0,0.0,0.0,0.0
5615,0.0,0.0,0.0,0.0
5616,0.0,0.0,0.0,0.0
5617,0.0,0.0,0.0,0.0
5618,0.0,0.0,0.0,0.0
5619,0.0,0.0,0.0,0.0
5620,0.0,0.0,0.0,0.0
5621,0.0,0.0,0.0,0.0
5622,0.0,0.0,0.0,0.0
5623,0.0,0.0,0.0,0.0
5624,0.0,0.0,0.0,0.0
5625,0.0,0.0,0.0,0.0
5626,0.0,0.0,0.0,0.0
5627,0.0,0.0,0.0,0.0
5628,0.0,0.0,0.0,0.0
5629,0.0,0.0,0.0,0.0
5630,0.0,0.0,0.0,0.0
5631,0.0,0.0,0.0,0.0
5632,0.0,0.0,0.0,0.0
5633,0.0,0.0,0.0,0.0
5634,0.0,0.0,0.0,0.0
5635,0.0,0.0,0.0,0.0
5636,0.0,0.0,0.0,0.0
5637,0.0,0.0,0.0,0.0
5638,0.0,0.0,0.0,0.0
5639,0.0,0.0,0.0,0.0
5640,0.0,0.0,0.0,0.0
5641,0.0,0.0,0.0,0.0
5642,0.0,0.0,0.0,0.0
5643,0.0,0.0,0.0,0.0
5644,0.0,0.0,0.0,0.0
5645,0.0,0.0,0.0,0.0
5646,0.0,0.0,0.0,0.0
5647,0.0,0.0,0.0,0.0
5648,0.0,0.0,0.0,0.0
5649,0.0,0.0,0.0,0.0
5650,0.0,0.0,0.0,0.0
5651,0.0,0.0,0.0,0.0
5652,0.0,0.0,0.0,0.0
5653,0.0,0.0,0.0,0.0
5654,0.0,0.0,0.0,0.0
5655,0.0,0.0,0.0,0.0
5656,0.0,0.0,0.0,0.0
5657,0.0,0.0,0.0,0.0
5658,0.0,0.0,0.0,0.0
5659,0.0,0.0,0.0,0.0
5660,0.0,0.0,0.0,0.0
5661,0.0,0.0,0.0,0.0
5662,0.0,0.0,0.0,0.0
5663,0.0,0.0,0.0,0.0
5664,0.0,0.0,0.0,0.0
5665,0.0,0.0,0.0,0.0
5666,0.0,0.0,0.0,0.0
5667,0.0,0.0,0.0,0.0
5668,0.0,0.0,0.0,0.0
5669,0.0,0.0,0.0,0.0
5670,0.0,0.0,0.0,0.0
5671,0.0,0.0,0.0,0.0
5672,0.0,0.0,0.0,0.0
5673,0.0,0.0,0.0,0.0
5674,0.0,0.0,0.0,0.0
5675,0.0,0.0,0.0,0.0
5676,0.0,0.0,0.0,0.0
5677,0.0,0.0,0.0,0.0
5678,0.0,0.0,0.0,0.0
5679,0.0,0.0,0.0,0.0
5680,0.0,0.0,0.0,0.0
5681,0.0,0.0,0.0,0.0
5682,0.0,0.0,0.0,0.0
5683,0.0,0.0,0.0,0.0
5684,0.0,0.0,0.0,0.0
5685,0.0,0.0,0.0,0.0
5686,0.0,0.0,0.0,0.0
5687,0.0,0.0,0.0,0.0
5688,0.0,0.0,0.0,0.0
5689,0.0,0.0,0.0,0.0
5690,0.0,0.0,0.0,0.0
5691,0.0,0.0,0.0,0.0
5692,0.0,0.0,0.0,0.0
5693,0.0,0.0,0.0,0.0
5694,0.0,0.0,0.0,0.0
5695,0.0,0.0,0.0,0.0
5696,0.0,0.0,0.0,0.0
5697,0.0,0.0,0.0,0.0
5698,0.0,0.0,0.0,0.0
5699,0.0,0.0,0.0,0.0
5700,0.0,0.0,0.0,0.0
5701,0.0,0.0,0.0,0.0
5702,0.0,0.0,0.0,0.0
5703,0.0,0.0,0.0,0.0
5704,0.0,0.0,0.0,0.0
5705,0.0,0.0,0.0,0.0
5706,0.0,0.0,0.0,0.0
5707,0.0,0.0,0.0,0.0
5708,0.0,0.0,0.0,0.0
5709,0.0,0.0,0.0,0.0
5710,0.0,0.0,0.0,0.0
5711,0.0,0.0,0.0,0.0
5712,0.0,0.0,0.0,0.0
5713,0.0,0.0,0.0,0.0
5714,0.0,0.0,0.0,0.0
5715,0.0,0.0,0.0,0.0
5716,0.0,0.0,0.0,0.0
5717,0.0,0.0,0.0,0.0
5718,0.0,0.0,0.0,0.0
5719,0.0,0.0,0.0,0.0
5720,0.0,0.0,0.0,0.0
5721,0.0,0.0,0.0,0.0
5722,0.0,0.0,0.0,0.0
5723,0.0,0.0,0.0,0.0
5724,0.0,0.0,0.0,0.0
5725,0.0,0.0,0.0,0.0
5726,0.0,0.0,0.0,0.0
5727,0.0,0.0,0.0,0.0
5728,0.0,0.0,0.0,0.0
5729,0.0,0.0,0.0,0.0
5730,0.0,0.0,0.0,0.0
5731,0.0,0.0,0.0,0.0
5732,0.0,0.0,0.0,0.0
5733,0.0,0.0,0.0,0.0
5734,0.0,0.0,0.0,0.0
5735,0.0,0.0,0.0,0.0
5736,0.0,0.0,0.0,0.0
5737,0.0,0.0,0.0,0.0
5738,0.0,0.0,0.0,0.0
5739,0.0,0.0,0.0,0.0
5740,0.0,0.0,0.0,0.0
5741,0.0,0.0,0.0,0.0
5742,0.0,0.0,0.0,0.0
5743,0.0,0.0,0.0,0.0
5744,0.0,0.0,0.0,0.0
5745,0.0,0.0,0.0,0.0
5746,0.0,0.0,0.0,0.0
5747,0.0,0.0,0.0,0.0
5748,0.0,0.0,0.0,0.0
5749,0.0,0.0,0.0,0.0
5750,0.0,0.0,0.0,0.0
5751,0.0,0.0,0.0,0.0
5752,0.0,0.0,0.0,0.0
5753,0.0,0.0,0.0,0.0
5754,0.0,0.0,0.0,0.0
5755,0.0,0.0,0.0,0.0
5756,0.0,0.0,0.0,0.0
5757,0.0,0.0,0.0,0.0
5758,0.0,0.0,0.0,0.0
5759,0.0,0.0,0.0,0.0
5760,0.0,0.0,0.0,0.0
5761,0.0,0.0,0.0,0.0
5762,0.0,0.0,0.0,0.0
5763,0.0,0.0,0.0,0.0
5764,0.0,0.0,0.0,0.0
5765,0.0,0.0,0.0,0.0
5766,0.0,0.0,0.0,0.0
5767,0.0,0.0,0.0,0.0
5768,0.0,0.0,0.0,0.0
5769,0.0,0.0,0.0,0.0
5770,0.0,0.0,0.0,0.0
5771,0.0,0.0,0.0,0.0
5772,0.0,0.0,0.0,0.0
5773,0.0,0.0,0.0,0.0
5774,0.0,0.0,0.0,0.0
5775,0.0,0.0,0.0,0.0
5776,0.0,0.0,0.0,0.0
5777,0.0,0.0,0.0,0.0
5778,0.0,0.0,0.0,0.0
5779,0.0,0.0,0.0,0.0
5780,0.0,0.0,0.0,0.0
5781,0.0,0.0,0.0,0.0
5782,0.0,0.0,0.0,0.0
5783,0.0,0.0,0.0,0.0
5784,0.0,0.0,0.0,0.0
5785,0.0,0.0,0.0,0.0
5786,0.0,0.0,0.0,0.0
5787,0.0,0.0,0.0,0.0
5788,0.0,0.0,0.0,0.0
5789,0.0,0.0,0.0,0.0
5790,0.0,0.0,0.0,0.0
5791,0.0,0.0,0.0,0.0
5792,0.0,0.0,0.0,0.0
5793,0.0,0.0,0.0,0.0
5794,0.0,0.0,0.0,0.0
5795,0.0,0.0,0.0,0.0
5796,0.0,0.0,0.0,0.0
5797,0.0,0.0,0.0,0.0
5798,0.0,0.0,0.0,0.0
5799,0.0,0.0,0.0,0.0
5800,0.0,0.0,0.0,0.0
5801,0.0,0.0,0.0,0.0
5802,0.0,0.0,0.0,0.0
5803,0.0,0.0,0.0,0.0
5804,0.0,0.0,0.0,0.0
5805,0.0,0.0,0.0,0.0
5806,0.0,0.0,0.0,0.0
5807,0.0,0.0,0.0,0.0
5808,0.0,0.0,0.0,0.0
5809,0.0,0.0,0.0,0.0
5810,0.0,0.0,0.0,0.0
5811,0.0,0.0,0.0,0.0
5812,0.0,0.0,0.0,0.0
5813,0.0,0.0,0.0,0.0
5814,0.0,0.0,0.0,0.0
5815,0.0,0.0,0.0,0.0
5816,0.0,0.0,0.0,0.0
5817,0.0,0.0,0.0,0.0
5818,0.0,0.0,0.0,0.0
5819,0.0,0.0,0.0,0.0
5820,0.0,0.0,0.0,0.0
5821,0.0,0.0,0.0,0.0
5822,0.0,0.0,0.0,0.0
5823,0.0,0.0,0.0,0.0
5824,0.0,0.0,0.0,0.0
5825,0.0,0.0,0.0,0.0
5826,0.0,0.0,0.0,0.0
5827,0.0,0.0,0.0,0.0
5828,0.0,0.0,0.0,0.0
5829,0.0,0.0,0.0,0.0
5830,0.0,0.0,0.0,0.0
5831,0.0,0.0,0.0,0.0
5832,0.0,0.0,0.0,0.0
5833,0.0,0.0,0.0,0.0
5834,0.0,0.0,0.0,0.0
5835,0.0,0.0,0.0,0.0
5836,0.0,0.0,0.0,0.0
5837,0.0,0.0,0.0,0.0
5838,0.0,0.0,0.0,0.0
5839,0.0,0.0,0.0,0.0
5840,0.0,0.0,0.0,0.0
5841,0.0,0.0,0.0,0.0
5842,0.0,0.0,0.0,0.0
5843,0.0,0.0,0.0,0.0
5844,0.0,0.0,0.0,0.0
5845,0.0,0.0,0.0,0.0
5846,0.0,0.0,0.0,0.0
5847,0.0,0.0,0.0,0.0
5848,0.0,0.0,0.0,0.0
5849,0.0,0.0,0.0,0.0
5850,0.0,0.0,0.0,0.0
5851,0.0,0.0,0.0,0.0
5852,0.0,0.0,0.0,0.0
5853,0.0,0.0,0.0,0.0
5854,0.0,0.0,0.0,0.0
5855,0.0,0.0,0.0,0.0
5856,0.0,0.0,0.0,0.0
5857,0.0,0.0,0.0,0.0
5858,0.0,0.0,0.0,0.0
5859,0.0,0.0,0.0,0.0
5860,0.0,0.0,0.0,0.0
5861,0.0,0.0,0.0,0.0
5862,0.0,0.0,0.0,0.0
5863,0.0,0.0,0.0,0.0
5864,0.0,0.0,0.0,0.0
5865,0.0,0.0,0.0,0.0
5866,0.0,0.0,0.0,0.0
5867,0.0,0.0,0.0,0.0
5868,0.0,0.0,0.0,0.0
5869,0.0,0.0,0.0,0.0
5870,0.0,0.0,0.0,0.0
5871,0.0,0.0,0.0,0.0
5872,0.0,0.0,0.0,0.0
5873,0.0,0.0,0.0,0.0
5874,0.0,0.0,0.0,0.0
5875,0.0,0.0,0.0,0.0
5876,0.0,0.0,0.0,0.0
5877,0.0,0.0,0.0,0.0
5878,0.0,0.0,0.0,0.0
5879,0.0,0.0,0.0,0.0
5880,0.0,0.0,0.0,0.0
5881,0.0,0.0,0.0,0.0
5882,0.0,0.0,0.0,0.0
5883,0.0,0.0,0.0,0.0
5884,0.0,0.0,0.0,0.0
5885,0.0,0.0,0.0,0.0
5886,0.0,0.0,0.0,0.0
5887,0.0,0.0,0.0,0.0
5888,0.0,0.0,0.0,0.0
5889,0.0,0.0,0.0,0.0
5890,0.0,0.0,0.0,0.0
5891,0.0,0.0,0.0,0.0
5892,0.0,0.0,0.0,0.0
5893,0.0,0.0,0.0,0.0
5894,0.0,0.0,0.0,0.0
5895,0.0,0.0,0.0,0.0
5896,0.0,0.0,0.0,0.0
5897,0.0,0.0,0.0,0.0
5898,0.0,0.0,0.0,0.0
5899,0.0,0.0,0.0,0.0
5900,0.0,0.0,0.0,0.0
5901,0.0,0.0,0.0,0.0
5902,0.0,0.0,0.0,0.0
5903,0.0,0.0,0.0,0.0
5904,0.0,0.0,0.0,0.0
5905,0.0,0.0,0.0,0.0
5906,0.0,0.0,0.0,0.0
5907,0.0,0.0,0.0,0.0
5908,0.0,0.0,0.0,0.0
5909,0.0,0.0,0.0,0.0
5910,0.0,0.0,0.0,0.0
5911,0.0,0.0,0.0,0.0
5912,0.0,0.0,0.0,0.0
5913,0.0,0.0,0.0,0.0
5914,0.0,0.0,0.0,0.0
5915,0.0,0.0,0.0,0.0
5916,0.0,0.0,0.0,0.0
5917,0.0,0.0,0.0,0.0
5918,0.0,0.0,0.0,0.0
5919,0.0,0.0,0.0,0.0
5920,0.0,0.0,0.0,0.0
5921,0.0,0.0,0.0,0.0
5922,0.0,0.0,0.0,0.0
5923,0.0,0.0,0.0,0.0
5924,0.0,0.0,0.0,0.0
5925,0.0,0.0,0.0,0.0
5926,0.0,0.0,0.0,0.0
5927,0.0,0.0,0.0,0.0
5928,0.0,0.0,0.0,0.0
5929,0.0,0.0,0.0,0.0
5930,0.0,0.0,0.0,0.0
5931,0.0,0.0,0.0,0.0
5932,0.0,0.0,0.0,0.0
5933,0.0,0.0,0.0,0.0
5934,0.0,0.0,0.0,0.0
5935,0.0,0.0,0.0,0.0
5936,0.0,0.0,0.0,0.0
5937,0.0,0.0,0.0,0.0
5938,0.0,0.0,0.0,0.0
5939,0.0,0.0,0.0,0.0
5940,0.0,0.0,0.0,0.0
5941,0.0,0.0,0.0,0.0
5942,0.0,0.0,0.0,0.0
5943,0.0,0.0,0.0,0.0
5944,0.0,0.0,0.0,0.0
5945,0.0,0.0,0.0,0.0
5946,0.0,0.0,0.0,0.0
5947,0.0,0.0,0.0,0.0
5948,0.0,0.0,0.0,0.0
5949,0.0,0.0,0.0,0.0
5950,0.0,0.0,0.0,0.0
5951,0.0,0.0,0.0,0.0
5952,0.0,0.0,0.0,0.0
5953,0.0,0.0,0.0,0.0
5954,0.0,0.0,0.0,0.0
5955,0.0,0.0,0.0,0.0
5956,0.0,0.0,0.0,0.0
5957,0.0,0.0,0.0,0.0
5958,0.0,0.0,0.0,0.0
5959,0.0,0.0,0.0,0.0
5960,0.0,0.0,0.0,0.0
5961,0.0,0.0,0.0,0.0
5962,0.0,0.0,0.0,0.0
5963,0.0,0.0,0.0,0.0
5964,0.0,0.0,0.0,0.0
5965,0.0,0.0,0.0,0.0
5966,0.0,0.0,0.0,0.0
5967,0.0,0.0,0.0,0.0
5968,0.0,0.0,0.0,0.0
5969,0.0,0.0,0.0,0.0
5970,0.0,0.0,0.0,0.0
5971,0.0,0.0,0.0,0.0
5972,0.0,0.0,0.0,0.0
5973,0.0,0.0,0.0,0.0
5974,0.0,0.0,0.0,0.0
5975,0.0,0.0,0.0,0.0
5976,0.0,0.0,0.0,0.0
5977,0.0,0.0,0.0,0.0
5978,0.0,0.0,0.0,0.0
5979,0.0,0.0,0.0,0.0
5980,0.0,0.0,0.0,0.0
5981,0.0,0.0,0.0,0.0
5982,0.0,0.0,0.0,0.0
5983,0.0,0.0,0.0,0.0
5984,0.0,0.0,0.0,0.0
5985,0.0,0.0,0.0,0.0
5986,0.0,0.0,0.0,0.0
5987,0.0,0.0,0.0,0.0
5988,0.0,0.0,0.0,0.0
5989,0.0,0.0,0.0,0.0
5990,0.0,0.0,0.0,0.0
5991,0.0,0.0,0.0,0.0
5992,0.0,0.0,0.0,0.0
5993,0.0,0.0,0.0,0.0
5994,0.0,0.0,0.0,0.0
5995,0.0,0.0,0.0,0.0
5996,0.0,0.0,0.0,0.0
5997,0.0,0.0,0.0,0.0
5998,0.0,0.0,0.0,0.0
5999,0.0,0.0,0.0,0.0
6000,0.0,0.0,0.0,0.0
6001,0.0,0.0,0.0,0.0
6002,0.0,0.0,0.0,0.0
6003,0.0,0.0,0.0,0.0
6004,0.0,0.0,0.0,0.0
6005,0.0,0.0,0.0,0.0
6006,0.0,0.0,0.0,0.0
6007,0.0,0.0,0.0,0.0
6008,0.0,0.0,0.0,0.0
6009,0.0,0.0,0.0,0.0
6010,0.0,0.0,0.0,0.0
6011,0.0,0.0,0.0,0.0
6012,0.0,0.0,0.0,0.0
6013,0.0,0.0,0.0,0.0
6014,0.0,0.0,0.0,0.0
6015,0.0,0.0,0.0,0.0
6016,0.0,0.0,0.0,0.0
6017,0.0,0.0,0.0,0.0
6018,0.0,0.0,0.0,0.0
6019,0.0,0.0,0.0,0.0
6020,0.0,0.0,0.0,0.0
6021,0.0,0.0,0.0,0.0
6022,0.0,0.0,0.0,0.0
6023,0.0,0.0,0.0,0.0
6024,0.0,0.0,0.0,0.0
6025,0.0,0.0,0.0,0.0
6026,0.0,0.0,0.0,0.0
6027,0.0,0.0,0.0,0.0
6028,0.0,0.0,0.0,0.0
6029,0.0,0.0,0.0,0.0
6030,0.0,0.0,0.0,0.0
6031,0.0,0.0,0.0,0.0
6032,0.0,0.0,0.0,0.0
6033,0.0,0.0,0.0,0.0
6034,0.0,0.0,0.0,0.0
6035,0.0,0.0,0.0,0.0
6036,0.0,0.0,0.0,0.0
6037,0.0,0.0,0.0,0.0
6038,0.0,0.0,0.0,0.0
6039,0.0,0.0,0.0,0.0
6040,0.0,0.0,0.0,0.0
6041,0.0,0.0,0.0,0.0
6042,0.0,0.0,0.0,0.0
6043,0.0,0.0,0.0,0.0
6044,0.0,0.0,0.0,0.0
6045,0.0,0.0,0.0,0.0
6046,0.0,0.0,0.0,0.0
6047,0.0,0.0,0.0,0.0
6048,0.0,0.0,0.0,0.0
6049,0.0,0.0,0.0,0.0
6050,0.0,0.0,0.0,0.0
6051,0.0,0.0,0.0,0.0
6052,0.0,0.0,0.0,0.0
6053,0.0,0.0,0.0,0.0
6054,0.0,0.0,0.0,0.0
6055,0.0,0.0,0.0,0.0
6056,0.0,0.0,0.0,0.0
6057,0.0,0.0,0.0,0.0
6058,0.0,0.0,0.0,0.0
6059,0.0,0.0,0.0,0.0
6060,0.0,0.0,0.0,0.0
6061,0.0,0.0,0.0,0.0
6062,0.0,0.0,0.0,0.0
6063,0.0,0.0,0.0,0.0
6064,0.0,0.0,0.0,0.0
6065,0.0,0.0,0.0,0.0
6066,0.0,0.0,0.0,0.0
6067,0.0,0.0,0.0,0.0
6068,0.0,0.0,0.0,0.0
6069,0.0,0.0,0.0,0.0
6070,0.0,0.0,0.0,0.0
6071,0.0,0.0,0.0,0.0
6072,0.0,0.0,0.0,0.0
6073,0.0,0.0,0.0,0.0
6074,0.0,0.0,0.0,0.0
6075,0.0,0.0,0.0,0.0
6076,0.0,0.0,0.0,0.0
6077,0.0,0.0,0.0,0.0
6078,0.0,0.0,0.0,0.0
6079,0.0,0.0,0.0,0.0
6080,0.0,0.0,0.0,0.0
6081,0.0,0.0,0.0,0.0
6082,0.0,0.0,0.0,0.0
6083,0.0,0.0,0.0,0.0
6084,0.0,0.0,0.0,0.0
6085,0.0,0.0,0.0,0.0
6086,0.0,0.0,0.0,0.0
6087,0.0,0.0,0.0,0.0
6088,0.0,0.0,0.0,0.0
6089,0.0,0.0,0.0,0.0
6090,0.0,0.0,0.0,0.0
6091,0.0,0.0,0.0,0.0
6092,0.0,0.0,0.0,0.0
6093,0.0,0.0,0.0,0.0
6094,0.0,0.0,0.0,0.0
6095,0.0,0.0,0.0,0.0
6096,0.0,0.0,0.0,0.0
6097,0.0,0.0,0.0,0.0
6098,0.0,0.0,0.0,0.0
6099,0.0,0.0,0.0,0.0
6100,0.0,0.0,0.0,0.0
6101,0.0,0.0,0.0,0.0
6102,0.0,0.0,0.0,0.0
6103,0.0,0.0,0.0,0.0
6104,0.0,0.0,0.0,0.0
6105,0.0,0.0,0.0,0.0
6106,0.0,0.0,0.0,0.0
6107,0.0,0.0,0.0,0.0
6108,0.0,0.0,0.0,0.0
6109,0.0,0.0,0.0,0.0
6110,0.0,0.0,0.0,0.0
6111,0.0,0.0,0.0,0.0
6112,0.0,0.0,0.0,0.0
6113,0.0,0.0,0.0,0.0
6114,0.0,0.0,0.0,0.0
6115,0.0,0.0,0.0,0.0
6116,0.0,0.0,0.0,0.0
6117,0.0,0.0,0.0,0.0
6118,0.0,0.0,0.0,0.0
6119,0.0,0.0,0.0,0.0
6120,0.0,0.0,0.0,0.0
6121,0.0,0.0,0.0,0.0
6122,0.0,0.0,0.0,0.0
6123,0.0,0.0,0.0,0.0
6124,0.0,0.0,0.0,0.0
6125,0.0,0.0,0.0,0.0
6126,0.0,0.0,0.0,0.0
6127,0.0,0.0,0.0,0.0
6128,0.0,0.0,0.0,0.0
6129,0.0,0.0,0.0,0.0
6130,0.0,0.0,0.0,0.0
6131,0.0,0.0,0.0,0.0
6132,0.0,0.0,0.0,0.0
6133,0.0,0.0,0.0,0.0
6134,0.0,0.0,0.0,0.0
6135,0.0,0.0,0.0,0.0
6136,0.0,0.0,0.0,0.0
6137,0.0,0.0,0.0,0.0
6138,0.0,0.0,0.0,0.0
6139,0.0,0.0,0.0,0.0
6140,0.0,0.0,0.0,0.0
6141,0.0,0.0,0.0,0.0
6142,0.0,0.0,0.0,0.0
6143,0.0,0.0,0.0,0.0
6144,0.0,0.0,0.0,0.0
6145,0.0,0.0,0.0,0.0
6146,0.0,0.0,0.0,0.0
6147,0.0,0.0,0.0,0.0
6148,0.0,0.0,0.0,0.0
6149,0.0,0.0,0.0,0.0
6150,0.0,0.0,0.0,0.0
6151,0.0,0.0,0.0,0.0
6152,0.0,0.0,0.0,0.0
6153,0.0,0.0,0.0,0.0
6154,0.0,0.0,0.0,0.0
6155,0.0,0.0,0.0,0.0
6156,0.0,0.0,0.0,0.0
6157,0.0,0.0,0.0,0.0
6158,0.0,0.0,0.0,0.0
6159,0.0,0.0,0.0,0.0
6160,0.0,0.0,0.0,0.0
6161,0.0,0.0,0.0,0.0
6162,0.0,0.0,0.0,0.0
6163,0.0,0.0,0.0,0.0
6164,0.0,0.0,0.0,0.0
6165,0.0,0.0,0.0,0.0
6166,0.0,0.0,0.0,0.0
6167,0.0,0.0,0.0,0.0
6168,0.0,0.0,0.0,0.0
6169,0.0,0.0,0.0,0.0
6170,0.0,0.0,0.0,0.0
6171,0.0,0.0,0.0,0.0
6172,0.0,0.0,0.0,0.0
6173,0.0,0.0,0.0,0.0
6174,0.0,0.0,0.0,0.0
6175,0.0,0.0,0.0,0.0
6176,0.0,0.0,0.0,0.0
6177,0.0,0.0,0.0,0.0
6178,0.0,0.0,0.0,0.0
6179,0.0,0.0,0.0,0.0
6180,0.0,0.0,0.0,0.0
6181,0.0,0.0,0.0,0.0
6182,0.0,0.0,0.0,0.0
6183,0.0,0.0,0.0,0.0
6184,0.0,0.0,0.0,0.0
6185,0.0,0.0,0.0,0.0
6186,0.0,0.0,0.0,0.0
6187,0.0,0.0,0.0,0.0
6188,0.0,0.0,0.0,0.0
6189,0.0,0.0,0.0,0.0
6190,0.0,0.0,0.0,0.0
6191,0.0,0.0,0.0,0.0
6192,0.0,0.0,0.0,0.0
6193,0.0,0.0,0.0,0.0
6194,0.0,0.0,0.0,0.0
6195,0.0,0.0,0.0,0.0
6196,0.0,0.0,0.0,0.0
6197,0.0,0.0,0.0,0.0
6198,0.0,0.0,0.0,0.0
6199,0.0,0.0,0.0,0.0
6200,0.0,0.0,0.0,0.0
6201,0.0,0.0,0.0,0.0
6202,0.0,0.0,0.0,0.0
6203,0.0,0.0,0.0,0.0
6204,0.0,0.0,0.0,0.0
6205,0.0,0.0,0.0,0.0
6206,0.0,0.0,0.0,0.0
6207,0.0,0.0,0.0,0.0
6208,0.0,0.0,0.0,0.0
6209,0.0,0.0,0.0,0.0
6210,0.0,0.0,0.0,0.0
6211,0.0,0.0,0.0,0.0
6212,0.0,0.0,0.0,0.0
6213,0.0,0.0,0.0,0.0
6214,0.0,0.0,0.0,0.0
6215,0.0,0.0,0.0,0.0
6216,0.0,0.0,0.0,0.0
6217,0.0,0.0,0.0,0.0
6218,0.0,0.0,0.0,0.0
6219,0.0,0.0,0.0,0.0
6220,0.0,0.0,0.0,0.0
6221,0.0,0.0,0.0,0.0
6222,0.0,0.0,0.0,0.0
6223,0.0,0.0,0.0,0.0
6224,0.0,0.0,0.0,0.0
6225,0.0,0.0,0.0,0.0
6226,0.0,0.0,0.0,0.0
6227,0.0,0.0,0.0,0.0
6228,0.0,0.0,0.0,0.0
6229,0.0,0.0,0.0,0.0
6230,0.0,0.0,0.0,0.0
6231,0.0,0.0,0.0,0.0
6232,0.0,0.0,0.0,0.0
6233,0.0,0.0,0.0,0.0
6234,0.0,0.0,0.0,0.0
6235,0.0,0.0,0.0,0.0
6236,0.0,0.0,0.0,0.0
6237,0.0,0.0,0.0,0.0
6238,0.0,0.0,0.0,0.0
6239,0.0,0.0,0.0,0.0
6240,0.0,0.0,0.0,0.0
6241,0.0,0.0,0.0,0.0
6242,0.0,0.0,0.0,0.0
6243,0.0,0.0,0.0,0.0
6244,0.0,0.0,0.0,0.0
6245,0.0,0.0,0.0,0.0
6246,0.0,0.0,0.0,0.0
6247,0.0,0.0,0.0,0.0
6248,-1.7963408538435033e-12,-3.4304683538266545e-08,6.038154864995704e-09,3.4832034538067504e-08
6249,3.537499182471038e-10,2.977268087178686e-06,-5.248251071510168e-07,3.0231716426904563e-06
6250,-3.914291113460422e-10,-1.8764053244524348e-07,3.434641926425286e-08,1.9075848382014235e-07
6251,0.0,0.0,0.0,0.0
6252,0.0,0.0,0.0,0.0
6253,1.5941115094619818e-10,1.4896322859669908e-06,-2.6201079816878803e-07,1.5124992665003851e-06
6254,-4.151679000585773e-10,-1.0061497940583308e-05,1.7732404877790486e-06,1.0216561202685834e-05
6255,-2.1465479767890372e-05,-0.0034674123619389263,0.0006802483059398234,0.003533574254530751
6256,1.5168230227402546e-08,-2.367266041858329e-06,4.1414371443337927e-07,2.4032672769270816e-06
6257,0.0,0.0,0.0,0.0
6258,3.475246757034256e-10,6.783984391134368e-06,-1.1997509237193782e-06,6.8892558828144595e-06
6259,-4.0765923969843243e-10,0.0003228793187464163,-5.6877068938199216e-05,0.0003278506602789092
6260,0.0,0.0,0.0,0.0
6261,0.0,0.0,0.0,0.0
6262,0.0,0.0,0.0,0.0
6263,-4.226346364433198e-06,0.0001394240382666112,-4.4947726642319275e-06,0.00013956047947561928
6264,0.0,0.0,0.0,0.0
6265,0.0,0.0,0.0,0.0
6266,0.0,0.0,0.0,0.0
6267,0.0,0.0,0.0,0.0
6268,0.0,0.0,0.0,0.0
6269,0.0,0.0,0.0,0.0
6270,0.0,0.0,0.0,0.0
6271,0.0,0.0,0.0,0.0
6272,0.0,0.0,0.0,0.0
6273,0.0,0.0,0.0,0.0
6274,0.0,0.0,0.0,0.0
6275,0.0,0.0,0.0,0.0
6276,0.0,0.0,0.0,0.0
6277,0.0,0.0,0.0,0.0
6278,0.0,0.0,0.0,0.0
6279,0.0,0.0,0.0,0.0
6280,0.0,0.0,0.0,0.0
6281,0.0,0.0,0.0,0.0
6282,0.0,0.0,0.0,0.0
6283,0.0,0.0,0.0,0.0
6284,0.0,0.0,0.0,0.0
6285,0.0,0.0,0.0,0.0
6286,0.0,0.0,0.0,0.0
6287,0.0,0.0,0.0,0.0
6288,0.0,0.0,0.0,0.0
6289,0.0,0.0,0.0,0.0
6290,0.0,0.0,0.0,0.0
6291,0.0,0.0,0.0,0.0
6292,0.0,0.0,0.0,0.0
6293,0.0,0.0,0.0,0.0
6294,0.0,0.0,0.0,0.0
6295,0.0,0.0,0.0,0.0
6296,0.0,0.0,0.0,0.0
6297,0.0,0.0,0.0,0.0
6298,0.0,0.0,0.0,0.0
6299,0.0,0.0,0.0,0.0
6300,0.0,0.0,0.0,0.0
6301,0.0,0.0,0.0,0.0
6302,0.0,0.0,0.0,0.0
6303,0.0,0.0,0.0,0.0
6304,0.0,0.0,0.0,0.0
6305,0.0,0.0,0.0,0.0
6306,0.0,0.0,0.0,0.0
6307,0.0,0.0,0.0,0.0
6308,0.0,0.0,0.0,0.0
6309,0.0,0.0,0.0,0.0
6310,0.0,0.0,0.0,0.0
6311,0.0,0.0,0.0,0.0
6312,0.0,0.0,0.0,0.0
6313,0.0,0.0,0.0,0.0
6314,0.0,0.0,0.0,0.0
6315,0.0,0.0,0.0,0.0
6316,0.0,0.0,0.0,0.0
6317,0.0,0.0,0.0,0.0
6318,0.0,0.0,0.0,0.0
6319,0.0,0.0,0.0,0.0
6320,0.0,0.0,0.0,0.0
6321,0.0,0.0,0.0,0.0
6322,0.0,0.0,0.0,0.0
6323,0.0,0.0,0.0,0.0
6324,0.0,0.0,0.0,0.0
6325,0.0,0.0,0.0,0.0
6326,0.0,0.0,0.0,0.0
6327,0.0,0.0,0.0,0.0
6328,0.0,0.0,0.0,0.0
6329,0.0,0.0,0.0,0.0
6330,0.0,0.0,0.0,0.0
6331,0.0,0.0,0.0,0.0
6332,0.0,0.0,0.0,0.0
6333,0.0,0.0,0.0,0.0
6334,0.0,0.0,0.0,0.0
6335,0.0,0.0,0.0,0.0
6336,0.0,0.0,0.0,0.0
6337,0.0,0.0,0.0,0.0
6338,0.0,0.0,0.0,0.0
6339,0.0,0.0,0.0,0.0
6340,0.0,0.0,0.0,0.0
6341,0.0,0.0,0.0,0.0
6342,0.0,0.0,0.0,0.0
6343,0.0,0.0,0.0,0.0
6344,0.0,0.0,0.0,0.0
6345,0.0,0.0,0.0,0.0
6346,0.0,0.0,0.0,0.0
6347,0.0,0.0,0.0,0.0
6348,0.0,0.0,0.0,0.0
6349,0.0,0.0,0.0,0.0
6350,0.0,0.0,0.0,0.0
6351,0.0,0.0,0.0,0.0
6352,0.0,0.0,0.0,0.0
6353,0.0,0.0,0.0,0.0
6354,0.0,0.0,0.0,0.0
6355,0.0,0.0,0.0,0.0
6356,0.0,0.0,0.0,0.0
6357,0.0,0.0,0.0,0.0
6358,0.0,0.0,0.0,0.0
6359,0.0,0.0,0.0,0.0
6360,0.0,0.0,0.0,0.0
6361,0.0,0.0,0.0,0.0
6362,0.0,0.0,0.0,0.0
6363,0.0,0.0,0.0,0.0
6364,0.0,0.0,0.0,0.0
6365,0.0,0.0,0.0,0.0
6366,0.0,0.0,0.0,0.0
6367,0.0,0.0,0.0,0.0
6368,0.0,0.0,0.0,0.0
6369,0.0,0.0,0.0,0.0
6370,0.0,0.0,0.0,0.0
6371,0.0,0.0,0.0,0.0
6372,0.0,0.0,0.0,0.0
6373,0.0,0.0,0.0,0.0
6374,0.0,0.0,0.0,0.0
6375,0.0,0.0,0.0,0.0
6376,0.0,0.0,0.0,0.0
6377,0.0,0.0,0.0,0.0
6378,0.0,0.0,0.0,0.0
6379,0.0,0.0,0.0,0.0
6380,0.0,0.0,0.0,0.0
6381,0.0,0.0,0.0,0.0
6382,0.0,0.0,0.0,0.0
6383,0.0,0.0,0.0,0.0
6384,0.0,0.0,0.0,0.0
6385,0.0,0.0,0.0,0.0
6386,0.0,0.0,0.0,0.0
6387,0.0,0.0,0.0,0.0
6388,0.0,0.0,0.0,0.0
6389,0.0,0.0,0.0,0.0
6390,0.0,0.0,0.0,0.0
6391,0.0,0.0,0.0,0.0
6392,0.0,0.0,0.0,0.0
6393,0.0,0.0,0.0,0.0
6394,0.0,0.0,0.0,0.0
6395,0.0,0.0,0.0,0.0
6396,0.0,0.0,0.0,0.0
6397,0.0,0.0,0.0,0.0
6398,0.0,0.0,0.0,0.0
6399,0.0,0.0,0.0,0.0
6400,0.0,0.0,0.0,0.0
6401,0.0,0.0,0.0,0.0
6402,0.0,0.0,0.0,0.0
6403,0.0,0.0,0.0,0.0
6404,0.0,0.0,0.0,0.0
6405,0.0,0.0,0.0,0.0
6406,0.0,0.0,0.0,0.0
6407,0.0,0.0,0.0,0.0
6408,0.0,0.0,0.0,0.0
6409,0.0,0.0,0.0,0.0
6410,0.0,0.0,0.0,0.0
6411,0.0,0.0,0.0,0.0
6412,0.0,0.0,0.0,0.0
6413,0.0,0.0,0.0,0.0
6414,0.0,0.0,0.0,0.0
6415,0.0,0.0,0.0,0.0
6416,0.0,0.0,0.0,0.0
6417,0.0,0.0,0.0,0.0
6418,0.0,0.0,0.0,0.0
6419,0.0,0.0,0.0,0.0
6420,0.0,0.0,0.0,0.0
6421,0.0,0.0,0.0,0.0
6422,0.0,0.0,0.0,0.0
6423,0.0,0.0,0.0,0.0
6424,0.0,0.0,0.0,0.0
6425,0.0,0.0,0.0,0.0
6426,0.0,0.0,0.0,0.0
6427,0.0,0.0,0.0,0.0
6428,0.0,0.0,0.0,0.0
6429,0.0,0.0,0.0,0.0
6430,0.0,0.0,0.0,0.0
6431,0.0,0.0,0.0,0.0
6432,0.0,0.0,0.0,0.0
6433,0.0,0.0,0.0,0.0
6434,0.0,0.0,0.0,0.0
6435,0.0,0.0,0.0,0.0
6436,0.0,0.0,0.0,0.0
6437,0.0,0.0,0.0,0.0
6438,0.0,0.0,0.0,0.0
6439,0.0,0.0,0.0,0.0
6440,0.0,0.0,0.0,0.0
6441,0.0,0.0,0.0,0.0
6442,0.0,0.0,0.0,0.0
6443,0.0,0.0,0.0,0.0
6444,0.0,0.0,0.0,0.0
6445,0.0,0.0,0.0,0.0
6446,0.0,0.0,0.0,0.0
6447,0.0,0.0,0.0,0.0
6448,0.0,0.0,0.0,0.0
6449,0.0,0.0,0.0,0.0
6450,0.0,0.0,0.0,0.0
6451,0.0,0.0,0.0,0.0
6452,0.0,0.0,0.0,0.0
6453,0.0,0.0,0.0,0.0
6454,0.0,0.0,0.0,0.0
6455,0.0,0.0,0.0,0.0
6456,0.0,0.0,0.0,0.0
6457,0.0,0.0,0.0,0.0
6458,0.0,0.0,0.0,0.0
6459,0.0,0.0,0.0,0.0
6460,0.0,0.0,0.0,0.0
6461,0.0,0.0,0.0,0.0
6462,0.0,0.0,0.0,0.0
6463,0.0,0.0,0.0,0.0
6464,0.0,0.0,0.0,0.0
6465,0.0,0.0,0.0,0.0
6466,0.0,0.0,0.0,0.0
6467,0.0,0.0,0.0,0.0
6468,0.0,0.0,0.0,0.0
6469,0.0,0.0,0.0,0.0
6470,0.0,0.0,0.0,0.0
6471,0.0,0.0,0.0,0.0
6472,0.0,0.0,0.0,0.0
6473,0.0,0.0,0.0,0.0
6474,0.0,0.0,0.0,0.0
